Canto, Estrofe e Verso;Versão 1;Versão 2
Canto 1, estrofe 1, verso 2;Que da Occidental praya Lusi-tana,;Que da Occidental praya Lusitana,
Canto 1, estrofe 1, verso 3;Por mares nunca de antes na-uegados,;Por mares, nunca de antes na-uegados,
Canto 1, estrofe 1, verso 6;Mais do que prometia a força humana.;Mais do que prometia a força humana:
Canto 1, estrofe 1, verso 7;E entre gente remota edificarão;Entre gente remota edificáram
Canto 1, estrofe 1, verso 8;Nouo Reino, que tanto sublimarão.;Nouo Reino, que tanto sublimáram.
Canto 1, estrofe 2, verso 2;Daquelles Reis, que forão dilatando;Daquelles Reis, que foram dilatando
Canto 1, estrofe 2, verso 4;De Affrica, & de Asia, andarão deuastando,;De Africa, & de Asia, andaram deuastãdo
Canto 1, estrofe 3, verso 2;As nauegações grandes que fizerão:;As nauegações grandes que fizeram:
Canto 1, estrofe 3, verso 3;Callese de Alexandro, & de Trajano,;Callese de Alexandro, & de Trajano
Canto 1, estrofe 3, verso 4;A fama das victorias que tiuerão,;A fama das victorias que tiueram,
Canto 1, estrofe 3, verso 6;A quem Neptuno, & Marte obedeçerão:;A quem Neptuno, & Marte obedecéram:
Canto 1, estrofe 4, verso 3;Se sempre em verso humilde, celebrado;Se sempre em verso humilde celebrado,
Canto 1, estrofe 4, verso 6;Hum estillo grandiloco, & corrente,;Hum estillo grandiloco, & corrente:
Canto 1, estrofe 4, verso 8;Que não tenhão enueja aas de Hypocrene.;Que nam tenham enueja ás de Hypocrene.
Canto 1, estrofe 5, verso 2;E não de agreste a vena, ou frauta ruda:;E nam de agreste a vena, ou frauta ruda:
Canto 1, estrofe 6, verso 5;Vos o nouo temor da Maura lança,;Vos ò nouo temor da Maura lança,
Canto 1, estrofe 6, verso 7;Dada ao mundo por Deos q̃ todo o mande,;Dada ao mundo por Deos que todo o mande,
Canto 1, estrofe 7, verso 4;Cesarea, ou Christianissima chamada:;Cesaria, ou Christianissima chamada:
Canto 1, estrofe 8, verso 3;Veo tambem no meio do Hemispherio,;Veo tambem no meyo do Hemispherio,
Canto 1, estrofe 9, verso 2;Que nesse tenrro gesto vos contemplo,;Que nesse tenro gesto vos contemplo,
Canto 1, estrofe 10, verso 1;Vereis amor da patria, não mouido;Vereis amor da patria, nam mouido
Canto 1, estrofe 10, verso 2;De premio vil: mas alto, & quasi eterno;De premio vil: mas alto, & quasi eterno,
Canto 1, estrofe 10, verso 3;Que nam he premio vil, ser conhecido;Que nam he premio vil ser conhecido,
Canto 1, estrofe 10, verso 4;Por hum pregão do ninho meu paterno.;Por hum pregam do ninho meu paterno.
Canto 1, estrofe 10, verso 6;Daquelles de quem sois senhor superno.;Daquelles de quem sois senhor superno:
Canto 1, estrofe 10, verso 7;E julgareis qual he mais excelente,;E julgareis qual he mais excellente,
Canto 1, estrofe 10, verso 8;Se ser do mundo Rei, se de tal gente:;Se ser do mundo Rei, se de tal gente.
Canto 1, estrofe 11, verso 1;Ouui, que não vereis com vãs façanhas;Ouui, que nam vereis com vãs façanhas,
Canto 1, estrofe 11, verso 4;Musas, de engrandecerse desejosas,;Musas, de engrandecerse desejosas:
Canto 1, estrofe 11, verso 7;Que excedem Rodamonte, & o vão Rugeiro,;Que excedem Rodamõte, & o vão Rugeiro,
Canto 1, estrofe 12, verso 4;A Citara parelles so cobiço:;A Citera parelles so cobiço:
Canto 1, estrofe 12, verso 5;Pois polos doze pares daruos quero,;Pois polos doze Pares daruos quero,
Canto 1, estrofe 12, verso 6;Os doze de Inglaterra, & o seu Magriço.;Os doze de Inglaterra, & o seu Magriço:
Canto 1, estrofe 12, verso 7;Douuos tambem aquelle illustre Gama,;Douuos tambem aquelle illustre Gama
Canto 1, estrofe 13, verso 2;Ou de Cesar, quereis igual memoria:;Ou de Cesar, quereis igual memoria,
Canto 1, estrofe 13, verso 6;Deixou, com a grande & prospera victoria.;Deixou, com a grande & prospera victoria:
Canto 1, estrofe 13, verso 7;Outro Ioane, invicto caualleiro,;Outro Ioanne, inuicto caualleiro,
Canto 1, estrofe 14, verso 3;Se fizerão por armas tam subidos,;Se fizeram por armas tam subidos,
Canto 1, estrofe 14, verso 6;Almeidas, por quem sempre o Tejo chora.;Almeidas, por quem sempre o Tejo chora:
Canto 1, estrofe 15, verso 8;De Affrica as terras, & do Oriente os mares.;De Africa as terras, & do Oriẽte os mares.
Canto 1, estrofe 16, verso 1;Em vos os olhos tem o Mouro frio,;Em vòs os olhos tem o Mouro frio,
Canto 1, estrofe 16, verso 4;Mostra o pescoço ao jugo ja inclinado:;Mostra o pescoço ao jugo ja inclinado,
Canto 1, estrofe 16, verso 6;Tem pera vos por dote aparelhado:;Tem pera vòs por dote aparelhado:
Canto 1, estrofe 17, verso 1;Em vos se vem da Olimpica morada,;Em vôs se vem da Olimpica morada,
Canto 1, estrofe 17, verso 2;Dos dous auôs, as almas ca famosas,;Dos dous auòs, as almas ca famosas,
Canto 1, estrofe 17, verso 5;Em vos esperão, verse renouada;Em vòs esperam, verse renouada
Canto 1, estrofe 18, verso 2;De regerdes os pouos, que o desejão:;De regerdes os pouos, que o desejam:
Canto 1, estrofe 18, verso 4;Pera que estes meus versos vossos sejão:;Pera que estes meus versos vossos sejam:
Canto 1, estrofe 18, verso 6;Os vossos Argonautas, porque vejão,;Os vossos Argonautas, porque vejam,
Canto 1, estrofe 19, verso 1;Ia no largo Occeano nauegauão,;Ia no largo Occeano nauegauam,
Canto 1, estrofe 19, verso 3;Os ventos brandamente respirauão,;Os ventos brandamente respirauam,
Canto 1, estrofe 19, verso 6;Cubertos, onde as proas vão cortando.;Cubertos, onde as proas vam cortando,
Canto 1, estrofe 19, verso 8;Que do gado de Proteo sam cortadas.;Que do gado de Proteo sam cortadas:
Canto 1, estrofe 20, verso 2;Onde o governo està, da humana gente;Onde o gouerno està da humana gente,
Canto 1, estrofe 20, verso 3;Se ajuntão em consilio glorioso,;Se ajuntam em consilio glorioso,
Canto 1, estrofe 20, verso 6;Vem pela via Lactea, juntamente;Vem pela via Lactea, juntamente,
Canto 1, estrofe 21, verso 1;Deixão dos sete Ceos o regimento,;Deixam dos sete Ceos o regimento,
Canto 1, estrofe 21, verso 2;Que do poder mais alto lhe foi dado,;Que do poder mais alto lhe foy dado,
Canto 1, estrofe 21, verso 5;Ali se acharão juntos num momento,;Ali se acháram juntos num momento,
Canto 1, estrofe 21, verso 6;Os que habitão o Arcturo congelado.;Os que habitam o Arcturo congelado.
Canto 1, estrofe 23, verso 1;Em luzentes assentos, marchetados;Em luzentes assentos marchetados
Canto 1, estrofe 23, verso 4;Como a Razão, & a Ordem concertauão.;Como a Razam, & a Ordem concertauam:
Canto 1, estrofe 23, verso 5;Precedem os antiguos mais honrrados,;Precedem os antigos mais honrados,
Canto 1, estrofe 23, verso 6;Mais abaixo os menores se assentauão:;Mais abaixo os menores se assentauam:
Canto 1, estrofe 23, verso 7;Quando Iupiter alto assy dizendo,;Quando Iupiter alto assi dizendo,
Canto 1, estrofe 23, verso 8;Cum tom de voz começa, graue & horrendo.;Cum tom de voz começa, graue & horendo.
Canto 1, estrofe 24, verso 2;Estelifero polo & claro assento,;Estelifero polo, & claro assento,
Canto 1, estrofe 24, verso 4;De Luso, não perdeis o pensamento,;Do Luso, nam perdeis o pensamento,
Canto 1, estrofe 24, verso 6;Como he dos fados grandes certo intento;Como he dos fados grandes, certo intento,
Canto 1, estrofe 24, verso 7;Que por ella sesqueção os humanos,;Que por ella sesqueçam os humanos,
Canto 1, estrofe 25, verso 2;Cum poder tam singelo & tam pequeno;Cum poder tam singelo, & tam pequeno,
Canto 1, estrofe 25, verso 5;Pois contra o Castelhano tam temido;Pois contra o Castelhano tam temido,
Canto 1, estrofe 25, verso 7;Assi que sempre em fim com fama & gloria,;Assi que sempre em fim com fama & gloria
Canto 1, estrofe 26, verso 1;Deixo Deoses atras a fama antigua,;Deixo Deoses atras a fama antiga,
Canto 1, estrofe 26, verso 2;Que co a gente de Romulo alcançarão,;Que co a gente de Romulo alcançáram,
Canto 1, estrofe 26, verso 4;Guerra Romana tanto se affamarão.;Guerra Romana tanto se affamáram.
Canto 1, estrofe 26, verso 5;Tambem deixo a memoria, que os obriga;Tambem deixo a memoria que os obriga
Canto 1, estrofe 26, verso 6;A grande nome, quando aleuantarão;A grande nome, quando aleuantáram
Canto 1, estrofe 26, verso 7;Hum, por seu capitão, que peregrino;Hum por seu capitam, que peregrino
Canto 1, estrofe 27, verso 3;Por vias nunca vsadas, não temendo;Por vias nunca vsadas, nam temendo
Canto 1, estrofe 27, verso 4;De Affrico & Noto a força a mais satreue:;De Africo & Noto a força a mais satreue:
Canto 1, estrofe 27, verso 7;Inclinão seu proposito, & perfia;Inclinam seu proposito, & perfia
Canto 1, estrofe 27, verso 8;A ver os berços, onde nasce o dia;A ver os berços, onde nasce o dia.
Canto 1, estrofe 28, verso 3;Que tenhão longos tempos o gouerno;Que tenham longos tempos o gouerno
Canto 1, estrofe 28, verso 4;Do mar, que vé do Sol a roxa entrada:;Do mar, que vè do Sol a roxa entrada:
Canto 1, estrofe 29, verso 3;Tantos Climas & Ceos experimentados,;Tantos climas, & ceos experimentados,
Canto 1, estrofe 29, verso 6;Nesta costa Affricana como amigos.;Nesta costa Africana, como amigos.
Canto 1, estrofe 29, verso 8;Tornarão a seguir sua longa rata:;Começáram a seguir sua longa rota.
Canto 1, estrofe 30, verso 2;Quando os Deoses por ordem respondendo,;Quando os Deoses per ordem respondendo,
Canto 1, estrofe 30, verso 7;Que esquecerão seus feitos no Oriente,;Que esqueceram seus feitos no Oriente,
Canto 1, estrofe 31, verso 2;Hũa gente fortissimo de Hespanha,;Hũa gente fortissima de Hespanha
Canto 1, estrofe 31, verso 4;Da India, tudo quanto Doris banha:;Da India, tudo quanto Doris banha,
Canto 1, estrofe 31, verso 5;E com nouas victorias venceria,;E com nouas victorias venceria
Canto 1, estrofe 32, verso 4;De quantos bebem a agoa de Parnaso.;De quantos bebem a agoa de Parnaso:
Canto 1, estrofe 32, verso 5;Teme agora que seja sepultado,;Teme agora que seja sepultado
Canto 1, estrofe 32, verso 7;Dagoa do esquecimento, se la chegão;Dagoa do esquecimento, se la chegam
Canto 1, estrofe 32, verso 8;Os fortes Portugueses, que nauegão,;Os fortes Portugueses, que nauegam.
Canto 1, estrofe 33, verso 1;Sustentaua contra elle Venus bella;Sustentaua contra elle Venus bella,
Canto 1, estrofe 33, verso 6;Que mostràrão na terra Tingitana:;Que mostráram na terra Tingitana:
Canto 1, estrofe 33, verso 8;Com pouca corrupção cre que he a Latina.;Com pouca corrupçam cre que he a Latina.
Canto 1, estrofe 34, verso 1;Estas causas mouião Cyterea,;Estas causas mouiam Cyterea,
Canto 1, estrofe 34, verso 5;Assi que hum pela infamia que arrecea,;Assi que hum pela infamia que arrecea
Canto 1, estrofe 34, verso 6;E o outro polas honras que pretende,;E o outro pelas honras que pretende,
Canto 1, estrofe 34, verso 8;A qualquer seus amigos fauorecem:;A qualquer seus amigos fauorecem.
Canto 1, estrofe 35, verso 4;Com impito & braueza desmedida.;Com impito & braueza desmedida:
Canto 1, estrofe 35, verso 6;Rompense as folhas, ferue a serra erguida.;Rompense as folhas, ferue a serra erguida,
Canto 1, estrofe 35, verso 8;Entre os Deoses no Olimpo consagrado.;Entre os Deoses no Olimpo consagrado,
Canto 1, estrofe 36, verso 1;Mas Marte que da Deosa sustentaua,;Mas Marte que da Deosa sustentaua
Canto 1, estrofe 36, verso 3;Ou porque o amor antiguo o obrigaua,;Ou porque o amor antigo o obrigaua,
Canto 1, estrofe 36, verso 8;Deitando pera tràs medonho & irado.;Deitando pera tras medonho, & yrado.
Canto 1, estrofe 38, verso 1;E disse assi, ò padre a cujo imperio,;E disse assi, ò Padre a cujo imperio,
Canto 1, estrofe 38, verso 5;Não queres que padeção vituperio,;Nam queiras que padeçam vituperio,
Canto 1, estrofe 38, verso 6;Como ha ja tanto tempo que ordenaste;Como ha ja tanto tempo que ordenaste.
Canto 1, estrofe 38, verso 7;Não ouças mais, pois es juyz direito,;Nam ouças mais, pois es juiz direito,
Canto 1, estrofe 39, verso 1;Que se aqui a razão se não mostrasse;Que se aqui a razam se nam mostrasse,
Canto 1, estrofe 39, verso 5;Mas esta tenção sua, agora passe,;Mas esta tençam sua, agora passe,
Canto 1, estrofe 39, verso 8;O bem que outrem mereçe, & o ceo deseja.;O bem que outrem merece, & o ceo deseja.
Canto 1, estrofe 40, verso 1;E tu padre de grande fortaleza,;E tu Padre de grande fortaleza,
Canto 1, estrofe 40, verso 3;Nam tornes por detras pois he fraqueza;Nam tornes por detras, pois he fraqueza
Canto 1, estrofe 42, verso 2;Casa Eterea do Olimpo omnipotente;Casa Eterea do Olimpo omnipotente,
Canto 1, estrofe 42, verso 8;Co temor grande em pexes conuerteô.;Co temor grande em peixes conuerteo.
Canto 1, estrofe 43, verso 1;Tam brandamente os ventos os leuauão,;Tam brandamente os ventos os leuauam,
Canto 1, estrofe 43, verso 3;Sereno o ar, & os tempos se mostrauão;Sereno o ar, & os tempos se mostrauam
Canto 1, estrofe 43, verso 4;Sem nuuẽs, sem receio de perigo:;Sem nuuẽs, sem receyo de perigo:
Canto 1, estrofe 43, verso 5;O promontorio prasso ja passauão;O promontorio prasso ja passauam,
Canto 1, estrofe 43, verso 6;Na costa de Ethiopia, nome antiguo.;Na costa de Ethiopia, nome antigo:
Canto 1, estrofe 44, verso 1;Vasco da gama, o forte Capitão,;Vasco da Gama, o forte Capitão,
Canto 1, estrofe 44, verso 3;De soberbo, & de altiuo coração,;De soberbo, & de altiuo coraçam,
Canto 1, estrofe 44, verso 4;A quem fortuna sempre fauorece;A quem fortuna sempre fauorece,
Canto 1, estrofe 44, verso 5;Pera se aqui deter, não ve razão,;Pera se aqui deter nam ve razam,
Canto 1, estrofe 44, verso 8;Mas nam lhe soccedeo como cuydaua.;Mas nam lhe soccedeo como cuidaua.
Canto 1, estrofe 45, verso 6;Não sabe mais que olhar a causa della.;Nam sabe mais que olhar a causa della:
Canto 1, estrofe 45, verso 7;Que gente sera esta, em si dezião,;Que gente sera esta, em si deziam,
Canto 1, estrofe 45, verso 8;Que costumes, que ley, que Rei terião?;Que costumes, que ley, que Rei teriam?
Canto 1, estrofe 46, verso 1;As embarcações erão, na maneira;As embarcações eram, na maneira
Canto 1, estrofe 46, verso 3;As vellas com que vem erão de esteira,;As vellas com que vem eram de esteira,
Canto 1, estrofe 46, verso 7;Ao mundo deu, de ousado, & não prudente,;Ao mundo deu, de ousado, & nam prudente,
Canto 1, estrofe 47, verso 1;De panos de algodão vinhão vestidos,;De panos de algodam vinham vestidos,
Canto 1, estrofe 47, verso 4;Outros em modo ayroso sobraçados,;Outros em modo ayroso sobraçados:
Canto 1, estrofe 47, verso 5;Das cintas pera cima vem despidos:;Da cinta pera cima vem despidos,
Canto 1, estrofe 47, verso 6;Por armas tem adagas, & tarçados.;Por armas tem adagas & tarçados:
Canto 1, estrofe 48, verso 1;Cos panos, & cos braços açenauão,;Cos panos, & cos braços acenauam,
Canto 1, estrofe 48, verso 3;Mas ja as proas ligeiras, se inclinauão,;Mas ja as proas ligeiras se inclinauam
Canto 1, estrofe 48, verso 5;A gente, & marinheiros trabalhauão,;A gente, & marinheiros trabalhauam,
Canto 1, estrofe 49, verso 1;Não erão ancorados, quando a gente;Nam erão ancorados, quando a gente
Canto 1, estrofe 49, verso 2;Estranha, polas cordas ja subia,;Estranha, polas cordas ja sobia,
Canto 1, estrofe 49, verso 8;Os de Phaeton queimados nada engeitão.;Os de Phaetom queimados nada engeitam.
Canto 1, estrofe 50, verso 1;Comendo alegremente perguntauão,;Comendo alegremente perguntauam,
Canto 1, estrofe 50, verso 2;Pela Arabica lingoa, donde vinhão,;Pela Arabica lingoa, donde vinham,
Canto 1, estrofe 50, verso 3;Quem erão, de que terra, que buscauão,;Quem eram, de que terra, que buscauão,
Canto 1, estrofe 50, verso 4;Ou que partes do mar corrido tinhão?;Ou que partes do mar corrido tinham?
Canto 1, estrofe 50, verso 5;Os fortes Lusitanos lhe tornauão,;Os fortes Lusitanos lhe tornauam,
Canto 1, estrofe 50, verso 6;As discretas repostas que conuinhão.;As discretas repostas que conuinham:
Canto 1, estrofe 50, verso 8;Himos buscando as terras do Oriente.;Himos buscando as terras do Oriente:
Canto 1, estrofe 51, verso 3;Toda a costa Affricana rodeado,;Toda a costa Africana rodeado,
Canto 1, estrofe 52, verso 5;Mas ja razão parece que saibamos,;Mas ja razam parece que saibamos,
Canto 1, estrofe 52, verso 6;Se entre vos a verdade não se nega.;Se entre vòs a verdade nam se nega:
Canto 1, estrofe 52, verso 7;Quem sois, que terra he esta que abitais?;Quem sois, que terra he esta que habitais?
Canto 1, estrofe 53, verso 1;Somos, hum dos das Ilhas lhe tornou,;Somos, hum dos das Ilhas, lhe tornou,
Canto 1, estrofe 53, verso 5;Nos temos a Lei certa que insinou,;Nos temos a Lei certa que ensinou,
Canto 1, estrofe 55, verso 5;Tambem será bemfeito que tenhais,;Tambem sera bem feito que tenhais,
Canto 1, estrofe 56, verso 6;Co carro de Christal, o claro dia:;Co carro de Christal, o claro dia.
Canto 1, estrofe 57, verso 3;Por acharem da terra tão remota,;Por acharem da terra tam remota,
Canto 1, estrofe 57, verso 5;Qualquer então consigo cuyda, & nota;Qualquer entam consigo cuyda, & nota
Canto 1, estrofe 57, verso 7;E como os que na errada Seita crêrão;E como os que na errada Seita crèrão,
Canto 1, estrofe 57, verso 8;Tanto por todo o mundo se estendêrão.;Tanto por todo o mundo se estendèram.
Canto 1, estrofe 59, verso 6;E de todos alegres se adornou:;E de toldos alegres se adornou:
Canto 1, estrofe 60, verso 5;Que os apousentos Caspios habitando,;Que os apousentos Caspios habitando.
Canto 1, estrofe 60, verso 8;O Imperio tomarão a Costantino.;O Imperio tomáram a Costantino.
Canto 1, estrofe 61, verso 6;Não vsado licor que dâ alegria.;Nam vsado licor que dá alegria.
Canto 1, estrofe 62, verso 4;E a lingoagem tam barbara & enleada.;E a lingoagem tam barbara, & enleada.
Canto 1, estrofe 62, verso 5;Tambem o Mouro astuto està confuso,;Tambem o Mouro astuto está confuso,
Canto 1, estrofe 62, verso 8;Se porventura vinhão de Turquia.;Se porventura vinham de Turquia.
Canto 1, estrofe 63, verso 2;Os liuros de sua ley, preceito, ou fê,;Os liuros de sua ley, preceito, ou fè,
Canto 1, estrofe 63, verso 6;Ao Capitão pedia, que lhe dê,;Ao Capitão pedia, que lhe dè,
Canto 1, estrofe 64, verso 1;Responde o valeroso Capitão,;Respondeo ô valeroso Capitão,
Canto 1, estrofe 64, verso 2;Por hum que a lingoa escura bem sabia.;Por hum que a lingoa escura bem sabia:
Canto 1, estrofe 65, verso 8;Por subir os mortais da terra ao ceo.;Por sobir os mortais da terra ao ceo.
Canto 1, estrofe 66, verso 2;Os Liuros que tu pedes, nam trazia,;Os liuros que tu pedes nam trazia,
Canto 1, estrofe 67, verso 8;Partasanas agudas, chuças brauas.;Partasanas agudas, chuças brauas,
Canto 1, estrofe 68, verso 2;As panellas sulfureas, tam danosas,;As panellas sulfuneas, tam danosas,
Canto 1, estrofe 69, verso 4;Hũa vontade mà de pensamento.;Hũa vontade má de pensamento.
Canto 1, estrofe 69, verso 7;Tratalos brandamente determina,;Tratallos brandamente determina,
Canto 1, estrofe 70, verso 6;De peito venenoso, & tão danado:;De peito venenoso, & tam danado:
Canto 1, estrofe 71, verso 5;Os segredos daquella Eternidade;Os segredos daquella Eternidade,
Canto 1, estrofe 71, verso 6;A quem juyzo algum não alcançou.;A quem juyzo algum nam alcançou.
Canto 1, estrofe 72, verso 5;Cortarão os bateis a curta via;Cortàram os bateis a curta via
Canto 1, estrofe 72, verso 8;Se foy o Mouro ao cognito apousento:;Se foy o Mouro ao cognito aposento.
Canto 1, estrofe 73, verso 1;Do claro assento Etereo, o grão Tebano,;Do claro assento Etereo, o gram Tebano,
Canto 1, estrofe 73, verso 2;Que da paternal coxa foy nascido;Que da paternal coxa foy nascido,
Canto 1, estrofe 74, verso 3;Ajão os Portugueses alcançado,;Ajam os Portugueses alcansado,
Canto 1, estrofe 75, verso 4;Debaixo do seu jugo, o fero Marte:;Debaixo de seu jugo, o fero Marte:
Canto 1, estrofe 78, verso 6;Correndo a fama veio, que roubadas,;Correndo a fama veio, que roubadas
Canto 1, estrofe 78, verso 7;Forão por estes homẽs que passauão,;Forão por estes homẽs que passauam,
Canto 1, estrofe 78, verso 8;Que com pactos de paz sempre ancorauão.;Que com pactos de paz sempre ancorauam.
Canto 1, estrofe 79, verso 6;Contra nos, & que todos seus intentos;Contra nòs, & que todos seus intentos
Canto 1, estrofe 80, verso 3;O Capitão dos seus acomponhado,;O Capitão dos seus acompanhado,
Canto 1, estrofe 80, verso 6;Esperallo em cilada, occulto & quedo:;Esperallo em cilado, occulto & quedo:
Canto 1, estrofe 81, verso 1;E se inda não ficarem deste geito,;E se inda nam ficarem deste geito,
Canto 1, estrofe 81, verso 7;Que os leue aonde sejão destruydos,;Que os leue aonde sejam destruydos,
Canto 1, estrofe 81, verso 8;Desbaratados mortos, ou perdidos.;Desbaratados, mortos, ou perdidos.
Canto 1, estrofe 82, verso 2;O Mouro nos tais casos, sabio & velho;O Mouro nos taes casos, sabio & velho
Canto 1, estrofe 83, verso 3;Sagaz, astuto, & sabio em todo o dano;Sagaz, astuto, & sabio em todo dano,
Canto 1, estrofe 83, verso 5;Diz lhe que acompanhando o Lusitano,;Dizlhe que acompanhando o Lusitano,
Canto 1, estrofe 84, verso 3;Quando Gama cos seus determinaua,;Quando Gama cos seus determinau
Canto 1, estrofe 85, verso 4;Caso do que cuydaua muy contrario:;Caso do que cuidaua muy contrario:
Canto 1, estrofe 85, verso 6;Quem se cre de seu perfido aduersario,;Quem se crè de seu perfido aduersario,
Canto 1, estrofe 86, verso 7;E porque o caso leue se lhe faça,;E porque o caso leue selhe faça,
Canto 1, estrofe 88, verso 3;O Touro busca, & pondo se diante,;O Touro busca, & pondose diante,
Canto 1, estrofe 88, verso 5;Mas o animal atroçe nesse instante,;Mas o animal atroce nesse instante,
Canto 1, estrofe 89, verso 1;Eis nos bateis o fogo se leuanta,;Eis nos bateis fogo se leuanta,
Canto 1, estrofe 89, verso 3;A plumbea pela mata, o brado espanta:;A plumbea pela mata, o brado espanta.
Canto 1, estrofe 90, verso 3;A pouoação sem muro, & sem defesa,;A pouoaçam sem muro, & sem defesa,
Canto 1, estrofe 90, verso 8;O velho inerte, & a mãy que o filho cria.;O velho Inerte, & a mãy que o filho cria.
Canto 1, estrofe 92, verso 1;Hũs vão nas almádias carregadas,;Hũs vão nas almàdias carregadas,
Canto 1, estrofe 93, verso 1;Tornão victoriosos pera a armada,;Tornam victoriosos pera a armada,
Canto 1, estrofe 93, verso 4;Sem achar resistencia, nem defesa;Sem achar resistencia, nem defesa,
Canto 1, estrofe 94, verso 6;Que toda a mà tenção no peito encerra.;Que toda a má tençam no peito encerra.
Canto 1, estrofe 95, verso 1;O Capitão, que ja lhe entam conuinha,;O Capitam, que ja lhe entam conuinha,
Canto 1, estrofe 95, verso 7;E respondendo ao mensageiro, a tento;E respondendo ao mensageiro, atento
Canto 1, estrofe 96, verso 3;Das filhas de Nerêo acompanhada,;Das filhas de Nerèo acompanhada,
Canto 1, estrofe 96, verso 5;O Capitão, que não cahia em nada,;O Capitam, que nam cahia em nada,
Canto 1, estrofe 96, verso 8;Da India toda, & costas que passaua:;Da India toda, & costas que passaua.
Canto 1, estrofe 97, verso 2;Que o maléuolo Baco lhe ensinára;Que o maléuolo Baco lhe ensinàra
Canto 1, estrofe 97, verso 5;Dando razão dos portos Indianos,;Dando razam dos portos Indianos,
Canto 1, estrofe 97, verso 6;Tambem tudo o que pede lhe declara.;Tambem tudo o que pede lhe declara:
Canto 1, estrofe 98, verso 1;E diz lhe mais co falso pensamento,;E dizlhe mais co falso pensamento,
Canto 1, estrofe 100, verso 1;Pera là se inclinaua a leda frota:;Pera lá se inclinaua a leda frota:
Canto 1, estrofe 100, verso 5;Não consente que em terra tão remota;Nam consente que em terra tam remota
Canto 1, estrofe 101, verso 2;Tal determinação leuar auante,;Tal determinaçam leuar a vante,
Canto 1, estrofe 101, verso 8;Erão Christãos com Mouros juntamente.;Eram Christãos com Mouros juntamente.
Canto 1, estrofe 102, verso 3;Que aqui gente de Christo não auia:;Que aqui gente de Christo nam auia:
Canto 1, estrofe 102, verso 5;O Capitão que em tudo o mouro cria,;O Capitam que em tudo o Mouro cria,
Canto 1, estrofe 103, verso 1;Estaua a Ilha aa terra tam chegada,;Estaua a Ilha aà terra tam chegada,
Canto 1, estrofe 104, verso 1;E sendo a ella o Capitão chegado,;E sendo a ella o Capitam chegado,
Canto 1, estrofe 105, verso 3;Que os pensamentos erão de inimigos,;Que os pensamentos eram de inimigos,
Canto 1, estrofe 105, verso 6;O caminho de vida nunca certo:;O caminho de vida nunca certo.
Canto 1, estrofe 106, verso 7;Que não se arme, & se indigne o Ceo sereno.;Que não se arme, & se indigne o ceo sereno,
Canto 2, estrofe 1, verso 4;A luz Celeste aas gentes encobrindo:;A luz celeste aa gentes encobrindo:
Canto 2, estrofe 1, verso 6;Lhe estaua o Deos Nocturno a porta abrĩdo:;Lhe estaua o Deos Nocturno a porta abrĩdo
Canto 2, estrofe 1, verso 7;Quando as infidas gentes se chegárão;Quando as fingidas gentes se chegárão
Canto 2, estrofe 2, verso 3;Capitão valeroso, que cortado;Capitam valeroso, que cortado
Canto 2, estrofe 2, verso 5;O Rei que manda esta Ilha, aluoraçado;O Rei que manda esta Ilha aluoroçado
Canto 2, estrofe 3, verso 8;Que a natureza obriga a desejala,;Que a natureza obriga a desejala.
Canto 2, estrofe 4, verso 6;O Rubî fino, o rigido Diamante:;O Rubî fino, o rigido diamante:
Canto 2, estrofe 4, verso 7;Daqui levaras tudo tam sobejo,;Daqui leuaras tudo tam sobejo,
Canto 2, estrofe 5, verso 1;Ao mensageiro o Capitão responde,;Ao mensageiro o Capitam responde,
Canto 2, estrofe 5, verso 2;As palavras do Rei agradecendo,;As palauras do Rei agradecendo,
Canto 2, estrofe 5, verso 4;Não entra pera dentro obedecendo,;Nam entra pera dentro obedecendo,
Canto 2, estrofe 5, verso 6;Va sem perigo, a frota não temendo,;Va sem perigo, a frota nam temendo,
Canto 2, estrofe 5, verso 8;Que a mais por tal senhor está obrigado.;Que a mais por tal senhor està obrigado.
Canto 2, estrofe 6, verso 1;Perguntalhe despois, se estão na terra;Perguntalhe despois, se estam na terra
Canto 2, estrofe 6, verso 3;O mensageiro astuto que não erra,;O mensageiro astuto que nam erra,
Canto 2, estrofe 6, verso 7;Por onde o Capitão seguramente,;Por onde o Capitam seguramente,
Canto 2, estrofe 7, verso 3;Porque podessem ser auenturados,;Porque podessem ser auenturados
Canto 2, estrofe 7, verso 8;Os que Christãos, que so tanto ver desejão.;Os que Christãos, que so tanto ver desejão:
Canto 2, estrofe 8, verso 2;Porque a boa vontade que mostraua,;Por que a boa vontade que mostraua,
Canto 2, estrofe 9, verso 1;E despois que ao Rei apresentàrão,;E despois que ao Rei apresentàram,
Canto 2, estrofe 9, verso 3;A Cidade correrão, & notàrão;A Cidade correram, & notàrão
Canto 2, estrofe 9, verso 4;Muita menos daquillo que querião,;Muito menos daquillo que querião,
Canto 2, estrofe 9, verso 5;Que os Mouros cautelosos se guardárão;Que os Mouros cautelosos se guardàram
Canto 2, estrofe 10, verso 1;Mas aquelle que sempre a mocidade;Mas aquelle que sempre a mocidade,
Canto 2, estrofe 10, verso 3;De duas mãis: que vrdia a falsidade,;De duas mãis: que urdia a falsidade,
Canto 2, estrofe 10, verso 6;Com rosto humano, & habito fingido;Com rosto humano, & habito fingido,
Canto 2, estrofe 11, verso 2;Do alto & Sancto spirito a pintura,;Do alto & Sancto Spirito a pintura,
Canto 2, estrofe 11, verso 4;Sobre a vnica Fenix virgem pura,;Sobre a vnica Fenix Virgem pura,
Canto 2, estrofe 11, verso 7;Como os que, so das lingoas que cayrão,;Com os que, so das lingoas que cayrão,
Canto 2, estrofe 12, verso 2;Onde com este engano Baco estaua;Onde com este engano Baco estaua,
Canto 2, estrofe 12, verso 4;Naquelle Deos, que o mundo gouernaua;Naquelle Deos, que o mando gouernaua
Canto 2, estrofe 12, verso 7;O Thioneû, & assi por derradeiro;O Thioneu, & assi por derradeiro
Canto 2, estrofe 12, verso 8;O falso Deos adora o verdadeiro.;O falso Deos adora o Verdadeiro.
Canto 2, estrofe 13, verso 1;Aqui forão denoite agasalhados,;Aqui foram denoite agasalhados,
Canto 2, estrofe 13, verso 2;Com todo o bom, & honesto tratamento;Com todo o bom,& honesto tratamento
Canto 2, estrofe 13, verso 5;Mas assi como os rayos espalhados,;Mas assi como os rayos espalhados
Canto 2, estrofe 13, verso 6;Do Sol forão no mundo, & num momento,;Do Sol foram no mundo, & num momento,
Canto 2, estrofe 14, verso 1;Tornão da terra os Mouros co recado;Tornam da terra os Mouros co recado,
Canto 2, estrofe 14, verso 3;Os dous que o Capitão tinha mandado,;Os dous que o Capitam tinha mandado,
Canto 2, estrofe 14, verso 4;A quem se o Rei mostrou sincêro amigo:;A quem se o Rei mostrou sincero o amigo:
Canto 2, estrofe 14, verso 6;De não auer receio de perigo.;De nam auer receyo de perigo.
Canto 2, estrofe 14, verso 8;Dentro no salso rio entrar queria.;Dentro no salso rio entrar queria
Canto 2, estrofe 15, verso 1;Dizem lhe os que mandou, que em terra vîrão,;Dizem lhe os que mandou, que em terra virão,
Canto 2, estrofe 15, verso 3;Que ali se agasalhàrão, & dormirão,;Que ali se agasalhárão, & dormirão,
Canto 2, estrofe 15, verso 5;E que no Rei, & gentes não sentirão;E que no Rei, & gentes nam sentirão
Canto 2, estrofe 15, verso 6;Senão contentamento, & gosto tanto:;Senam contentamento, & gosto tanto:
Canto 2, estrofe 15, verso 7;Que não podia certo auer sospeita,;Que nam podia certo auer sospeita
Canto 2, estrofe 15, verso 8;Nũa mostra tão clara, & tão perfeita.;Nũa mostra tam clara, & tam perfeita.
Canto 2, estrofe 16, verso 2;Alegremente os Mouros que subião,;Alegremente os Mouros que subiam,
Canto 2, estrofe 16, verso 4;De mostras que tão certas parecião:;De mostras que tão certas pareciam:
Canto 2, estrofe 16, verso 6;Dtixando a bordo os barcos que trazião:;Deixando a bordo os barcos que traziam:
Canto 2, estrofe 17, verso 1;Na terra cautamente aparelhauão,;Na terra cautamente aparelhauam,
Canto 2, estrofe 17, verso 3;Que no Rio os nauios ancorauão;Que no Rio os nauios ancorauam
Canto 2, estrofe 17, verso 4;Nelles ousadamente se subissem:;Nelles ousadamente se sobissem:
Canto 2, estrofe 17, verso 5;E nesta treição determinauão,;E nesta treiçam determinauam,
Canto 2, estrofe 17, verso 6;Que os de Luso de todo destruissem:;Que os Luso de todo destruissem:
Canto 2, estrofe 17, verso 8;O mal que em Moçambique tinhão feito.;O mal que em Moçambique tinham feito.
Canto 2, estrofe 18, verso 4;Inclinão pera a barra abalisada:;Inclinam per a a barra abalisada:
Canto 2, estrofe 18, verso 8;Voa do Ceo ao Mar como hũa seta.;Voa do ceo ao mar como hũa seta.
Canto 2, estrofe 19, verso 1;Conuoca as aluas filhas de Nerêo,;Conuoca as aluas filhas de Nerèo,
Canto 2, estrofe 19, verso 3;Que porque no salgado Mar nasceo,;Que porque no salgado mar nasceo,
Canto 2, estrofe 19, verso 5;E propondo lhe a causa a que deceo,;E propondolhe a causa a que deceo,
Canto 2, estrofe 19, verso 7;Pera estoruar que a armada não chegasse;Pera estoruar que a armada nam chegasse,
Canto 2, estrofe 20, verso 3;Cloto co peito corta, & atrauessa;Cloto co peito corta,& atrauessa
Canto 2, estrofe 20, verso 4;Com mais furor o Mar do que costuma.;Com mais furor o mar do que costuma.
Canto 2, estrofe 20, verso 5;Salta Nise, Nerine se arremessa,;Salta Nife, Nerine se arremessa,
Canto 2, estrofe 20, verso 6;Por cima da agoa crespa, em força suma:;Por cima da agoa crespa, em força suma.
Canto 2, estrofe 21, verso 3;Não sente quem a leua o doçe peso,;Nam sente quem a leua o doçe peso,
Canto 2, estrofe 21, verso 5;Ia chegão perto donde o vento teso,;la chegão perto donde o vento teso.
Canto 2, estrofe 22, verso 1;Poem se a Deosa com outras em dereito;Poemse a Deosa com outras em direito
Canto 2, estrofe 22, verso 3;O caminho da barra estão de geito,;O caminhu da barra estão de geito,
Canto 2, estrofe 23, verso 1;Quaes pera a coua as próuidas formigas,;Quaes pera a coua as pròuidas formigas,
Canto 2, estrofe 23, verso 3;As forças exercitão, de inimigas,;As forças exercitam, de inimigas,
Canto 2, estrofe 23, verso 4;Do inimigo Inuerno congelado:;Do inimigo lnuerno congelado:
Canto 2, estrofe 23, verso 6;Ali mostrão vigor nunca esperado.;Ali mostram vigor nunca esperado.
Canto 2, estrofe 24, verso 4;O leme a hum bordo, & a outro atrauessando;O leme a hũ bordo, & a outro atrauessando,
Canto 2, estrofe 24, verso 7;Os estaua hum maritimo penedo,;O estaua hum maritimo penedo,
Canto 2, estrofe 24, verso 8;Que de quebrarlhe a Nao lhe mete medo:;Que de quebrarlhe a Nao lhe mete medo.
Canto 2, estrofe 25, verso 3;O grande estrondo, a Maura gente espanta,;O grande estrondo a Maura gente espanta,
Canto 2, estrofe 25, verso 5;Nam sabem a razão de furia tanta,;Nam sabem a razam de furia tanta,
Canto 2, estrofe 25, verso 6;Nam sabem nesta pressa quem lhe valha,;Nam sabem nesta pressa quem lhe valha:
Canto 2, estrofe 26, verso 5;De hum bordo & doutro subito saltauão,;De hum bordo & doutro subito faltauão,
Canto 2, estrofe 27, verso 7;E acolhendo se ao couto que conhecem,;E acolhendose ao couto que conhecem,
Canto 2, estrofe 28, verso 2;Que ao perigo grande as naos guiâra,;Que ao perigo grande as naos guiàra,
Canto 2, estrofe 28, verso 3;Crendo que seu engano estauta noto,;Crendo que seu engano estaua noto,
Canto 2, estrofe 28, verso 6;Onde percão a vida doçe, & cara:;Onde perção a vida doçe, & cara:
Canto 2, estrofe 29, verso 2;Dos Mouros não cuidada, & juntamente,;Dos Mouros, não cuidada, & juntamente,
Canto 2, estrofe 29, verso 3;O Piloto fugir lhe com presteza,;O Piloto fogirlhe com presteza,
Canto 2, estrofe 29, verso 6;Dos ventos, ou das, agoas sem corrente,;Dos ventos, ou das agoas sem corrente,
Canto 2, estrofe 30, verso 1;O caso grande, estranho, & não cuydado,;O caso grande, estranho, &não cuydado,
Canto 2, estrofe 30, verso 2;O milagre clarissino, & euidente,;O milagre clarissimo, &euidente,
Canto 2, estrofe 30, verso 6;Liurarse sem perigo sabiamente.;Liuarse sem perigo sabiamente.
Canto 2, estrofe 30, verso 8;Não acuir aa fraca força humana?;Não acudir aa fraca força humana?
Canto 2, estrofe 31, verso 2;Destes portos, a pouca segurança,;Destes portos a pouca segurança,
Canto 2, estrofe 31, verso 4;Que era enganada a nossa confiança;Que era enganada a nossa confiança:
Canto 2, estrofe 31, verso 6;Enganos tam fingidos nam alcança:;Enganos tão fingidos não alcança:
Canto 2, estrofe 31, verso 8;De quem sem ti nam pôde ser guardado.;De quem sem ti não pòde ser guardado.
Canto 2, estrofe 32, verso 6;Conduzirnos ja agora determina,;Conduzirmos ja agora determina,
Canto 2, estrofe 33, verso 6;Ia na terceyra Esphera recebida;Ia na terceyra Esphera recebida:
Canto 2, estrofe 33, verso 7;Auante possa, & la no sexto Ceo;Auante passa, & la no sexto ceo,
Canto 2, estrofe 34, verso 1;E como hia afrontada do caminho;E como hia afrontada do caminho,
Canto 2, estrofe 34, verso 2;Tão fermosa no gesto se mostraua,;Tam fermosa no gesto se mostraua,
Canto 2, estrofe 34, verso 3;Queas Estrellas, & o Ceo, & o Ar vizinho,;Que as Estrellas, & o Ceo, & o Ar vizinho
Canto 2, estrofe 35, verso 3;Se lhapresenta assi como ao Troyano,;Se lhapresenta assim como ao Troyano,
Canto 2, estrofe 35, verso 4;Na selua Idea ja se apresentàra:;Na selua Ide a ja se apresentàra:
Canto 2, estrofe 35, verso 8;Que primeiro desejos o acabárão.;Que primeiro desejos o acabàrão.
Canto 2, estrofe 36, verso 1;Os crespos fios douro se esparzião;Os crespos fios douro se esparziam
Canto 2, estrofe 36, verso 3;Andando as lacteas tetas lhe tremião,;Andando as lacteas tetas lhe tremiam,
Canto 2, estrofe 36, verso 4;Com quem Amor brincaua, & não se via.;Com quem Amor brincaua, & nam se via.
Canto 2, estrofe 36, verso 5;Da alua petrina flamas lhe saião,;Da alua petrina flmas lhe saiam,
Canto 2, estrofe 36, verso 6;Onde o minino as almas acendia.;Onde o Minino as almas acendia.
Canto 2, estrofe 37, verso 4;O veo dos roxos lirios pouco auaro:;O véu dos roxos lirios pouco auaro:
Canto 2, estrofe 37, verso 5;Mas pera que o desejo acenda, & dobre,;Mas pera que o desejo acenda,& dobre,
Canto 2, estrofe 37, verso 7;Ia se sentem no Ceo, por toda a parte,;Ia se sentem no ceo, por toda a parte,
Canto 2, estrofe 37, verso 8;Ciumes em Vulcano, Amor em Marte:;Ciumes em Vulcano, Amor em Marte,
Canto 2, estrofe 38, verso 1;E mostrando no angelico sembrante,;E mostrando no angelico sembante,
Canto 2, estrofe 38, verso 2;Co riso hũa trifteza misturada,;Co riso hũa tristeza misturada,
Canto 2, estrofe 38, verso 3;Como dama que foi do incauto amante,;Como dama que foi do incautp amante,
Canto 2, estrofe 38, verso 5;Que se aqueixa, & se ri, num mesmo instãte,;Que se aqueixa, & se ri, nũ mesmo instãte,
Canto 2, estrofe 39, verso 1;Sempre eu cuidey, ô Padre poderoso,;Sempre eu cuidey, ò Padre poderoso,
Canto 2, estrofe 39, verso 3;Te achasse brando, affabil, & amoroso,;Te achasse brando, affabil, & amoroso.
Canto 2, estrofe 39, verso 6;Sem que to merecesse, nem te errasse:;Sem que to merecesse, nem te errasse.
Canto 2, estrofe 40, verso 7;Ora pois por que o amo he mal tratado,;Ora pois porque o amo he mal tratado,
Canto 2, estrofe 40, verso 8;Quero lhe querer mal, sera guardado.;Querolhe querer mal, fera guardado.
Canto 2, estrofe 41, verso 1;Mas moura em fim nas mãos das brutas gentes,;Mas moura em fim nas mãos das rutas gentes,
Canto 2, estrofe 41, verso 2;Que pois eu fuy: & nisto de mimosa;Que pois eu fuy: & misto mimosa
Canto 2, estrofe 41, verso 4;Como co orualho fica a fresca rosa.;Como co orualho fica a fresca rosa
Canto 2, estrofe 41, verso 6;Lhe impedîra a falla piedosa.;Lhe impedîra a falla piadosa.
Canto 2, estrofe 41, verso 8;Llhe atalha o poderoso, & grão Tonante.;Lhe atalha poderoso, & gram Tonante.
Canto 2, estrofe 42, verso 2;Que mouerão de hum Tigre o peito duro,;Que moueram de hum Tigre o peito duro,
Canto 2, estrofe 42, verso 6;Na façe a beija, & abraça o colo puro.;Na façe a beija, & abraça o colo puro:
Canto 2, estrofe 42, verso 7;De modo que dali, se so se achára,;De modo que dali, se só se achàra,
Canto 2, estrofe 42, verso 8;Outro nouo Cupido se gerára.;Outro nouo Cupido se geràra.
Canto 2, estrofe 43, verso 2;Que os saluços, & lagrimas aumenta,;Que os saluçõs, & lagrimas aumenta,
Canto 2, estrofe 43, verso 8;Desta maneira em fim lhe està dizendo.;Desta maneira em fim lhe está dizendo.
Canto 2, estrofe 44, verso 1;Fermosa filha minha não temais;Fermosa filha minha, nam temais
Canto 2, estrofe 45, verso 1;Que se o facundo Vlisses escapou,;Que se o facundo Vlysses escapou,
Canto 2, estrofe 45, verso 2;De ser na Ogigia llha, eterno escrauo:;De ser na Ogigi Ilha, eterno escrauo:
Canto 2, estrofe 45, verso 6;De Scila, & de Caribdis o Mar brauo.;De Scila, & de Caribdis o mar brauo
Canto 2, estrofe 45, verso 7;Os vossos môres cousas atentando,;Os vossos mòres cousas atentando,
Canto 2, estrofe 46, verso 1;Fortalezas, Cidades, & altos muros,;Fortalezas, cidades, & altos muros,
Canto 2, estrofe 46, verso 3;Os Turcos belacissimos & duros,;Os Turcos belacissimos e duros,
Canto 2, estrofe 46, verso 8;Serão dadas na terra leis milhores.;Seram dadas na terra leis milhores.
Canto 2, estrofe 47, verso 5;O caso nunca visto, & milagroso;O caso nunca visto, & milagroso,
Canto 2, estrofe 47, verso 6;Que trema, & ferua o Mar em calma estãdo?;Que trema, & ferua o Mar em calma estãdo
Canto 2, estrofe 48, verso 1;Vereis a terra que a agoa lhe tolhia,;Vereis a terra que a agoa lhe a tolhia,
Canto 2, estrofe 48, verso 4;As naos que nauegarem do Occidente.;As naos que nauegarem de Occidente:
Canto 2, estrofe 48, verso 5;Toda esta costa em fim, que agora vrdia,;Toda esta costa em fim, que agora urdia,
Canto 2, estrofe 48, verso 8;Não poder resistir ao Luso horrendo:;Nam poder resistir ao Luso horrendo.
Canto 2, estrofe 49, verso 2;Tornar selhe amarello de infiado:;Tornarlhe amarello de infiado:
Canto 2, estrofe 50, verso 2;Que dous cercos terà, dos vossos sendo.;Que dous cercos terà, dos vossos sendo,
Canto 2, estrofe 50, verso 3;Ali se mostrarà seu preço, & sorte,;Ali se mostrarà seu preço, & forte,
Canto 2, estrofe 50, verso 4;Feitos de armas grandissimos fazendo.;Feitos de armas grandissimos fazendo:
Canto 2, estrofe 50, verso 5;Enuejoso vereis o grão Mauorte,;Enuejoso vereis o gram Mauorte,
Canto 2, estrofe 50, verso 6;Do peito Lusitano, fero & horrendo.;Do peito Lufitano, fero e horendo.
Canto 2, estrofe 50, verso 7;Do Mouro ali verão que a voz extrema,;Do Mouro ali veram que a voz extrema
Canto 2, estrofe 51, verso 2;A qual virá despois a ser senhora,;A qual virà despois a ser senhora,
Canto 2, estrofe 51, verso 6;Ao Gentio que os Idolos alora.;Ao Gentio que os Idolos adora.
Canto 2, estrofe 52, verso 1;Vereis a fortaleza sustentarse,;Vereis a fortaleza sostentarse,
Canto 2, estrofe 52, verso 2;De Cananor, com pouca força & gente:;De cananor, com pouca força & gente:
Canto 2, estrofe 53, verso 4;O Capitão venceo Romano injusto,;O Capitam venceo Romano injusto,
Canto 2, estrofe 53, verso 8;Preso da Egipcia linda & não pudica.;Preso da Egipcia linda, & nam pudica.
Canto 2, estrofe 54, verso 1;Como vereis o mar feruendo aceso;Como vereis o mar feruendo aceso,
Canto 2, estrofe 54, verso 5;E sogeita a rica Aurea Chersoneso,;E sogeita a rica Aureo Cheisoneso,
Canto 2, estrofe 54, verso 6;Ate o longico China navegando.;Ate o longico China nauegando.
Canto 2, estrofe 54, verso 7;E as Ilhas mais remotas do Oriente,;E as llhas mais remotas do Oriente,
Canto 2, estrofe 55, verso 4;Do Gangetico mar ao Gaditano,;Do Gantico mar ao Gaditano,
Canto 2, estrofe 56, verso 2;Filho de Maia aa terra, porque tenha,;Filho de Maria aa terra, porque tenha
Canto 2, estrofe 56, verso 4;Pera onde sem receyo a frota venha:;Pera onde sem receyo a frota venha.
Canto 2, estrofe 56, verso 6;O forte Capitão se não detenha,;O forte Capitam se nam detenha,
Canto 2, estrofe 56, verso 7;Lhe mãda mais, que em sonhos lhe mostrasse;Lhe manda mais, q̃ em sonhos lhe mostrasse
Canto 2, estrofe 56, verso 8;A terra, onde quieto repousasse.;A terra, onde quieto repousosse.
Canto 2, estrofe 57, verso 1;Ia pelo ar o Cylenêo voaua,;la pelo ar o Cylenèo voaua,
Canto 2, estrofe 57, verso 2;Com as asas nos pês aa terra deçe,;Com as asas nos pès aa terra deçe,
Canto 2, estrofe 57, verso 6;Do Inferno, & o vento lhe obedeçe.;Do Inferno, & o vento lhe obedece.
Canto 2, estrofe 57, verso 7;Na cabeça o galêro costumado,;Na cabeça o galèro costumado,
Canto 2, estrofe 58, verso 2;Do Lusitano, o preço grande, & raro,;Do Lusitano, o preço grande & raro,
Canto 2, estrofe 58, verso 4;E faz a quem o tem, amado & caro.;E faz a quemo tem, amado & caro.
Canto 2, estrofe 58, verso 8;De ver da gente forte o gesto, & modo.;De ver da gente forte o gesto & modo.
Canto 2, estrofe 59, verso 1;Dali pera Mombaça logo parte,;Dali pera Mombaça logo parte.
Canto 2, estrofe 59, verso 2;Aonde as naos estauão temerosas,;Aonde as nãos estauão temerosas,
Canto 2, estrofe 59, verso 5;Porque muy pouco val esforço, & arte,;Porque muy pouco val esforço & arte,
Canto 2, estrofe 59, verso 7;Pouco val coração, astucia, & siso,;Pouco val coraçam, astucia, & siso,
Canto 2, estrofe 60, verso 3;Tinhão o largo Mundo alumiado,;Tinham o largo Mundo alumiado,
Canto 2, estrofe 60, verso 5;O Capitão illustre, ja cansado,;O Capitam illustre, ja cansado,
Canto 2, estrofe 60, verso 6;"De vigiar a noite; que arreceia,";De vigiar a noite que arreceia,
Canto 2, estrofe 60, verso 7;Breue repouso antam aos olhos daua,;Breue repouso entam aos olhos daua,
Canto 2, estrofe 61, verso 1;Quando Mercurio em sonhos lhe apareçe,;Quando Mercurio em sonhos lhe aparece,
Canto 2, estrofe 61, verso 5;Fuge, que o Vento, & o Ceo te fauoreçe,;Fuge, que o vento, & o Ceo te fauorece,
Canto 2, estrofe 62, verso 1;Não tens aqui se não aparelhado,;Nam tens aqui senão aparelhado,
Canto 2, estrofe 62, verso 7;Teràs certas aqui, se muito esperas,;Teras certas aqui, se muito esperas,
Canto 2, estrofe 63, verso 2;E outra terra acharàs de mais verdade;E outras terra acharas de mais verdade,
Canto 2, estrofe 63, verso 4;lguala o dia, & noite em quantidade:;Iguala o dia, & noite em quantidade:
Canto 2, estrofe 63, verso 5;Ali tua frota alegre recebendo;Ali tua frota alegre recedendo
Canto 2, estrofe 63, verso 6;Hum Rei, com muitas obras de amizade,;Hum Rei, com muitas obras de amizades,
Canto 2, estrofe 64, verso 2;Ao Capitão, que com muy grande espanto;Ao Capitam, que com muy grande espanto
Canto 2, estrofe 64, verso 6;Não se deter na terra iniqua tanto.;Nam se deter na terra iniqua tanto.
Canto 2, estrofe 65, verso 2;Que o Ceo nos fauoreçe, & Deos o manda,;Que o Ceo nos fauorece, & Deos o manda,
Canto 2, estrofe 65, verso 5;Alevantase nisto o mouimento,;Aleuantase nisto o mouimento
Canto 2, estrofe 65, verso 6;Dos marinheiros, de hũa & de outra banda,;Dos marinheiros, de hũa & de outra banda
Canto 2, estrofe 65, verso 7;Leuão gritando as ancoras acima,;Leuam gritando as ancoras acima
Canto 2, estrofe 65, verso 8;Mostrando a ruda força, que se estima.;Mostrando a ruda força que se estima.
Canto 2, estrofe 66, verso 1;Neste tempo, que as ancoras leuauão,;Neste tempo, que as ancoras leuauam,
Canto 2, estrofe 66, verso 3;Mansamente as amarras lhe cortauão,;Mansamente as amarras lhe cortauam,
Canto 2, estrofe 66, verso 4;Por serem, dando aa costa, destruydos:;Por serem dando aa costa, destruydos:
Canto 2, estrofe 66, verso 5;Mas com vista de Linces vigiauão,;Mas com vista de Linces vigiauam,
Canto 2, estrofe 66, verso 7;Elles como acordados os sentirão,;Elles como acordados os sentiram,
Canto 2, estrofe 66, verso 8;Voando, & não remando lhe fogirão.;Voando, & nam remando lhe fogiram.
Canto 2, estrofe 67, verso 4;Com suave & seguro mouimento,;Com suaue & seguro mouimento,
Canto 2, estrofe 67, verso 5;Nos perigos passados vão falando,;Nos perigos passados vam fallando,
Canto 2, estrofe 67, verso 6;Que mal se perderão do pensamento,;Que mal se perderám do pensamento,
Canto 2, estrofe 67, verso 8;Avida em saluo escapa por acerto.;A vida em saluo escapa por acerto.
Canto 2, estrofe 68, verso 2;E noutra começaua, quando virão;E noutra começaua, quando viram
Canto 2, estrofe 68, verso 4;Cos ventos nauegando, que respirão,;Cos ventos nauegando, que respiram,
Canto 2, estrofe 68, verso 5;Porque auião de ser da Maura gente,;Porque auiam de ser da Maura gente,
Canto 2, estrofe 68, verso 6;Pera elles arribando, as vellas virão.;Pera elles arribando, as vellas viram.
Canto 2, estrofe 69, verso 1;Não he o outro que fica tão manhoso:;Não he o outro que fica tam manhoso:
Canto 2, estrofe 69, verso 7;Não teve resistencia, & se a tiuêra,;Nam teue resistencia, & se a tiuera
Canto 2, estrofe 69, verso 8;Mais dãno resissindo recebêra.;Mais dãno resistindo recebera.
Canto 2, estrofe 70, verso 4;Mas não lhe soccedeo como cuidaua,;Mas nam lhe soccedeo como cuidaua,
Canto 2, estrofe 70, verso 8;Melinde onde achàrão Piloto certo.;Melinde onde acharàm Piloto certo.
Canto 2, estrofe 71, verso 5;O Capitão o assella por verdade,;O Capitam o assella por verdade,
Canto 2, estrofe 71, verso 7;O Cylenêo em sonhos, & partia,;O Cylenèo em sonhos, & partia,
Canto 2, estrofe 72, verso 3;Quando hum, & o outro corno lhe aquentaua;Quando hum, & o outro corno lhe aquẽtaua,
Canto 2, estrofe 72, verso 4;E Flora derramaua o de Amalthea:;E Flora derramaua o de Almathea:
Canto 2, estrofe 73, verso 3;De toldos adornada, & leda de arte;De toldos adornada, & leda de arte,
Canto 2, estrofe 73, verso 7;Soão os atambores & pandeiros,;Soão atambores & pandeiros,
Canto 2, estrofe 73, verso 8;E assi entrauão ledos & guerreiros.;E assim entrauam ledos & guerreiros.
Canto 2, estrofe 74, verso 1;Enche se toda a praya Melindana,;Enchese toda a praya Melindana,
Canto 2, estrofe 74, verso 2;Da gente que vem ver a leda armada,;De gente que vem ver a leda armada,
Canto 2, estrofe 74, verso 6;Pega no findo a ancora pesada.;Pega no fundo a ancora pesada.
Canto 2, estrofe 74, verso 7;Mandão fora hum dos Mouros q̃ tomàrão,;Mandão fora hũ dos Mouros que tomàram,
Canto 2, estrofe 74, verso 8;Por quem sua vinda ao Rei manifestarão.;Por quem sua vinda ao Rei manifestàram.
Canto 2, estrofe 75, verso 4;Quanto a gente fortissima merece:;quanto a gente fortissima merece:
Canto 2, estrofe 75, verso 6;Que os peitos generosos ennobrece.;que os peitos generosos ennobrece.
Canto 2, estrofe 75, verso 7;Lhe manda rogar muyto que saissem,;Lhe manda rogar muito que saissem,
Canto 2, estrofe 75, verso 8;Pera que de seus Reinos se seruissem:;Pera que de seus Reinos se seruissem.
Canto 2, estrofe 76, verso 1;Sam offerecimentos verdadeiros,;Sam offerecimento verdadeiros,
Canto 2, estrofe 76, verso 2;E palauras sinceras, não dobradas,;E palauras sinceras, nam dobradas,
Canto 2, estrofe 76, verso 4;Que tanto mar & terras tem passadas:;que tanto mar & terras tem passadas:
Canto 2, estrofe 76, verso 6;E galinhas domesticas çeuadas,;E galinhas domesticas ceuadas,
Canto 2, estrofe 76, verso 7;Com as fructas que antam na terra auia,;Com as fructas que entam na terra auia,
Canto 2, estrofe 77, verso 1;Recebe o Capitão alegremente;Recebe o Capitam alegremente
Canto 2, estrofe 77, verso 4;Que de longe trazia aparelhado:;que de longe trazia aparelhado:
Canto 2, estrofe 77, verso 7;Que debaxo das agoas mole creçe,;que debaxo das agoas mole crece,
Canto 2, estrofe 77, verso 8;E como he fora dellas se endureçe.;E como he fora dellas se endurece.
Canto 2, estrofe 78, verso 2;Que co Rei nobre as pazes concertasse,;que co Rei nobre as pazes concertasse,
Canto 2, estrofe 78, verso 3;E que de não sair naquelle instante,;E que de nam sair naquelle instante,
Canto 2, estrofe 79, verso 2;Foy da suma Iustiça concedido,;Foy da suma lustiça concedido,
Canto 2, estrofe 79, verso 3;Refrear o suberbo pouo duro,;Refrear o soberbo pouo duro,
Canto 2, estrofe 79, verso 4;Não menos delle amado, que temido,;Nam menos delle amado que temido,
Canto 2, estrofe 80, verso 1;Não somos roubadores, que passando;Nam somos roubadores, que passando
Canto 2, estrofe 80, verso 3;A ferro, & a fogo, as gentes vão matando;A ferro, & a fogo, as gentes vão matando,
Canto 2, estrofe 80, verso 5;Mas da soberba Europa navegando,;Mas da soberba Europa nauegando,
Canto 2, estrofe 80, verso 7;Da India grande, & rica, por mandado;Da lndia grande & rica, por mandado.
Canto 2, estrofe 80, verso 8;De hum Rei que temos, alto, & sublimado.;De hum Rei que temo, alto, &sublimado.
Canto 2, estrofe 81, verso 1;Que geração tam dura ahi de gente?;Que geraçam tam dura ahi gente?
Canto 2, estrofe 81, verso 5;Que ma tençam? que peito em nos se sente?;Que ma tençam? que peito em nòs se sente?
Canto 2, estrofe 82, verso 2;Acharse mais verdade, ò Rei benigno,;Acharse mais verdade, ó Rei benigno,
Canto 2, estrofe 82, verso 6;Conduzidos do interprete diuino.;Conduzidos da Interprete diuino.
Canto 2, estrofe 83, verso 1;E não cuydes, ô Rei, que não saisse,;E nam cuydes, ó Rei, que nam saisse,
Canto 2, estrofe 83, verso 2;O nosso Capitão esclarecido;O nosso Capitam esclarecido
Canto 2, estrofe 83, verso 3;A verte, ou a seruirte, porque visse;A verte, ou a seruirte, porque visse,
Canto 2, estrofe 83, verso 8;Deixando a frota, em nenhũ porto, ou praia.;Deixando a frota em nenhũ porto, ou praia.
Canto 2, estrofe 84, verso 2;Que os membros tem regidos da cabeça;Que os membros tem regidos da cabeça,
Canto 2, estrofe 84, verso 3;Não quereras, pois tẽs de Rei o officio,;Nam quereras, pois tẽs de Rei o officio,
Canto 2, estrofe 84, verso 5;Mas as merçes, & o grande beneficio,;Mas as merces, & o grande beneficio,
Canto 2, estrofe 84, verso 6;Que ora acha em ti, promete que conheça;Que ora acha em ti, promete que conheça,
Canto 2, estrofe 84, verso 7;Em tudo aquillo que elle & os seus poderem,;Em tudo aquillo que elle & os seus podérem
Canto 2, estrofe 85, verso 1;Assi dizia, & todos juntamente,;Asi dizia, & todos juntamente,
Canto 2, estrofe 85, verso 2;Hũs com outros em pratica fallando,;Hũs com outros em pratica fallando
Canto 2, estrofe 85, verso 3;Louuauão muito o estamago da gente,;Louuauam muito o estamago da gente,
Canto 2, estrofe 85, verso 4;Que tantos Ceos & mares vai passando,;Que tantos ceos & mares vai passando,
Canto 2, estrofe 86, verso 2;Responde ao Embaixador, que tanto estima;Responde ao Embaixador, que tãto estima
Canto 2, estrofe 86, verso 6;era vos ter o mundo em muyta estima.;Pera vos ter o mundo em muita estima.
Canto 2, estrofe 86, verso 7;E quem vos fez mollesto tratamento,;E quem vos fez molesto tratamento,
Canto 2, estrofe 86, verso 8;Não pode ter sobido pensamento.;Nam pode ter sobido pensamento.
Canto 2, estrofe 87, verso 1;De não sair em lerra toda a gente,;De nam sair em terra toda a gente
Canto 2, estrofe 87, verso 2;Por obseruar a vsada preminencia,;Por obseruar a vsuda preminencia,
Canto 2, estrofe 87, verso 5;Mas se lho o regimento não consente,;Mas se lho o regimento nam consente,
Canto 2, estrofe 87, verso 6;Nem eu consentirey que a excelencia,;Nem eu consentirey que a excellencia,
Canto 2, estrofe 87, verso 7;De peitos tão leais em si desfaça,;De peitos tam leais em si desfaça,
Canto 2, estrofe 88, verso 1;Porem como a luz crastina chegada,;Porem como a luz crastina chegada
Canto 2, estrofe 88, verso 2;Ao mundo for, em minhas almàdîas,;Ao mundo for, em minhas almàdias,
Canto 2, estrofe 89, verso 2;O filho de Latona, & o mensageiro;O filho de Latona, & o mensageiro,
Canto 2, estrofe 89, verso 3;Coa embaixada alegre se partia;Co a embaxada alegre se partia
Canto 2, estrofe 89, verso 5;Enchem se os peitos todos de alegria,;Enchemse os peitos todos de alegria,
Canto 2, estrofe 89, verso 7;Pera acharem a terra que buscauão,;Pera acharem a terra que buscauam,
Canto 2, estrofe 89, verso 8;E assi ledos a noite festejauão.;E assi ledos a noite festejauam.
Canto 2, estrofe 90, verso 1;Não faltão ali os rayos de arteficio,;Não faltam ali os rayos de artificio,
Canto 2, estrofe 90, verso 3;Fazem as Bombardeiros seu officio:;Fazem os Bombardeiros seut officio:
Canto 2, estrofe 90, verso 5;Mostrase dos Gyclopas o exercicio,;Mostrase dos Cyclopas o exercicio,
Canto 2, estrofe 90, verso 6;Nas bombas que de fogo estão queimando,;Nas bombas que de fogo estam queimando,
Canto 2, estrofe 90, verso 8;Instrumentos altissonos tangião.;lnstrumentos altissonos tangiam.
Canto 2, estrofe 91, verso 1;Respondem lhe da terra juntamente,;Respondenlhe da terra juntamente,
Canto 2, estrofe 91, verso 5;Agrita se alevanta ao Ceo, da gente,;A grita se aleuanta ao Ceo, da gente,
Canto 2, estrofe 92, verso 1;Mas ja o Cẽo inquieto reuoluendo,;Mas ja o Ceo inquieto reuoluendo,
Canto 2, estrofe 92, verso 5;Hião se as sombras lentas desfazendo,;Hiãose as sombras lentas desfazendo,
Canto 2, estrofe 92, verso 8;Aver a frota que no mar estaua.;A ver a frota que no mar estaua.
Canto 2, estrofe 93, verso 4;Lustrão os panos da tecida seda:;Lustram os panos da tecida seda:
Canto 2, estrofe 93, verso 5;Em lugar de guerreiras azagaias,;Em lugar de guerreiras azagaias.
Canto 2, estrofe 94, verso 3;Trazo Rei de Melinde, acompanhado;Tras o Rei de Melinde, acompanhado
Canto 2, estrofe 94, verso 8;De ouro, & de seda, & de algodão tecida.;De ouro, & de seda, & de algodam tecida.
Canto 2, estrofe 95, verso 7;Nas alparcas dos pês, em fim de tudo,;Nas alparcas dos pès, em fim de tudo,
Canto 2, estrofe 95, verso 8;Cobrem, ouro & aljofar ao veludo.;Cobrem ouro, & aljofar ao veludo.
Canto 2, estrofe 96, verso 4;Que não offenda & queime o Rei subido:;Que nam offenda & queime o Rei sobido:
Canto 2, estrofe 96, verso 5;Musica traz na proa, estranha & leda,;Musica tras na proa, estranha & leda,
Canto 2, estrofe 97, verso 3;A receber no mar o Melindano,;A receber no mar o Milindano,
Canto 2, estrofe 97, verso 4;Com lustrosa & honrada companhia:;Com lustrosa & honrada companhia,
Canto 2, estrofe 97, verso 5;Vestido o Gama vem ao modo Hispano:;Vestido o Gama vem ao modo Hispano
Canto 2, estrofe 97, verso 8;Carmesi, cor que a gente tanto preza.;Carmesi, cor, que a gente tanto preza:
Canto 2, estrofe 98, verso 6;Os golpes do gibão ajunta, & achega:;Os golpes do gibam ajunta, & achega:
Canto 2, estrofe 98, verso 7;Ao ltalico modo a aurea espada,;Ao Italico modo a aurea espada,
Canto 2, estrofe 99, verso 2;Da tinta que da o Mûrice excelente,;Da tinta que dà o Mùrice excellente,
Canto 2, estrofe 100, verso 1;Sonorosas trombetas incitauão,;Sonorosas trombetas incitauam,
Canto 2, estrofe 100, verso 2;Os animos alegres resoando,;Os animos alegres resonando,
Canto 2, estrofe 100, verso 3;Dos Mouros os bateis o Mar coalhauão,;Dos Mouros os bateis o Mar coalhauam,
Canto 2, estrofe 100, verso 5;As bombardas horrissonas bramando;As bombardas horrissonas bramando,
Canto 2, estrofe 101, verso 1;la no batel entrou do Capitão;la no batel entrou do Capitam
Canto 2, estrofe 101, verso 3;Elle coa cortesia, que a razão;Elle co a cortesia, que a razam
Canto 2, estrofe 101, verso 5;Cũas mostras de espanto, & admiração,;Cũas mostras de espanto, & admiraçam
Canto 2, estrofe 101, verso 7;Como quem em muy grande estima tinha,;Como quem em muy grande estima tinha
Canto 2, estrofe 102, verso 1;E com grandes palauras lhe offereçe,;E com grandes palauras lhe offerece,
Canto 2, estrofe 102, verso 3;E que se mantimento lhe falleçe,;E que se mantimento lhe fallece,
Canto 2, estrofe 102, verso 5;Diz lhe mais, que por fama bem conheçe;Dizlhe mais, que por fama bem conhece
Canto 2, estrofe 102, verso 8;Com gente de sua ley tiuesse guerra.;Com gente de sua ley tiuesse guerrà.
Canto 2, estrofe 103, verso 1;E como por toda Affrica se soa,;E como por toda Africa se soa,
Canto 2, estrofe 103, verso 2;Lhe diz, os grandes feitos que fizerão,;Lhe diz, os grandes feitos que fizeram,
Canto 2, estrofe 103, verso 3;Quando nella ganharão a coroa;Quando nella ganháram a coroa
Canto 2, estrofe 103, verso 4;Do Reino, onde as Hesperidas viuerão:;Do Reino, onde as Hesperidas viueram:
Canto 2, estrofe 103, verso 5;E com muitas palavras apregoa,;E com muitas palauras apregoa,
Canto 2, estrofe 103, verso 6;O menos que os de Luso mereçerão:;O menos que de Luso mereceram:
Canto 2, estrofe 104, verso 1;O tu que so tiueste piedade,;O tu que so tiueste piedade
Canto 2, estrofe 104, verso 4;Dos mares experimenta a furia insana.;Dos mares experimenta a furia insana,
Canto 2, estrofe 104, verso 7;Pois que de ti tais obras reçebemos,;Pois que de ti tais obras recebemos,
Canto 2, estrofe 104, verso 8;Te pague o que nos outros não podemos.;Te pague o que nos outros nam podemos.
Canto 2, estrofe 105, verso 4;Refugio achamos bom, fido, & jocundo:;Refugio achamos bom, fido & jocundo:
Canto 2, estrofe 105, verso 7;"Onde quer que eu viuer; com fama & gloria,";Onde quer que eu viuer, com fama & gloria
Canto 2, estrofe 106, verso 1;Isto dizendo, os barcos vão remando,;Isto dizendo, os barcos vam remando,
Canto 2, estrofe 106, verso 3;Vão as naos, hũa & hũa rodeando,;Vam as naos, hũa & hũa rodeando,
Canto 2, estrofe 106, verso 7;E as trombetas canoras lhe tangião,;E as trombetas canoras lhe tangiam,
Canto 2, estrofe 106, verso 8;Cos anafis os Mouros respondião.;Cos anafis os Mouros respondiam.
Canto 2, estrofe 107, verso 5;Mandava estar quieto, & ancorado,;Mandaua estar quieto, & ancorado,
Canto 2, estrofe 108, verso 1;Em praticas o Mouro diferentes,;Em praticas o Mouro differentes,
Canto 2, estrofe 108, verso 3;Pelas guerras famosas & excelentes,;Pelas guerras famosas & excellentes,
Canto 2, estrofe 108, verso 4;Co pouo àuidas, que a Mafoma adora:;Co pouo auidas, que a Mafoma adora:
Canto 2, estrofe 109, verso 1;Mas antes valeroso Capitão,;Mas antes valeroso Capitam,
Canto 2, estrofe 109, verso 3;Da terra tua o clima, & região;Da terra tua o clima, & regiam,
Canto 2, estrofe 109, verso 4;Do Mundo onde morais distintamente,;Do mundo onde morais distintamente,
Canto 2, estrofe 109, verso 5;E assi de vossa antiga geração,;E assi de vossa antiga geraçam,
Canto 2, estrofe 110, verso 2;Longos, em que te traz o Mar yrado,;Longos, em que te tras o Mar yrado,
Canto 2, estrofe 110, verso 4;Que a nossa Affrica ruda tem criado;Que a nossa Africa ruda tem criado
Canto 2, estrofe 110, verso 8;O Vento dorme, o Mar & as ondas jazem.;O Vento dorme, o mar & as ondas jazem.
Canto 2, estrofe 111, verso 1;E não menos co tempo se pareçe,;E não menos co sempo se pareçe,
Canto 2, estrofe 111, verso 3;Que quem ha, que por fama não conheçe;Que quem ha, que por fama nam conheCe
Canto 2, estrofe 111, verso 5;Não tanto desuiado resplandeçe,;Nam tanto desuiado resplandece,
Canto 2, estrofe 111, verso 7;Que os Melindanos tem tam rudo peito,;Que os Milindanos tem tam rudo peito,
Canto 2, estrofe 111, verso 8;Que não estimem muito hum grande feito.;Que nam estimem muito hum grande feito.
Canto 2, estrofe 112, verso 1;Cometerão soberbos os Gigantes,;Cometeram soberbos os Gigantes,
Canto 2, estrofe 112, verso 4;O Reino de Plutão horrendo & escuro,;O reino de Plutam horrendo & escuro,
Canto 2, estrofe 112, verso 6;Não menos he trabalho illustre, & duro,;Não menos he trabalho illustre, & duro
Canto 2, estrofe 112, verso 7;Quanto foi cometer Inferno, e Ceo,;Quanto foi cometer lnferno, & Ceo,
Canto 2, estrofe 112, verso 8;Que outrem cometa a furia de Nereo.;Que outrem cometa a furia de Nereo:
Canto 2, estrofe 113, verso 2;Do sutil Tesifonio fabricado,;Do sotil Tesifonio fabricado,
Canto 2, estrofe 113, verso 7;Mais razão ha que queira eterna gloria;Mais razam ha que queira eterna gloria
Canto 3, estrofe 1, verso 1;AGora tu Caliope me ensina,;Agora tu Caliope me ensina,
Canto 3, estrofe 1, verso 6;De quem Orpheo pariste, o linda Dama:;De quem Orpheo pariste, o linda dama:
Canto 3, estrofe 1, verso 7;Nunca por Daphne, Clicie, ou Leucothôe;Nunca por Daphne, Clicie, ou Leucothòe
Canto 3, estrofe 1, verso 8;Te negue o Amor diuido, como soe.;Te negue o Amar diuido como sóe.
Canto 3, estrofe 2, verso 2;Como mereçe a gente Lusitana,;Como merece a gente Lusitana,
Canto 3, estrofe 2, verso 7;Senão direy, que tẽs algum receio,;Senam direy, que tẽs algum receio,
Canto 3, estrofe 3, verso 1;Promptos estauão todos escuitando,;Promptos estauam todos escuitando,
Canto 3, estrofe 3, verso 3;Quando, dispois de hum pouco estar cuidãdo,;Quando, despois de hum pouco estar cuidãdo
Canto 3, estrofe 3, verso 5;Mandas me, o Rei, que conte declarando,;Mandasme, o Rei, que conte declarando,
Canto 3, estrofe 3, verso 6;De minha gente a grão geanalosia:;De minha gente a gram geanalosia:
Canto 3, estrofe 3, verso 7;Não me manda contar estranha historia:;Não me manda cantar estranha historia:
Canto 3, estrofe 4, verso 4;Que louuor tão sospeito mal me esteja,;Que louuor tam sospeito mal me esteja,
Canto 3, estrofe 4, verso 5;E pera dizer tudo, temo & creio,;E pera dizer tudo, temo & creio.
Canto 3, estrofe 4, verso 8;lrey contra o que deuo, & serey breue:;Irey contra o que deuo, & serey breue.
Canto 3, estrofe 5, verso 2;He não poder mentir no que disser,;He nam poder mentir no que disser,
Canto 3, estrofe 6, verso 5;Iaz a soberba Europa, a quem rodea,;Iaz a sobersa Europa, a quem rodea,
Canto 3, estrofe 7, verso 2;Com Asia se auizinha: mas o Rio;Com Azia se auizinha: mas o Rio
Canto 3, estrofe 7, verso 3;Que dos montes Rifeios vay correndo,;Que dos montes Rifeios vai correndo,
Canto 3, estrofe 7, verso 4;Na alagoa Meotis, curuo & frio;Na alagoa Meótis, curuo & frio
Canto 3, estrofe 7, verso 5;As diuide: & o Mar, que fero & horrendo;As diuide: & o Mar, que fero e horrendo
Canto 3, estrofe 7, verso 8;Não ve mais que a memoria o nauegante.;Nam vè mais que a memoria o nauegante.
Canto 3, estrofe 8, verso 2;Os montes Hyperboreos aparecem,;Dos montes Hyperboreos aparecem,
Canto 3, estrofe 9, verso 3;Tiuerão, sobre a humana antiguidade,;Tiueram, sobre a humana antiguidade,
Canto 3, estrofe 9, verso 4;Cos que tinhão antão a Egipcia terra:;Cos que tinham entam a Egipcia terra:
Canto 3, estrofe 9, verso 5;Mas quem tão fora estaua da verdade,;Mas quem tam fora estaua da verdade,
Canto 3, estrofe 9, verso 6;(Ia que o juyzo humano tanto erra:);"( Ia que o juyzo humano tanto erra;)"
Canto 3, estrofe 9, verso 8;Ao campo Damasceno o perguntára.;Ao campo Damasceno o perguntàra.
Canto 3, estrofe 10, verso 2;A Lapia fria, a inculta Noruega,;A Lapia fria, a inculta Noroega,
Canto 3, estrofe 10, verso 4;Das victorias que Italia não lhe nega;Das victorias que Italia nam lhe nega
Canto 3, estrofe 10, verso 5;Aqui, em quanto as agoas não refrea,;Aqui, em qaunto as agoas nam refrea,
Canto 3, estrofe 10, verso 7;Hum braço do Sarmatico Occeoano,;Hum braço do Sarmatico Occeano,
Canto 3, estrofe 12, verso 3;Estão os Traces de robusto peito,;Estamos Traces de robusto peito,
Canto 3, estrofe 12, verso 5;Onde co Hemo, o Rodope sugeito;Onde co Hemo, o Rodope sogeito
Canto 3, estrofe 13, verso 1;Logo de Macedonia estão as gentes,;Logo de Macedonia estam as gentes,
Canto 3, estrofe 13, verso 3;E vos tambem, o terras excelentes,;E vos tambem, o terras excellentes,
Canto 3, estrofe 13, verso 8;E não menos por armas, que por letras.;E não menos por armas que por letras.
Canto 3, estrofe 14, verso 1;Logo os Dalmatas viuem, & no seio,;Logos Dalmatas viuem, & no seio,
Canto 3, estrofe 14, verso 3;A soberba Veneza está no meio;A soberba Veneza està no meio
Canto 3, estrofe 14, verso 7;Braço forte, de gente sublimada,;Braço forte, de gentẽ sublimada,
Canto 3, estrofe 14, verso 8;Não menos nos engenhos que na espada:;Não menos nos engenhos quena espada.
Canto 3, estrofe 15, verso 1;Em torno o cerca o Reino Neptunino,;Em torno o cerca o Reino Neptonino,
Canto 3, estrofe 15, verso 7;Pobre està ja de antiga potestade,;Pobre està ja de antiga potestade
Canto 3, estrofe 16, verso 2;Cos Cesareos Triumfos foy no mundo,;Cos Cesarios Triumfos foy no mundo,
Canto 3, estrofe 16, verso 3;Que do Sequàna, & Rôdano he regada,;Que do Sequàna, & Ròdano he regada,
Canto 3, estrofe 16, verso 6;Pyrene se alevantão, que segundo;Pyrene se aleuantam, que segundo
Canto 3, estrofe 16, verso 7;Antiguidades contão, quando arderão,;Antiguidades contam, quando ardèram,
Canto 3, estrofe 16, verso 8;Rios de ouro, & de prata antão correrão.;Rios de ouro, & de prata antam corrèrão.
Canto 3, estrofe 17, verso 5;Mas nunca poderà, com força, ou manha,;Mas nunca poderà, com força, ou manha
Canto 3, estrofe 17, verso 7;Que lha não tire o esforço & ousadia,;Que lha nam tire o essorço & ousadia,
Canto 3, estrofe 18, verso 5;Com nações differentes se engrandece,;Com nações disserentes se engrandece,
Canto 3, estrofe 19, verso 2;Sujeitando Partênope inquieta,;Sojeitando Partènope inquieta,
Canto 3, estrofe 19, verso 3;O Nauarro, as Asturias, que reparo;O Nauarro, as Austrias, que reparo
Canto 3, estrofe 19, verso 4;La forão, contra a gente Mahometa,;la foram, contra a gente Mahometa,
Canto 3, estrofe 19, verso 6;Castelhano, a quem fez o seu Planeta,;Castelhauo, a quem fez o seu Planeta
Canto 3, estrofe 20, verso 7;Deitando o de si fora, & la na ardente;Deitandoo de si fora, & la na ardente
Canto 3, estrofe 20, verso 8;Affrica estar quieto o nam consente.;Africa estar quieto o nam consente.
Canto 3, estrofe 21, verso 1;Esta he a ditosa patria minha amada,;Esta he ditosa patria minha amada,
Canto 3, estrofe 21, verso 2;Aa qual se o Ceo me da, que eu sem perigo;Aa qual se o Ceo da, que eu sem perigo
Canto 3, estrofe 21, verso 6;De Luso, ou Lysa: que de Bacho antigo,;De Lufo, ou Lysa, que de Baco antigo,
Canto 3, estrofe 21, verso 7;Filhos forão pareçe, ou companheiros,;Filhos foram parece, ou companheiros,
Canto 3, estrofe 21, verso 8;E nella antam os Incolas primeiros.;E nella entam os Incolas primeiros.
Canto 3, estrofe 22, verso 2;Se ve, que de homem forte os feitos teue,;Se vè, que de homem forte os feitos teue,
Canto 3, estrofe 22, verso 3;Cuja fama, ninguem virà que dome,;Cuja fama, ninguem virá que dome,
Canto 3, estrofe 22, verso 4;Pois a grande de Roma não se atreue:;Pois a grande de Roma nam se atreue:
Canto 3, estrofe 22, verso 6;Por decreto do, Ceo ligeiro, & leue,;Por decreto, do Ceo ligeiro, & leue,
Canto 3, estrofe 23, verso 1;Hum Rei, por nome Affonso, foy na Espanha,;Hum Rei, por nome Affonso, foy na Espanha
Canto 3, estrofe 23, verso 4;A muitos fez perder a vida, & a terra:;A muytos fez perder a vida, & a terra:
Canto 3, estrofe 23, verso 7;Muitos, pera na guerra esclarecerse,;Muitos pera na guerra esclarecerse,
Canto 3, estrofe 23, verso 8;Vinhão a elle, & aa morte offerecerse.;Vinham a elle, & aa morte offerecerse.
Canto 3, estrofe 24, verso 5;Despois que em feitos altos & subidos.;Despois que em feitos altos & subidos,
Canto 3, estrofe 24, verso 6;Se mostrarão nas armas singulares.;Se mostrarãa nas armas singulares.
Canto 3, estrofe 24, verso 7;Quis o famoso Affonso, que obras tais,;Quis o famoso Affonso, que obras taes,
Canto 3, estrofe 24, verso 8;Leuassem premio digno, & dões igoais.;Leuassem premio digno, & dões iguaes.
Canto 3, estrofe 25, verso 2;Filho de hum Rei de Vngria exprimentado,;Filho de hum Rei de Vungria exprimentado,
Canto 3, estrofe 25, verso 3;Portugal ouue em sorte, que no Mundo;Portugal ouue em sorte, que no mundo
Canto 3, estrofe 25, verso 5;E pera mais sinal damor profundo,;E pera mais final damor profundo,
Canto 3, estrofe 25, verso 8;E com ella das terras tomou posse.;E com ella da\s terras tomou posse.
Canto 3, estrofe 26, verso 2;"Da escraua Agar; victorias grandes teue,";Da escrua Agar, victorias grandes teue,
Canto 3, estrofe 26, verso 6;Deulhe o supremo Deos, em tempo breue,;Deulhe o supremo Deos, em tempo breue
Canto 3, estrofe 27, verso 5;Que não tendo Gotfredo a quem resista,;Que nam tendo Gotfredo a quem resista,
Canto 3, estrofe 27, verso 7;Muitos que nestas guerras o ajudárão,;Muitos que nestas guerras o ajudáram,
Canto 3, estrofe 27, verso 8;Pera seus senhorios se tornàrão.;Pera seus senhorios se tornáram.
Canto 3, estrofe 28, verso 5;Ficava o filho em tenra mocidade,;Ficaua o filho em tenra mocidade,
Canto 3, estrofe 29, verso 1;Mas o velho rumor, não sey se errado,;Mas o velho rumor, nam sey se errado,
Canto 3, estrofe 29, verso 2;Que em tanta antiguidade não ha certeza,;Que em tanta antiguidade nam ha certeza,
Canto 3, estrofe 29, verso 4;Do segundo Hymeneo, não se despreza:;Do segundo Hymeneo, nam se despreza:
Canto 3, estrofe 30, verso 2;Se chamaua, do Avô tomando o nome,;Se chamaua, do Auò tomando o nome,
Canto 3, estrofe 30, verso 3;Vendose em suas terras não ter parte,;Vendose em suas terras nam ter parte,
Canto 3, estrofe 30, verso 4;Que a mãy com seu marido as mãda & come,;Que a mãy cõ seu marido as mãda & come,
Canto 3, estrofe 30, verso 5;Feruendo lhe no peito o duro Marte,;Feruendolhe no peito o duro Marte,
Canto 3, estrofe 30, verso 6;Imagina consigo como as tome.;Imagina consigo como as tome,
Canto 3, estrofe 31, verso 2;Co 'sangue proprio da intestina guerra,;Co sangue proprio da intestina guerra,
Canto 3, estrofe 31, verso 4;A seu filho negaua o amor, & a terra,;A seu filho negaua o amor, & a terra
Canto 3, estrofe 31, verso 6;E não ve a soberba, o muito que erra.;E nam ve a siberba, o muito que erra
Canto 3, estrofe 31, verso 8;Mas nella o sensual era maior.;Mas nella o sensual era o mayor.
Canto 3, estrofe 32, verso 3;Da maldade dos pais, da culpa alheia,;Da maldade dos pai, da culpa alheia,
Canto 3, estrofe 32, verso 6;São as causas deste erro principais.;Sam as causas deste erro principais.
Canto 3, estrofe 33, verso 2;Do padrasto & da inica mãy leuaua,;Do padrasto & da inica mãy levaua,
Canto 3, estrofe 33, verso 3;Ia lhe obedece a terra num momento,;la lhe obedece a terra num momento,
Canto 3, estrofe 33, verso 4;Que primeiro contr-a elle pelejaua:;Que primeiro contra elle pelejaua:
Canto 3, estrofe 33, verso 5;Porem vencido de Ira o entendimento,;Porem vencido de lra o entendimento,
Canto 3, estrofe 33, verso 7;Mas de Deos foi vingada em tempo breue,;Mas de Deos foi vingada em tempo breue
Canto 3, estrofe 33, verso 8;Tanta veneração aos pais se deue.;Tanta veneraçam aos pais se deve.
Canto 3, estrofe 34, verso 5;Em batalha cruel, o peito humano,;Em trabalho cruel, o peito humano,
Canto 3, estrofe 34, verso 6;Ajudado da Angelica defesa.;Ajudado da Angelica defesa
Canto 3, estrofe 34, verso 7;Não so contra tal furia se sustenta:;Nam so contra tal furia se sustenta:
Canto 3, estrofe 34, verso 8;Mas o inimigo asperrimo afugenta.;Mas o inimigo asperrimo affugenta.
Canto 3, estrofe 35, verso 2;Principe, em Guimarães esta cercado,;Principe, em Guimarães està cercado,
Canto 3, estrofe 35, verso 7;Que de outra arte podêra ser perdido,;Que de outra arte podera ser perdido,
Canto 3, estrofe 35, verso 8;Segundo estaua mal aperçebido.;Segundo estaua mal apercebido.
Canto 3, estrofe 36, verso 2;Que seu senhor não tinha resistencia,;Que seu senhor nam tinha resistencia,
Canto 3, estrofe 36, verso 7;De Egas moniz mas não consente o peito;De Egas Moniz: mas nam consente o peito
Canto 3, estrofe 37, verso 2;Em que o Rei Castelhano ja agoardaua,;Em que o Rei Castelhano ja aguardaua,
Canto 3, estrofe 37, verso 5;Vendo Egas, que ficava fementido,;Vendo Egas, que ficaua fementido,
Canto 3, estrofe 37, verso 6;O que delle Castella não cuydava,;O que delle Castella nam cuidaua,
Canto 3, estrofe 38, verso 1;E com seus filhos & molher se parte,;E com seus filhos & molherse parte,
Canto 3, estrofe 38, verso 3;Descalços, & despidos, de tal arte,;Descalços, & despidos, de tul arte,
Canto 3, estrofe 38, verso 8;A te pagar co a vida o prometido.;A te pagár co a vida o prometido.
Canto 3, estrofe 39, verso 4;Dos fracos satisfaz a fera morte.;Dos fracos satisfaz fera morte.
Canto 3, estrofe 39, verso 8;De Scinis, & do touro de Perillo.;De Scinis, & do touro de Perillo,
Canto 3, estrofe 40, verso 2;"Que ja na vida a morte tem bebido;";Que ja na vida a morte tem bebido,
Canto 3, estrofe 40, verso 3;Poem no çepo a garganta: & ja entregado,;Poem no cepo a garganta: & ja entregado,
Canto 3, estrofe 40, verso 8;Mais pode em fim que a Ira a Piedade.;Mais pode em fim que a Ira a piedade.
Canto 3, estrofe 41, verso 2;De vassallo, que a tanto se obrigaua,;De vassallo que a tanto se obrigaua,
Canto 3, estrofe 41, verso 6;Que mil vezes dizendo suspiraua.;Que mil vezes dizendo suspiraua,
Canto 3, estrofe 41, verso 7;Que mais o seu Zopiro são prezâra,;Que mais o seu Zopiro são prezàra,
Canto 3, estrofe 41, verso 8;Que vinte Babilonias que tomàra;Que vinte Babilonias que tomàra.
Canto 3, estrofe 42, verso 5;Ia no campo de Ourique se assentaua,;la no campo de Ourique se assentaua,
Canto 3, estrofe 42, verso 7;Defronte do inimigo Sarraceno,;Defronte do inimigo Sarraceno
Canto 3, estrofe 42, verso 8;Posto que em força, & gente tam pequeno.;"Posto que em for; a & gente tam pequeno."
Canto 3, estrofe 43, verso 2;Senão no summo Deos, que o Ceo regia,;Senam no summo Deos, que o Ceo regia,
Canto 3, estrofe 43, verso 5;Julga qualquer juyzo sossegado,;Iulga qualquer juyzo sossegado
Canto 3, estrofe 44, verso 2;Dos quaes o principal Ismar se chama,;Dos quaes o principal lsmar se chama,
Canto 3, estrofe 44, verso 4;Da guerra, onde se alcança a illustre fama:;Daguerra, onde se alcança a illustre fama:
Canto 3, estrofe 44, verso 5;Seguem guerreiras Damas seus amigos,;"Seguem guerreiras Damas seus amigos;"
Canto 3, estrofe 44, verso 6;Imitando a fermosa & forte Dama,;Imitando à fermosa & forte Dama,
Canto 3, estrofe 44, verso 7;De quem tanto os Troyanos se ajudârão,;De quem tanto os Troyanos se ajudàram
Canto 3, estrofe 44, verso 8;E as que o Termodonte ja gostârão.;E as que o Termodonte ja gostaram.
Canto 3, estrofe 45, verso 2;As Estrellas do Pollo ja apartaua,;As estrellas do Polo ja apartaua,
Canto 3, estrofe 45, verso 3;Quando na Cruz o Filho de Maria,;Quando na Cruz o filho de Maria,
Canto 3, estrofe 45, verso 4;Amostrando se a Affonso o animaua:;Amostrandose a Affonso o animaua:
Canto 3, estrofe 45, verso 6;Na Fê todo inflamado assi gritaua.;Na Fè todo inflamado assi gritaua.
Canto 3, estrofe 45, verso 8;E não a my que creio o que podeis.;E nam a my que creio o que podeis.
Canto 3, estrofe 46, verso 2;Portuguesa, inflamados leuantauão,;Portuguesa, inflamados leuantauam,
Canto 3, estrofe 46, verso 3;Por seu Rei natural, este excelente;Por seu Rei natural, este excellente
Canto 3, estrofe 46, verso 4;Principe, que do peito tanto amauão:;Principe, que do peito tanto amauam:
Canto 3, estrofe 46, verso 6;Dos imigos, gritando o ceo tocauão:;Dos imigos, gritando o ceo tocauam:
Canto 3, estrofe 46, verso 8;Por Affonso alto Rei de Portugal.;Por Affonso alto Rei de Portugual.
Canto 3, estrofe 47, verso 1;Qoal cos gritos & vozes incitado,;Qual cos gritos & vozes incitado,
Canto 3, estrofe 47, verso 4;Na força està do corno temeroso:;Na força está do corno temeroso:
Canto 3, estrofe 48, verso 2;Por Deos & polo pouo juntamente,;Por Deos, & polo pouo juntamente,
Canto 3, estrofe 48, verso 5;Leuantão nisto os perros o alarido;Leuantam nisto os perros o larido
Canto 3, estrofe 48, verso 8;Instromentos de guerra tudo atroão.;Instrumentos de guerra tudo atroão.
Canto 3, estrofe 49, verso 5;A pastoral companha, que deitada,;A pastoral companha, que deitada
Canto 3, estrofe 50, verso 1;Desta arte o Mouro atonito & toruado,;Desta vrte o Mouro atonito & toruado,
Canto 3, estrofe 50, verso 2;Toma sem tento as armas muy depressa,;Toma sem tento as armas muy de pressa
Canto 3, estrofe 50, verso 3;Não foge: mas espera confiado,;Nam foge: mas espera confiado,
Canto 3, estrofe 50, verso 7;Hũs caem meios mortos, & outros vão;Hūs caem meios mortos, & outros vão
Canto 3, estrofe 50, verso 8;A ajuda conuocando do Alcorão.;A ajuda convocando do Alcorão.
Canto 3, estrofe 51, verso 3;E os animais correndo furiosos,;E os animais torrendos furiosos,
Canto 3, estrofe 51, verso 4;Que Neptuno amostrou ferindo a terra:;Que Neptuno amostrou, ferindo a terra:
Canto 3, estrofe 51, verso 8;Rompe, corta, desfaz, a bola & talha.;Rompe, corta, de faz, abola & talha.
Canto 3, estrofe 52, verso 1;Cabeças pelo campo vão saltando,;Cabeças pelo campo vam saltando,
Canto 3, estrofe 52, verso 4;Palida a cor, o gesto amortecido:;Palida a cor, o gesto amortecido.
Canto 3, estrofe 52, verso 5;Ia perde o campo o exercito nefando,;Ia perde o campo o exercito nefando
Canto 3, estrofe 52, verso 6;Correm rios do sangue desparzido;Correm rios de sangue desparzidos
Canto 3, estrofe 52, verso 7;Com que tambem do campo a cor se perde;Com que tambem do campo a cor sa perde,
Canto 3, estrofe 52, verso 8;Tornado Carmesi de branco & verde.;Tornando carmesi de branco & verdes.
Canto 3, estrofe 53, verso 1;Ia fica vencedor o Lusitano;la fica vencedor o Lusitano
Canto 3, estrofe 53, verso 2;Recolhendo os trofeos & presa rica,;Recolhendo os trofeos, & tresa riça,
Canto 3, estrofe 53, verso 3;Desbaratado & roto o Mauro Hispano,;Desbaratado & reto q Matro Hishano,
Canto 3, estrofe 53, verso 5;Aqui pinta no branco escudo vfano,;Aqui pinta no branco escudo ufano,
Canto 3, estrofe 53, verso 6;Que agora esta victoria certifica:;Que agura, esta victoria certifica:
Canto 3, estrofe 53, verso 7;Cinco escudos azues esclarecidos,;Cinco escudes azues esclarecidos,
Canto 3, estrofe 53, verso 8;Em sinal destes cinco Reis vencidos.;Em sinal, destes cinco sReis ven idlos.
Canto 3, estrofe 54, verso 1;E nestes cinco escudos pinta os trinta,;E nestes cinco escudos ponta os trinta
Canto 3, estrofe 54, verso 2;Dinheiros, por que Deos fora vendido,;Dinheiros, porque Deos fora vendido,
Canto 3, estrofe 54, verso 5;Em cada hum das cinco, cinco pinta,;Em cada hum dos cinco, cinco pinta,
Canto 3, estrofe 54, verso 6;Por que assi fica o numero comprido:;Poruqe assi fica o numero comprido:
Canto 3, estrofe 55, verso 2;Era esta grão victoria, o Rei subido;Era esta gram victoria, o Rei sobido
Canto 3, estrofe 55, verso 5;Com essa a forte Arronches sojugada;Com esta a forte Arronches sojugada
Canto 3, estrofe 56, verso 3;E nas serras da Lua conhecidas,;E nas serras da Lũa conhecidas,
Canto 3, estrofe 56, verso 6;Nas fontes, vão fugindo do doçe laço:;Nas fontes, vão fugindo ao doçe laço:
Canto 3, estrofe 57, verso 1;E tu nobre Lisboa, que no Mundo,;E tu nobre Lixboa, que no Mundo,
Canto 3, estrofe 57, verso 3;Que edificada foste do facundo,;Que adificada foste do facundo,
Canto 3, estrofe 57, verso 5;Tu a quem obedece o Mar profundo,;Tua quem obedece o Mar profundo,
Canto 3, estrofe 57, verso 6;Obedeceste aa força Portuguesa.;Obedeceste aa força Portuguesa:
Canto 3, estrofe 58, verso 2;E da fria Bretanha conduzidos,;Eda fria Bretanha conduzidos,
Canto 3, estrofe 58, verso 3;A destruir o pouo Sarraceno,;A destuir o pouo Sarraceno,
Canto 3, estrofe 58, verso 4;Muitos com tenção sancta erão partidos,;Muitos com tençam Sancta erão partidos,
Canto 3, estrofe 58, verso 5;Entrando a boca ja, do Tejo ameno,;Entrando a boca ha, do Tejo ameno,
Canto 3, estrofe 58, verso 6;Co arrayal do grande Affonso vnidos.;Co arrayal dp grande Affonso unidos:
Canto 3, estrofe 58, verso 7;Cuja alta fama antão subia aos ceos,;Cuja alta fama antam subia aos ceos,
Canto 3, estrofe 58, verso 8;Foy posto cerco aos muros Vlisseos.;Foy posto cerco aos muros Ulysseos.
Canto 3, estrofe 59, verso 1;Cinco vezes a Lũa se escondêra,;Cinco vezes a Lũa se escondèra,
Canto 3, estrofe 59, verso 2;E outras tantas mostrâra cheio o rosto,;E outras tantas mostràra cheio o rosto,
Canto 3, estrofe 59, verso 3;Quando a Cidade entrada se rendêra,;Quando a Cidade entrada se rendéra,
Canto 3, estrofe 59, verso 4;Ao duro cerco, que lhe estaua posto.;Ao duro cerco, que ll e estaua posto.
Canto 3, estrofe 59, verso 6;Quanto obrigaua o firme prosuposto:;Quanto obrigaua o firme presuposto:
Canto 3, estrofe 60, verso 1;Desta arte em fim tomada se rendeo,;Deste arte em fim tomada se rendeo,
Canto 3, estrofe 60, verso 6;que o Ibero o vio, & o Tejo amedrontados.;Que Ibero o vio, & o Tejo amedrontados,
Canto 3, estrofe 60, verso 7;Em fim co Betis tanto algum podêraõ,;E em fim co Betis tanto algum podèram,
Canto 3, estrofe 60, verso 8;Que aa terra de Vandalia nome dêrão.;Que aa terra de Vandalia nome dèram.
Canto 3, estrofe 61, verso 3;Não pode resistir aa força dura;Nam pode resistir aa força dura
Canto 3, estrofe 61, verso 7;O tom das frescas agoas, entre as pedras,;O tom das frecas agoas, entre as pedras,
Canto 3, estrofe 62, verso 1;E vos tambem, o terras transtaganas,;E vos tàmbem, o terras transtaganas,
Canto 3, estrofe 62, verso 2;Affamadas co dom da flaua Ceres,;Affamdas co dom da flaua Ceres,
Canto 3, estrofe 62, verso 4;Entregando lhe os muros, & os poderes.;Entregandolhe os muros & os poderes.
Canto 3, estrofe 62, verso 7;Que Eluas, e Moura, & Serpa conhecidas,;Que Elvas, & Moura, & Serpa conhecidas
Canto 3, estrofe 62, verso 8;E Alcaçare do sal, estaõ rendidas.;E Alcaçare do sal, estam rendidas.
Canto 3, estrofe 63, verso 3;Onde ora as agoas nitidas de argento,;Onde ora as agoas nitidas de argenta,
Canto 3, estrofe 63, verso 4;Vem sustentar de longo a terra, & a gente,;Vem sostentar de longo a terra & a gente,
Canto 3, estrofe 63, verso 6;Nos ares se aleuantão nobremente.;Mos ares se aleuantam nobremente.
Canto 3, estrofe 63, verso 7;Obedeceo, por meio e ousadia;Obedeceoo, por meio & ousadias
Canto 3, estrofe 63, verso 8;De Giraldo, que medos não temia.;De Giraldo, que medos nam temia.
Canto 3, estrofe 64, verso 3;Affonso que naõ sabe sosegar,;Affonso que nam sabe sossegar,
Canto 3, estrofe 64, verso 5;Não se lhe pode muito sustentar;Nam selhe pode muito sostentar
Canto 3, estrofe 65, verso 1;Com estas sojugada foy Palmella,;Com estas sujugada foy Polmella,
Canto 3, estrofe 65, verso 2;E a piscosa Cizimbra, e juntamente,;E a piscosa Cizimbra, & juntamente
Canto 3, estrofe 65, verso 3;Sendo ajudado mais de sua estrella,;Sendo ajudado mais de sua estrella
Canto 3, estrofe 65, verso 5;Sentio o a Villa, e vio o a serra della,;Sentio o a Villa, & vio o a serra della,
Canto 3, estrofe 65, verso 6;Que a socorrella vinha deligente.;Que a socorrela vinha diligente.
Canto 3, estrofe 65, verso 7;Pela fralda da serra descuydodo,;Pela fralda da serra descuydado,
Canto 3, estrofe 66, verso 3;Innumeros pioes, darmas e de curo;Innumeros piões, darmas & de ouro
Canto 3, estrofe 66, verso 6;Cos cumes da vaca, arreceosos,;Cos ciumes da vaca, arreceosos,
Canto 3, estrofe 66, verso 7;Sentindo gente o bruto, & cego amante;Sentindo gente o bruto & cego amante
Canto 3, estrofe 67, verso 1;Desta arte Affonso subito mostrado,;Desta arte Affonso subito mostrado
Canto 3, estrofe 67, verso 2;Na gente da, que pasa bem segura,;Na gente, que passa bem segura,
Canto 3, estrofe 67, verso 6;So de seguillo o exercico procura.;So de seguillo o exercito procura.
Canto 3, estrofe 67, verso 7;Sendo estes que fizerão tanto aballo,;Sendo estes que fizeram tanto aballo,
Canto 3, estrofe 68, verso 2;O grão Rei incansabil, ajuntando;O gram Rei incar sabil, ajuntando
Canto 3, estrofe 68, verso 3;Gentes de todo o Reino, cuja vsança;Gentes de todo o Reino, cuja usença
Canto 3, estrofe 68, verso 7;Com tanto esforço e arte, & valentia,;Com tanto esforço & arte, & valentia,
Canto 3, estrofe 68, verso 8;Que a fez fazer aas outras companhia.;Que a faz fazer aas outras companhia.
Canto 3, estrofe 69, verso 2;O castigo daquelle que o mereçe,;O castigo daquelle que o merece,
Canto 3, estrofe 69, verso 4;Ou por segredos que homem naõ conheçe,;Ou por segredos que homem nam conhece
Canto 3, estrofe 69, verso 5;Se ate que sempre o forte Rei resguarda,;Se ate qui sempre o forte Rei resguarda,
Canto 3, estrofe 69, verso 6;Dos perigos a que elle se offereçe.;Dos perigos a que elle se offerece.
Canto 3, estrofe 69, verso 7;Agora lhe naõ deixa ter defesa,;Agora lhe nam deixa ter defesa,
Canto 3, estrofe 69, verso 8;Da maldiçaõ da mãy que estaua presa.;Da maldiçam da mãy que estaua presa.
Canto 3, estrofe 70, verso 1;Que estando na cidade que cercâra,;Que estando na cidade que cercára,
Canto 3, estrofe 70, verso 3;Por que a conquista della lhe tomâra,;Poruqe a conquista della lhe tomára,
Canto 3, estrofe 70, verso 4;De Lião sendo, & não dos Portugueses.;De Lião sendo, & nam dos Portugueses:
Canto 3, estrofe 70, verso 7;Que em ferros quebra as pernas, indo aceso;Que em ferros quebra as pernas, indo aceso,
Canto 3, estrofe 71, verso 1;O famoso Pompeyo não te pene,;O famoso pompeyo nam te pene,
Canto 3, estrofe 71, verso 3;Nem ver que a justa Nemesis ordene,;Nem ver que a justa Nemefis ordene,
Canto 3, estrofe 71, verso 5;Posto que o frio Fasis, ou Syene;Posto que frio Fasis, ou Syene
Canto 3, estrofe 71, verso 6;Que per a nenhum cabo a sombra inclina:;Que pera nenhum cabo a sombra a inclina:
Canto 3, estrofe 72, verso 2;Eniocos, & Colcos, cuja fama;Eniocos: & Colcos, cuja fama
Canto 3, estrofe 72, verso 3;O Veo dourado estende: & os Capadoçes,;O veo dourado estende: & os Capadoces,
Canto 3, estrofe 72, verso 4;E Iudea, que hum Deos adora & ama,;E ludea, que hum Deos adora & ama,
Canto 3, estrofe 72, verso 5;E que o molles Sofenos, & os Atroces,;E que o molles Sofenes, & os Altroces,
Canto 3, estrofe 72, verso 8;Estâ noutro o mais alto & sancto Monte.;Está noutro mais alto & Sancto Monte.
Canto 3, estrofe 73, verso 3;Ia vencedor te vissem, não te espante;Ia vencedor te vissem, nam te espante
Canto 3, estrofe 73, verso 5;Porque Affonso veras soberbo & ouante,;Porque Affonso veras soberdo & ouante
Canto 3, estrofe 74, verso 2;Do diuino juyzo castigado,;So diuino juyzo castigado,
Canto 3, estrofe 74, verso 5;E despois que do martyre Vicente,;E despois que do Martyre Vicente,
Canto 3, estrofe 74, verso 6;O sanctissimo corpo venerado.;O fanctissimo corpo venerado.
Canto 3, estrofe 74, verso 7;Do sacro promontorio conhecido,;Do Sacro promontorío conhecido
Canto 3, estrofe 74, verso 8;Aa cidade Vlissea foy trazido.;Aa cidade Vlyssea foy trazido.
Canto 3, estrofe 75, verso 2;Ao forte filho manda o lasso velho,;ao forte filho manda o lasso velho,
Canto 3, estrofe 75, verso 3;Que aas terras se passasse dalentejo,;Que as terras se passasse dalentejo,
Canto 3, estrofe 75, verso 8;Co sangue mauro, barbaro & nefando.;Co sangue maouro, barbaro & nefando.
Canto 3, estrofe 76, verso 2;Ia não descansa o moço ate que veja,;Ia nam descansa o moço ate que veja,
Canto 3, estrofe 76, verso 4;No barbaro que tem cercado Beja.;No barbaro que tem carcado Beja.
Canto 3, estrofe 76, verso 5;Não tarda muito o Principe ditoso,;Nam tarda muito o Princepe ditoso,
Canto 3, estrofe 77, verso 1;Ia se ajuntão do monte, a quem Medusa;Ia se ajuntam do monte, a quem Medusa
Canto 3, estrofe 77, verso 2;O corpo fez perder, que teve o Ceo:;O corpo fez perder, que teue o Ceo:
Canto 3, estrofe 77, verso 5;O morador de Abila não se escusa,;O morador de Abila nam se escusa,
Canto 3, estrofe 78, verso 2;O Miralmomini em Portugal;O Miralmomini em Portugal,
Canto 3, estrofe 78, verso 8;Porem não lhe socede muito bem.;Porem nam lhe soccede muito bem,
Canto 3, estrofe 79, verso 3;Não lhe aproveita ja trabuco horrendo,;Nam lhe aproueita ja trabuco horrendo,
Canto 3, estrofe 79, verso 5;Porque o filho de Affonso, não perdendo;Porque o filho de Affonso, nam perdendo
Canto 3, estrofe 79, verso 7;Tudo prouê com animo & prudencia,;Tudo prouè com animo & prudencia,
Canto 3, estrofe 79, verso 8;Que em toda a parte ha esforço & resistencia;Que em toda a parte ha esfforço & resistẽcia
Canto 3, estrofe 80, verso 1;Mas o velho a quem tinhão ja obrigado;Mas o velho a quem tinham ja obrigado
Canto 3, estrofe 80, verso 2;Os trabalhosos annos, ao sosego,;Os trabalhosos annos ao sossego,
Canto 3, estrofe 80, verso 3;Estando na Cidade, cujo prado;Estando na cidade, cujo prado
Canto 3, estrofe 80, verso 8;Que não perde a presteza co a idade.;Que nam perde a presteza co a idade.
Canto 3, estrofe 81, verso 1;E co a famosa gente â guerra vsada,;E co a famosa gente à guerra vsada,
Canto 3, estrofe 81, verso 2;vay socorrer o filho, & assi ajuntados,;Vay socorrer o filho, & assi ajuntados,
Canto 3, estrofe 81, verso 8;De seus senhores mortos chea fica.;De seus senhores martos chea fica.
Canto 3, estrofe 82, verso 1;Logo todo o restante se partio;Logo todo o restane se partio,
Canto 3, estrofe 82, verso 2;De Lusitania, postos em fugida,;De Lusitana, postos em fugida,
Canto 3, estrofe 82, verso 3;O Miralmomini so não fogio,;O Miralmomini so nam fogio,
Canto 3, estrofe 82, verso 6;Dão louuores & graças sem medida:;Dão louuores graças sem medida:
Canto 3, estrofe 82, verso 7;Que em casos tão estranhos claramente,;Que em casos tam estranhos claramente,
Canto 3, estrofe 83, verso 2;O velho Affonso, Principe subido,;O velho Affonso, Principe sobido,
Canto 3, estrofe 83, verso 3;Quando quem tudo em fim vencendo andaua,;Quando quem tudo em fim vencẽdo andaua,
Canto 3, estrofe 83, verso 4;Da larga, & muita idade foi vencido,;Da larga, & muita idade foy vencido,
Canto 3, estrofe 83, verso 5;A palida doença lhe tocaua,;A palida doemça lhe tocaua,
Canto 3, estrofe 84, verso 1;Os altos promontorios o chorarão,;Os altos promontorios o chorão,
Canto 3, estrofe 84, verso 2;E do rios as agoas saudosas,;E dos rios as agoas saudosas,
Canto 3, estrofe 84, verso 8;Affonso, Affonso os eccos, mas em vão:;Affonso, Affonso os eccos, mas em vão.
Canto 3, estrofe 85, verso 1;Sancho forte mancebo, que ficàra;Sancho forte mancebo, que ficára
Canto 3, estrofe 85, verso 3;E que em sua vida ja se exprimentâra,;E que em sua vida ja se exprimentára,
Canto 3, estrofe 85, verso 5;E o barbaro poder desbaratâra,;E o barbaro poder desbaratára,
Canto 3, estrofe 85, verso 7;E mais quando os que Beja em vão cercârão,;E mais quando os que Beja em vão cercàrão
Canto 3, estrofe 85, verso 8;Os golpes de seu braço em si prouârão.;Os golpes de seu braço em si prouàrão.
Canto 3, estrofe 86, verso 6;Da Germanica armada, que passaua:;Da Germanica armada que passaua:
Canto 3, estrofe 87, verso 1;Passauão a ajudar na sancta empresa,;Passauam a ajudar na Sancta empresa,
Canto 3, estrofe 87, verso 3;O poderoso exercito, em defesa;O podereso exercito, em defesa
Canto 3, estrofe 87, verso 7;No lugar onde aos Mouros sobejauão,;No lugar onde aos Mouroa sobejauam,
Canto 3, estrofe 87, verso 8;As agoas que os de guido desejauão.;As agoas que os de guido desejauam.
Canto 3, estrofe 88, verso 4;Ia que em serviço vay, do sancto Marte;Ia que em seruiço vay, do Sancto marte
Canto 3, estrofe 88, verso 6;Quando tomou Lisboa, da mesma arte,;Quando tomou Lixboa, da mesma arte,
Canto 3, estrofe 89, verso 3;Liones, não consente estar quieta;Liones, nam consente estar quieta
Canto 3, estrofe 89, verso 6;Da soberba Tui, que a mesma sorte,;Da soberda Tui, que a mesma forte,
Canto 3, estrofe 89, verso 7;Vio ter a muitas villas suas vizinhas,;Vio ter a muitas villas suas vizinhas
Canto 3, estrofe 90, verso 6;Alcaçere do sal por derradeiro:;Alcacere do sal por derradeiro:
Canto 3, estrofe 90, verso 7;Porque dantes os Mouros o tomarão,;Porque dantes os Mouros o tomáram,
Canto 3, estrofe 90, verso 8;Mas agora estruidos o pagarão.;Mas agora estruidos o pagàram.
Canto 3, estrofe 91, verso 1;Morto despois Affonso lhe sucede;Morto despois Affonso lhe succede
Canto 3, estrofe 92, verso 1;Não era Sancho não tam desonesto,;Nam era Sancho nam tam desonesto,
Canto 3, estrofe 92, verso 8;Nem como o mole Rei Sardanapâlo.;Nem como o mole Rei Sardanapàlo.
Canto 3, estrofe 93, verso 7;A Rei não obedece, nem consente,;A Rei nam obedece, nem consente,
Canto 3, estrofe 93, verso 8;Que não for mais que todos excellente.;Que nam for mais que tudo excellente.
Canto 3, estrofe 94, verso 4;Seu yrmão Sancho, sempre ao ocio dado;Seu yrmão Sanicho, sempre ao ocio dado
Canto 3, estrofe 94, verso 8;Não cabe o altiuo peito tam pequeno.;Nam cabe o altiuo peito tam pequeno.
Canto 3, estrofe 95, verso 3;Recupêra co braço, & deita fora;recupèra co braço, & deita fora
Canto 3, estrofe 95, verso 5;Este de todo fez livre & senhora;Este de todo fez liUre & senhora
Canto 3, estrofe 95, verso 7;E acabou de oprimir a nação forte,;E acabou de oprimir a naçam forte,
Canto 3, estrofe 96, verso 1;Eis despois vem Dinis, que bem pareçe,;Eis despois vem Dinis, que bem parece,
Canto 3, estrofe 96, verso 3;Com quem a fama grande se escureçe,;Com quem a fama grande se escure,
Canto 3, estrofe 96, verso 4;Da liberalidade Alexandrina.;Da liberdade Alexandrina.
Canto 3, estrofe 96, verso 5;Co este o Reino prospero floreçe,;Co este o Reino prospero florece,
Canto 3, estrofe 96, verso 6;(Alcançada ja a paz aurea divina);(Alcançada ja a paz aurea diuina)
Canto 3, estrofe 98, verso 8;Quarto Affonso: mas forte & excelẽte:;Quarto Affonso: mas forte & excellente.
Canto 3, estrofe 99, verso 1;Este sempre as soberbas Castelhanas,;Este sempre as soberdas Castelhanas,
Canto 3, estrofe 99, verso 3;Porque não he das forças Lusitanas,;Porque nam he das forças Lusitanas,
Canto 3, estrofe 99, verso 4;Temer poder maior, por mais pequeno;Temer poder maior, por mais pequeno:
Canto 3, estrofe 99, verso 5;Mas porem quando as gentes Mauritanas,;Mas porem quando as gentes Mauritanas
Canto 3, estrofe 99, verso 7;Entrarão pelas terras de Castella,;Entraram pelas terras de Castella,
Canto 3, estrofe 99, verso 8;Foy o soberbo Affonso a socorrella.;Foy o soberbo affonso a socorrella.
Canto 3, estrofe 100, verso 1;Nunca com Semirâmis, gente tanta;Nunca com Semiràmis, gente tanta
Canto 3, estrofe 100, verso 7;Co poder excessivo de Granada,;Co poder excessiuo de Granada
Canto 3, estrofe 100, verso 8;Foy nos campos Tartesios ajuntada.;Foy nos campos Tartefios ajuntada.
Canto 3, estrofe 101, verso 4;Ja perdido hũa vez, que a propria morte;Ia perdido hũa vez, que a propria morte
Canto 3, estrofe 101, verso 5;Pedindo ajuda ao forte Lusitano;Pedindo ajuda ao forte Lusitano,
Canto 3, estrofe 101, verso 6;Lhe mandaua a carissima consorte,;Lhe mandaua a carissima conforte,
Canto 3, estrofe 101, verso 8;Daquelle a cujo Reino foi mandada.;Daquelle a cuja Reino foy mandada.
Canto 3, estrofe 102, verso 1;Entrava a fermosissima Maria,;Entraua a fermosissima Maria,
Canto 3, estrofe 102, verso 6;Pelos eburneos hombros espalhados:;Pelos heburneos hombros espalhados:
Canto 3, estrofe 102, verso 7;Diante do Pay ledo, que a agasalha,;Diante do pay ledo, que a agasalha,
Canto 3, estrofe 102, verso 8;Estas palavras tais chorando espalha.;Estis palauras tais chorando espalha.
Canto 3, estrofe 103, verso 3;O grão Rei de Marrocos conduzio;O gram Rei de Marrocos conduzio
Canto 3, estrofe 103, verso 5;Poder tamanho junto não se vio,;Poder tamanho junto nam se vio,
Canto 3, estrofe 103, verso 7;Trazem, ferocidale, & furor tanto,;Trazem ferocidade, & furor tanto,
Canto 3, estrofe 104, verso 5;E se não for contigo socorrido,;E se nam for contigo socorrido,
Canto 3, estrofe 104, verso 8;Sem marido, sem Reino, & sem ventura.;Sem marido, sem Reino, & sim ventura.
Canto 3, estrofe 105, verso 6;De pay o verdadeiro amor assella.;De pay o verdadeiro amor assella:
Canto 3, estrofe 105, verso 7;Acude & corre pay, que se não corres,;Acude & corre pay, que se nam corres,
Canto 3, estrofe 105, verso 8;Pode ser que não aches quem socorres.;Pode ser que nam aches quem socorres.
Canto 3, estrofe 106, verso 3;A Iupiter seu pay fauor pedia,;A Iupiter seu pay fauor, pedia,
Canto 3, estrofe 106, verso 4;Pera Eneas seu filho, nauegando,;Pera Eneas seu filho, nauegando
Canto 3, estrofe 106, verso 6;Que caido das mãos o rayo infando:;Que caido das mãos o rayo infando.
Canto 3, estrofe 107, verso 1;Mas ja cos esquadrões da gente armada,;Mas ja cis esquadrões da gente armada,
Canto 3, estrofe 107, verso 4;Vão rinchando os cauallos jaezados:;Vam rinchando os cauallos jaezdos:
Canto 3, estrofe 107, verso 6;Os corações aa paz acostumados:;Os cirações aa pas acostumados:
Canto 3, estrofe 107, verso 7;Vay às fulgentes armas incitando;Vay as fulgentes armas incitando
Canto 3, estrofe 107, verso 8;Polas concauidades retumbando.;Pelas concauidades retumbando.
Canto 3, estrofe 108, verso 6;A qualquer coração amedrontado.;A qualquer coraçam amedrontado.
Canto 3, estrofe 109, verso 2;Nos campos de Tarifa, estão defronte;Nos campos de Tarifa, estam defronte
Canto 3, estrofe 109, verso 3;Da grande multidão da cega gente,;Da grande multidam da cega gente,
Canto 3, estrofe 109, verso 5;Não ha peito tão alto & tam potente,;Nam ha peito tam alto & tam potente,
Canto 3, estrofe 109, verso 6;Que de desconfiança não se afronte,;Que de desconfiança nam se afronte
Canto 3, estrofe 109, verso 7;Em quanto não conheça, & claro veja,;Em quanto nam conheça, & claro veja,
Canto 3, estrofe 110, verso 1;Estão de Agar os netos casi rindo,;Estam de Agar os netos casi rindo,
Canto 3, estrofe 110, verso 4;Ante mão, entre o exercito Agareno:;Ante mão, ante o exercito Agareno:
Canto 3, estrofe 110, verso 8;Aa nobre terra alhea chamão sua.;Aa nobre terra alhea chamam sua.
Canto 3, estrofe 111, verso 5;Com palauras soberbas o arrogante,;Com palavras soberbas & arrogante,
Canto 3, estrofe 111, verso 8;Quanto mais pode a Fê que a força humana.;Quanto mais pode a Fè que a força humana:
Canto 3, estrofe 112, verso 1;Desta arte o Mouro perfido despreza,;Desta arte o Mouro perfido despreza
Canto 3, estrofe 112, verso 2;O poder des Christãos, & não entende,;O poder dos Christãos, & nam entende,
Canto 3, estrofe 112, verso 3;Que està ajudado da alta fortaleza,;Que está ajudado da alta fortaleza,
Canto 3, estrofe 112, verso 4;A quem o Inferno horrifico se rende.;A quem o Inferno borrifico se rende.
Canto 3, estrofe 112, verso 5;Co ella o Castelhano, & com destreza,;Co ella o Castelbano, & com destreza
Canto 3, estrofe 113, verso 1;Eis as lanças & espadas retenião,;Eis as lanças & espadas reteniam.
Canto 3, estrofe 113, verso 3;Chamão (segundo as leis que ali seguião,);Chamão (segundo asleis que ali seguiam,)
Canto 3, estrofe 113, verso 4;Hũs Mafamede, & os outros Sanctiago,;Hūs Mafamede, & os outros Sanctiago,
Canto 3, estrofe 113, verso 5;Os feridos com grita o Ceo ferião,;Os feridos com grita ao Ceo feriam,
Canto 3, estrofe 113, verso 6;Fazendo de seu sangue bruto lago,;Fazendo de seu sangue bruto lago
Canto 3, estrofe 113, verso 7;Onde outros meios mortos se afogauão,;Onde outros meios mortos se afogauam.
Canto 3, estrofe 113, verso 8;Quando do ferro as vidas escapauão.;Quando do ferro as vidas escapauam.
Canto 3, estrofe 114, verso 6;Inda não bem contente o forte braço,;Inda nam bem contente o frote braço,
Canto 3, estrofe 115, verso 1;Ia se hia o Sol ardente recolhendo,;Ia se hia Sol ardente recolhendo,
Canto 3, estrofe 115, verso 2;Pera a casa de Thetis, & inclinado,;Pera a casa de Thetis, & incliado,
Canto 3, estrofe 115, verso 5;Quando o poder do Mauro grande & horẽdo;Quãdo o podeer do Mauro grande & horrẽdo
Canto 3, estrofe 116, verso 2;Dos que morrerão neste vencimento,;Dos que morreram neste vencimento,
Canto 3, estrofe 116, verso 3;Quando as agoas co sangue do aduersario,;Quando as agoas co sangue do aduersario
Canto 3, estrofe 117, verso 4;Do pouo pertinaz no antigo rito:;D pouo pertinaz no antigo rito:
Canto 3, estrofe 117, verso 6;E não força de braço, o nobre Tito,;E nam força de braço, o nobre Tito,
Canto 3, estrofe 117, verso 8;E despois por IESV certificado.;E despois de IESV certificado.
Canto 3, estrofe 118, verso 1;Passada esta tão prospera victoria,;Passada esta tam prospera victoria,
Canto 3, estrofe 118, verso 4;Quanta soube ganhar na dura guerra,;Quanta soube ganhar na dura guerra:
Canto 3, estrofe 119, verso 1;Tu so, tu puro Amor com força crua,;Tuso, tu puro amor com força crua,
Canto 3, estrofe 119, verso 2;Que os corações humanos tanto obriga,;Que os corações humanos tanto obriga
Canto 3, estrofe 119, verso 7;E por que queres aspero & tirano;E porque queres aspero & tirano
Canto 3, estrofe 119, verso 8;Tuas aras banhar em sangue humano.;Tuas aras banhar em sangue humano:
Canto 3, estrofe 120, verso 3;Naquelle engano da alma, ledo & cego,;Naquelle engano da alma, ledo & cego
Canto 3, estrofe 120, verso 4;Que a fortuna não deixa durar muito,;Que a fortuna nam deixa durar muito,
Canto 3, estrofe 120, verso 7;Aos montes insinando, & âs eruinhas;Aos montes infinando, & às eruinhas
Canto 3, estrofe 121, verso 1;Do teu Principe ali te respondião,;Do teu Principe ali te respondiam,
Canto 3, estrofe 121, verso 3;Que sempre ante seus olhos te trazião,;Que sempre ante seus olhos te traziam,
Canto 3, estrofe 121, verso 5;Denoite em doçes sonhos, que mentião,;Denoite em doçes sonhos, que mentiam,
Canto 3, estrofe 121, verso 6;De dia em pensamentos que voauão.;De dias em pensamentos que voauão.
Canto 3, estrofe 122, verso 2;Os desejados tâlamos engeita,;Os desejados tàlamos engeita,
Canto 3, estrofe 122, verso 7;O murmurar do pouo, & a fantasia;O murmurar do pouo & a fantasia
Canto 3, estrofe 122, verso 8;Do filho, que casarse não queria.;Do filho, que casar se nam queria.
Canto 3, estrofe 123, verso 3;Crendo co sangue sô da morte indina,;Crendo co sangue so da morte indina,
Canto 3, estrofe 123, verso 6;Que pode sustentar o grande peso;Que pode sustentar o grande pesO
Canto 3, estrofe 123, verso 8;Contra hũa fraca dama delicada?;Contra hũa fraca dama delicada
Canto 3, estrofe 124, verso 1;Trazião a os horrificos algozes,;Traziam aos horrificos algozes,
Canto 3, estrofe 124, verso 5;Ella com tristes & piedosas vozes,;Ella com tristes & piadosas vozes,
Canto 3, estrofe 124, verso 6;Saidas sô da magoa, & saudade;Saidas so da magoa, & saudade
Canto 3, estrofe 124, verso 7;Do seu Principe, & filhos que deixaua,;Do seu Principe, & filhos que deixaua
Canto 3, estrofe 125, verso 2;Com lagrimas os olhos piedosos,;Com lagrimas os olhos piadosos,
Canto 3, estrofe 125, verso 4;Hum dos duros ministros rigurosos.;Hum dos duros ministros rigurosos:
Canto 3, estrofe 126, verso 1;Se ja nas brutas feras, cuja mente;Seja nas brutas feras, cuja mente
Canto 3, estrofe 126, verso 5;Com pequenas crianças vio a gente,;Com pequenas criaulas vio a gente,
Canto 3, estrofe 126, verso 7;Como co a mãy de Nino ja mostrârão,;Como co a mãy de Nino ja mostràrão,
Canto 3, estrofe 126, verso 8;E cos yrmãos que Roma edificàrão.;E cos yrmãos que Roma edificàram.
Canto 3, estrofe 127, verso 1;O tu que tẽs de humano o gesto & o peito;O tu que tẽs de humano o gesto & o peito,
Canto 3, estrofe 127, verso 3;Fraca & sem força, so por ter subjeito;Fraca & sem forla, so por ter subjeito
Canto 3, estrofe 127, verso 4;O coração, a quem soube vencella.);O coraçam, a quem soube vencella.)
Canto 3, estrofe 127, verso 5;A estas criançinhas tem respeito,;A estas criancinhas tem respeito,
Canto 3, estrofe 127, verso 6;Pois o não tẽs aa morte escura della,;Pois o nam tẽs aa morte escura della,
Canto 3, estrofe 127, verso 8;Pois te não moue a culpa que não tinha.;Pois te nam moue a culpa que nam tinha.
Canto 3, estrofe 128, verso 3;Sabe tambem dar vida com clemencia,;Sabe tambem das vida com clemencia,
Canto 3, estrofe 128, verso 4;A quem pera perdela não fez erro:;A quem pera perdella nam fez erro:
Canto 3, estrofe 128, verso 7;Na Scitia fria, ou la na Lybia ardente,;na Scitia fria, ou la na Lybia ardente,
Canto 3, estrofe 129, verso 1;Poem me onde se vse toda a feridade,;Poemme onde se vse toda a feridade,
Canto 3, estrofe 129, verso 4;Que entre peitos humanos não achey:;Que entre peitos humanos nam achey:
Canto 3, estrofe 129, verso 7;Estas reliquias suas que aqui viste,;Estas riliquias suas que aqui viste,
Canto 3, estrofe 129, verso 8;Que refrigerio sejão da mãy triste.;Que refrigerio sejam da mãy triste.
Canto 3, estrofe 130, verso 2;Mouido das palauras que o magoão:;Mouido das palauras que a magoão:
Canto 3, estrofe 130, verso 4;(Que desta sorte o quis) lhe não perdoão,;(Que desta sorte o quis) lhe nam perdoão,
Canto 3, estrofe 130, verso 7;Contra hũa dama, ô peitos carniceiros;Contra hũa dama, o peitos carniceiros
Canto 3, estrofe 130, verso 8;Feros vos amostrais, e cavalleiros?;Feros vos mostrais, & caualleiros.
Canto 3, estrofe 131, verso 2;Consolação extrema da mãy velha,;Consolaçam extrema da mãy velha,
Canto 3, estrofe 131, verso 4;Co serro o duro Pirro se aparelha:;Co ferro o duro Pirro se aparelha:
Canto 3, estrofe 132, verso 7;Se encarniçauão, feruidos & yrosos,;Se encarniçauam, feruidos & yrosos,
Canto 3, estrofe 132, verso 8;No foturo castigo não cuidosos.;No futuro castigo nam cuidosos.
Canto 3, estrofe 133, verso 1;Bem podêras, ô Sol, da vista destes;Bem podèras, ô Sol, da vida destes
Canto 3, estrofe 133, verso 5;Vos, ô concauos vales que podestes,;Vos, ô concauos valles que podestes,
Canto 3, estrofe 133, verso 6;A voz extrema ouuir da boca fria,;A voz extrema ouuir da boca fria
Canto 3, estrofe 133, verso 7;O nome do seu Pedro que lhe ouuistes,;O nome do seu Pedro que ouuistes,
Canto 3, estrofe 134, verso 3;Sendo das mãos laciuas mal tratada,;Sendo das mãos laciuas maltratada,
Canto 3, estrofe 135, verso 2;Longo tempo chorando memorarão,;Longo tempo chorando memoraram,
Canto 3, estrofe 135, verso 3;E por memoria eterna em fonte pura;E por memoria eterna em fonte pura.
Canto 3, estrofe 135, verso 4;As lagrimas choradas transformarão:;As lagrimas choradas transformaram:
Canto 3, estrofe 135, verso 5;O nome lhe poserão, que inda dura,;O nome lhe poseram, que inda dura,
Canto 3, estrofe 135, verso 6;Dos amores de Ines que ali passarão.;Dos amores de Ines que ali passaram.
Canto 3, estrofe 136, verso 2;Não visse Pedro das mortais feridas,;Nam visse Pedro das mortais feridas,
Canto 3, estrofe 136, verso 7;O concerto fizerão duro & injusto,;O concerto fizeram duro & injusto,
Canto 3, estrofe 137, verso 2;De latrocinios, mortes & adulterios,;De latrocintos, mortes & adulterios,
Canto 3, estrofe 137, verso 3;Fazer nos mãos cruezas, fero & yroso,;Fazer nos maos cruezas, fero & yroso,
Canto 3, estrofe 137, verso 4;Erão os seus mais certos refrigerios:;Eram os seus mais certos refrigerios:
Canto 3, estrofe 137, verso 5;As cidades guardando justiçoso,;As cidides guardando justiçoso,
Canto 3, estrofe 137, verso 8;Que o vagabundo Alcides, ou Theseu.;Que o vagabundo Altides, ou Theseu.
Canto 3, estrofe 138, verso 1;Do justo & duro Pedro nasce o brando;Do justo & duro Pedro nasceo brando
Canto 3, estrofe 138, verso 2;(Vede da natureza o desconcerto);(Vede da natureza o desconforto)
Canto 3, estrofe 138, verso 3;Remisso, & sem cuidado algum Fernando,;Remisso, & sem cuidado algum Fernando
Canto 3, estrofe 138, verso 4;Que todo o Reino pos em muito aperto,;Que todo o Reino pos em muito aperto
Canto 3, estrofe 138, verso 8;Que hum fraco Rei faz fraca a forte gente.;Qur hum fraco Rei faz fraca a forte gente
Canto 3, estrofe 139, verso 3;E casar se se co de enleuado,;E casarse com ella de enleuado,
Canto 3, estrofe 139, verso 5;Ou soy que o coração sogeito, & dado;Ou foy que o coraçam sogeito, & dado
Canto 3, estrofe 139, verso 8;Que hum baxo amor os fortes enfraquece.;Que hum baxo amor os forte enfraquece.
Canto 3, estrofe 140, verso 1;Do peccado tiuerão sempre a pena;Do peccado tiueram sempre a pena
Canto 3, estrofe 140, verso 3;Os que forão roubar a bella Elena,;Os que foram roubar a bella Elena,
Canto 3, estrofe 140, verso 7;De Benjamim? bem claro nolo insina,;De Benhamim? bem claro nolo onfina,
Canto 3, estrofe 140, verso 8;Por Sarra Faraô, Sychem por Dina.;Por Sarra Faraò, Sychem por Dina.
Canto 3, estrofe 141, verso 1;E pois se os peitos fortes enfraqueçe,;E pois se os peitos fortes enfraqueçe
Canto 3, estrofe 141, verso 3;Bem no filho de Almena se pareçe,;Bem no filho de Almena se pareçe.
Canto 3, estrofe 141, verso 8;Despois que hũa moça vil na Apulia viste:;Despois que hũa moça vil na Apulia viste.
Canto 3, estrofe 142, verso 1;Mas quem pode livrarse por ventura,;Mas quem pode liurarse por ventura,
Canto 3, estrofe 142, verso 2;Dos laços que amor arma brandamente;Dos laços que amor arma brandamednte
Canto 3, estrofe 142, verso 4;O ouro, & o alabastro transparente;O ouro, & o labastro transparente
Canto 3, estrofe 142, verso 5;Quem de hũa peregrina fermosura;Quem de hũa peregrina sermosura
Canto 3, estrofe 142, verso 7;Que o coração conuerte que tem preso,;Que o coraçam conuerte que tem preso,
Canto 3, estrofe 142, verso 8;Em pedra não: mas em desejo aceso.;Em pedra nam: mas em desejo aceso>
Canto 3, estrofe 143, verso 1;Quem vio hum olhar seguro, hum gesto brando,;Quem vio hum olhar seguro, hum gesto brando
Canto 3, estrofe 143, verso 3;Que em si estâ sempre as almas trãformãdo;Que em si està sempre as almas trãformãdo
Canto 3, estrofe 143, verso 5;Desculpado por certo estâ Fernando,;Desculpado por certo está Fernando,
Canto 3, estrofe 143, verso 6;Pera quem tem de amor experencia:;Pera quem tem de amor experiencia:
Canto 3, estrofe 143, verso 8;Por muyto mais culpado o julgaria.;Por muito mais culpado o julgaria.
Canto 4, estrofe 1, verso 1;DEspois de procello sa tempestade,;DEspois de procellosa tempestade,
Canto 4, estrofe 2, verso 3;Naquelles que tãbem se aproueitârão,;Naquelles que tambem se aproveitárão,
Canto 4, estrofe 2, verso 5;Despois de pouco tempo o alcançârão,;Despois de pouco tempo o alcançárão,
Canto 4, estrofe 3, verso 1;Ser isto ordenação dos ceos diuina,;Ser isto ordenaçam dos ceos diuina,
Canto 4, estrofe 3, verso 2;Por sinais muito claros se mostrou;Por finais muito claross se mostrou
Canto 4, estrofe 3, verso 3;Quando em Euora a voz de hũa minina,;Quando em Euora a voz de hũa minima,
Canto 4, estrofe 3, verso 6;No berço o corpo, e a voz aleuantou,;No berço o corpo, & a voz aleuantou,
Canto 4, estrofe 3, verso 7;Portugal, Portugal, alçando a mão;Portugal, Portugal, alçando a mão.
Canto 4, estrofe 4, verso 1;Alteradas então do Reino as gentes,;Alteradas entam do Reino as gentes,
Canto 4, estrofe 4, verso 3;Absolutas cruezas, & euidentes;Absolutas cruezas & euidentes
Canto 4, estrofe 4, verso 6;Do adultero Conde, e da Rainha,;Do adultero Conde, & da Rainha,
Canto 4, estrofe 5, verso 4;Que tudo o fogo erguido queima e corre:;Que tudo o fogo erguido queima & corre:
Canto 4, estrofe 5, verso 5;Quem como Astianas precipitado;QUem como Astianas precipitado
Canto 4, estrofe 5, verso 7;A quem ordẽs, nem aras, nem respeito,;A quem de ordẽs, nem aras, nem respeito,
Canto 4, estrofe 5, verso 8;Quem nu por ruas & em pedaços feito.;quem nu por ruas & em pedaços feito.
Canto 4, estrofe 6, verso 1;Podẽse por em longo esquecimento,;Podense por em longo esquecimento,
Canto 4, estrofe 6, verso 3;Feitas do feroz Mario, e do cruento;Feitas do feroz Mario, & do cruento
Canto 4, estrofe 6, verso 4;Syla, quando o contrario lhe fogio:;Syla, quando o contrarto lhe fogio:
Canto 4, estrofe 6, verso 5;Por isso Lianor, que o sentimento;Porisso Lianor, que o sentimento
Canto 4, estrofe 6, verso 7;Faz contra Lusitania vir Castella,;Faz contra Lusitanta vir Castella,
Canto 4, estrofe 7, verso 2;Co Castelhano està, que o Reino pede,;Co Castelhano está, que o Reino pede,
Canto 4, estrofe 7, verso 5;Com esta voz Castella aleuantada,;Com esta voz castella aleuantada,
Canto 4, estrofe 7, verso 6;Dizendo que esta filha ao pay sucede:;Dizendo que esta filha ao pay succede:
Canto 4, estrofe 7, verso 8;De varias regiões & varias terras.;De vartas regiões & varias terras.
Canto 4, estrofe 8, verso 1;Vem de toda a prouincia que de hum Brigo,;Vem de toda a prouincia que de hum brigo,
Canto 4, estrofe 8, verso 3;Das terras que Fernando, e que Rodrigo;Das terras que Fernando, & que Rodrigo
Canto 4, estrofe 8, verso 4;Ganharão do tirano e Mauro estado:;Ganháram do tirano & Mauro estado:
Canto 4, estrofe 8, verso 5;Não estimão das armas o perigo,;Nam estimão das armas o perigo,
Canto 4, estrofe 9, verso 2;Ainda confiados, se ajuntauão;Ainda confiados, se ajuntauam
Canto 4, estrofe 9, verso 4;Que do Goadalquibir as agoas lauão,;Que do Goadalquibir as agoas lauam
Canto 4, estrofe 9, verso 6;Que antigamente os Tirios habitauão:;Que antigamente os Tirios habitauam
Canto 4, estrofe 10, verso 1;Tambem vem la do Reino de Toledo,;Tambem vem la do Reuno de Toledo,
Canto 4, estrofe 10, verso 3;O Tejo em torno vay suaue e ledo,;O Tejo em torno vay suaue & ledo,
Canto 4, estrofe 10, verso 4;Que das serras de Conca vem manando:;Que das ferras de Conca vem manando:
Canto 4, estrofe 11, verso 1;Tambem mouem da guerra as negras furias,;Tambem mouem da guerra as negras furias
Canto 4, estrofe 11, verso 3;De polidas razões, e que as injurias;De polidas razões, & que as injurias
Canto 4, estrofe 11, verso 5;A terra de Guipuscua, & das Asturias;A terra de Guipiscua, & das Asturias
Canto 4, estrofe 12, verso 1;Ioane, a quem do peito o esforço creçe,;Ioanne, a quem do peito o esforço creçe,
Canto 4, estrofe 12, verso 5;E não porque conselho lhe faleçe,;E nam porque conselho lhe faleçe,
Canto 4, estrofe 12, verso 8;Que sempre ouue entre muitos diferenças.;Que sempre ouue entre muitos differenças.
Canto 4, estrofe 13, verso 1;Não falta com razões quem desconcerte,;Nam falta com razões quem desconserte,
Canto 4, estrofe 13, verso 2;Da opinião de todos, na vontade,;Da opiniam de todos, na vontade,
Canto 4, estrofe 13, verso 3;Em quem o esforço antigo se conuerte,;Em quem o esforço antigo se conuerte
Canto 4, estrofe 13, verso 6;Que a propria e natural fidelidade,;que a propria & natural fidelidade
Canto 4, estrofe 13, verso 8;Negarão (como Pedro) o Deos que tem.;Negaram (como Pedro) o Deos que tem.
Canto 4, estrofe 14, verso 2;No forte dom Nuno aluerez: mas antes;No forte dom Nuno aluarez: mas antes
Canto 4, estrofe 14, verso 3;Posto que em seus irmãos tão claro o visse,;Posto que em seus Irmãos tam claro o visse,
Canto 4, estrofe 14, verso 4;Reprouando as vontades incostantes:;Reprouando as vontades inconstantes:
Canto 4, estrofe 14, verso 5;A aquellas duuidosas gentes disse,;Aaquellas duuidosas gentes disse,
Canto 4, estrofe 14, verso 6;Com palauras mais duras que elegantes,;Com palauas mais duras que alegantes,
Canto 4, estrofe 14, verso 7;A mão na espada irado, & não facundo,;A mão na espada irado, & nam facundo,
Canto 4, estrofe 14, verso 8;Ameaçando a terra, o mar, e o mundo.;Ameaçando a terra, o mar, & o mundo.
Canto 4, estrofe 15, verso 1;Como da gente illustre Portuguesa,;Como da gente ollustre Portuguesa,
Canto 4, estrofe 15, verso 2;Ha de auer quem refuse o patrio Marte?;Ha de auer quem refise o patrio Marte?
Canto 4, estrofe 15, verso 6;Quem negue a Fe, o amor, o esforço e arte;Quem negue a Fe, o amor, o esforço & arte
Canto 4, estrofe 15, verso 7;De Portugues, e por nenhum respeito;De Portugues, & por nenhum respeito
Canto 4, estrofe 15, verso 8;O proprio Reino queira ver sogeito?;O proprio Reino queira ver sogeito.
Canto 4, estrofe 16, verso 1;Como, não fois vos inda os descendentes;Como, nam sois vos inda os descendentes
Canto 4, estrofe 16, verso 7;Que sete illustres Condes lhe trouxerão;Que sete illustres Condes lhe trouxeram
Canto 4, estrofe 16, verso 8;Presos, afora a presa que tiuerão?;Presos, afora a preda que tiueram?
Canto 4, estrofe 17, verso 1;Com quem forão contino sopeados;Com quem foram contino sopeados
Canto 4, estrofe 17, verso 4;se não cos vossos fortes pais & auôs?;Se nam cos vossos fortes oais & auôs?
Canto 4, estrofe 17, verso 7;Torne vos vossas forças o Rei nouo,;Torne vos vossas forças o Reino nouo,
Canto 4, estrofe 19, verso 3;Defenderey da força dura, e infesta;Defenderey da força dura, & infesta
Canto 4, estrofe 19, verso 4;A terra nunca de outrem sojugada,;Aterra nunca de outrem sojugada,
Canto 4, estrofe 19, verso 7;Vencerey (não so estes aduersarios:);Vencerey (nam so estes aduersarios.)
Canto 4, estrofe 20, verso 1;Bem como entre os mançebos recolhidos,;Bem como entre os mancebos recolhidos,
Canto 4, estrofe 20, verso 5;Cornelio moço os faz, que compelidos;Cronelio moço os faz, que compelidos
Canto 4, estrofe 20, verso 7;Armas, nam deixarão em quanto a vida;Armas, nam deixaràm em quanto a vida
Canto 4, estrofe 21, verso 2;Que com lhe ouuir as vltimas razões;Que com lhe ouuir as vltimas razões,
Canto 4, estrofe 21, verso 5;Nos animais caualgão de Neptuno,;Nos animais caualgam de Neptuno,
Canto 4, estrofe 21, verso 6;Brandindo, & volteando arremessões.;Brandindo & Volteando arremessões,
Canto 4, estrofe 21, verso 7;Vão correndo et gritando a boca aberta,;Vão correndo & gritando a boca aberta,
Canto 4, estrofe 22, verso 1;Das gentes populares, hũs aprouão;Das gentes populares, hũs aprouam
Canto 4, estrofe 22, verso 3;Hũs as armas alimpão & renouão,;Hũs as armas alimpão & renouam,
Canto 4, estrofe 23, verso 7;Orientais exercitos, sem conto.;Orientais exercitos, sem conto
Canto 4, estrofe 23, verso 8;Com que passaua Xerxes o Helesponto.;Com que passaua Xerces o Helesponto.
Canto 4, estrofe 24, verso 1;Dom Nuno Alueres digo, verdadeiro;Dom Nuno Aluarez digo, verdadeiro
Canto 4, estrofe 24, verso 2;Açoute de soberbos Castelhanos,;Açoute de soberdos Castelhanos,
Canto 4, estrofe 24, verso 3;Como ja o fero Huno o foy primeiro;Como ja o forte Huno o foy primeiro
Canto 4, estrofe 24, verso 6;Que a ala dereita tem dos Lusitanos,;Que a ela dereita tem dos Lusitanos,
Canto 4, estrofe 24, verso 8;Men Rodriguez se diz de Vasconcelos.;Men Rodrigues se diz de Vasconcelos.
Canto 4, estrofe 25, verso 2;Antão vazquez de Almada he Capitão,;Antão vasques de Almada he Capitão,
Canto 4, estrofe 25, verso 4;Das gentes vay regendo a sestra mão,;Das gentes vay regendo a regendo a sestra mão,
Canto 4, estrofe 26, verso 1;Estauão pelos muros temerosas,;Estauam pelos muros temerosas,
Canto 4, estrofe 26, verso 3;Rezando as mais, irmãs, damas, & esposas;Rezando as mãis, irmãs, damas, & esposas
Canto 4, estrofe 26, verso 5;Ia chegāo as esquadras bellicosas,;Ia chegam as esquadras bellicosas,
Canto 4, estrofe 26, verso 8;E todas grande duuida concebem.;E todas grande duuida concebem
Canto 4, estrofe 27, verso 3;Alferezes volteão as bandeiras,;Alferezes volteam as bandeiras
Canto 4, estrofe 28, verso 1;Deu sinal a trombeta Castelhana,;Deu sinala trombeta Castelhana,
Canto 4, estrofe 28, verso 2;Horrendo, fero, ingente, e temeroso,;Horrendo, fero, ingente, & temeroso
Canto 4, estrofe 28, verso 3;Ouuio o o monte Artabro, e Guadiana,;Ouuio o o monte Artabro, & Guadiana,
Canto 4, estrofe 28, verso 5;Ouuio o Douro, & a terra Transtagana,;Ouuio o Douro, & a terra transtagana,
Canto 4, estrofe 28, verso 7;E as mãis que o som terribil escuitârão,;E as mãis que o som terribil escuitàrão,
Canto 4, estrofe 28, verso 8;Aos peitos os filhinhos apertârão.;Aos peitos os filhinhos apertàrão.
Canto 4, estrofe 29, verso 1;Quantos rostos ali se vem sem cor,;Quantos rostos ali se vem sem cor
Canto 4, estrofe 29, verso 2;Que ao coração acode o sangue amigo,;Que ao coraçam acode o sangue amigo,
Canto 4, estrofe 29, verso 5;E se o não he, pareçeo, que o furor;E se o não he, pareceo, que o furor
Canto 4, estrofe 29, verso 6;De offender, ou vencero duro immigo,;De offender, ou vencer o duro immigo,
Canto 4, estrofe 29, verso 7;Faz não sentir, que he perda grande & rara;Faz não sentir, que he perda grãde & rara
Canto 4, estrofe 30, verso 7;Derriba, & encontra, & a terra ẽ fim semea;Derriba, & encõtra, & a terra ẽ fim semea
Canto 4, estrofe 30, verso 8;Dos que a tanto desejão, sendo alhea.;Dos que a tanto desejam, sendo alhea.
Canto 4, estrofe 31, verso 1;Ia pelo espesso ar, os estridentes;la pelo espesso ar, os estridentes
Canto 4, estrofe 31, verso 3;Debaxo dos pês duros dos ardentes;Debaxo dos pés duros dos ardentes
Canto 4, estrofe 31, verso 4;Cauallos, treme a terra, os vales soão:;Cauallos, treme a tetra, os vales soão:
Canto 4, estrofe 31, verso 7;Recreçem os immigos sobre a pouca;Recreçem os inmigos sobre a pouca
Canto 4, estrofe 31, verso 8;Gente, do fero Nuno que os apouca.;Gente, do fero Neno que os apouca.
Canto 4, estrofe 32, verso 2;(Caso feo & cruel:) mas não se espanta,;(Caso feo & cruel:) mas nam se espenta,
Canto 4, estrofe 32, verso 3;Que menos he querer matar o yrmão,;que menos he querer matar o yrmão,
Canto 4, estrofe 32, verso 4;Quem contra o Rei & a patria se aleuanta:;quem contra o Rei & a patria se aleuanta:
Canto 4, estrofe 32, verso 5;Destes arrenegados muitos sam,;Dostes arrenegados muitos sam,
Canto 4, estrofe 32, verso 6;No primeiro esquadrão, que se adianta,;No primeiro esquadrão, que se adianta
Canto 4, estrofe 32, verso 7;Contra yrmãos & parentes (caso estranho);Contra yrmãos & perentes (caso estranho)
Canto 4, estrofe 32, verso 8;Quaes nas guerras Ciuis de Iulio Magno.;quaes nas guertas Ciuis de lulio Magno.
Canto 4, estrofe 33, verso 4;Coração, vos fizestes inimigos:;Coraçam, vos fizestes inimigos:
Canto 4, estrofe 33, verso 5;Se lâ no reino escuro de Sumano;Se là no reino escuro de Sumano,
Canto 4, estrofe 33, verso 6;Receberdes grauissimos castigos;Receberdes grauissimos castigos,
Canto 4, estrofe 34, verso 2;Tantos dos inimigos a elles vão:;Tantos dos inimigos a elles vam:
Canto 4, estrofe 34, verso 3;Esta ali Nuno, qual pellos outeiros;Esta ali Nuno, qual pelos outeiros
Canto 4, estrofe 34, verso 4;De Ceita estâ o fortissimo lião;De Ceita està o fortissimo lião,
Canto 4, estrofe 34, verso 5;Que cercado se ve dos caualleiros;Que cercado se ve dos caualleiros,
Canto 4, estrofe 34, verso 7;Perseguem no com as lanças, & elle iroso;Perseguemno com lanças, & elle iroso
Canto 4, estrofe 34, verso 8;Toruado hũ pouco estâ, mas não medroso.;Toruado hũ pouco està, mas nam medroso.
Canto 4, estrofe 35, verso 1;Com torua vista os vê, mas a natura;Com torua vista os vé, mas a natura
Canto 4, estrofe 35, verso 3;Que as costas dê, mas antes na espessura;Que as costas dè, mas antes na espessura
Canto 4, estrofe 35, verso 5;Tal està o caualeiro que a verdura;Tal está o caualleiro que a verdura
Canto 4, estrofe 35, verso 6;Tinge co sangue alheyo, ali perecem;Tinge co sangue alheyo, ali perem
Canto 4, estrofe 35, verso 7;Algũs dos seus, que o animo valente;Algũs dos seus, que o animo valente,
Canto 4, estrofe 36, verso 2;Nuno, que como sabio capitão,;Nuno, que como sabio capitam,
Canto 4, estrofe 36, verso 3;Tudo corria, & via, & a todos daua;Tudo corria, & via, & a todos daua,
Canto 4, estrofe 36, verso 4;Com presença & palauras coração:;Com presença & palauras coraçam:
Canto 4, estrofe 36, verso 5;Qual parida Lioa fera e braua;Qual parida Lioa, fera & braua,
Canto 4, estrofe 36, verso 6;Que os filhos que no ninho sôs estão;Que os filhos que no ninho sos estam
Canto 4, estrofe 36, verso 7;Sentio, que em quanto pasto lhe buscara,;Sentio, que em quanto pasto lhe buscara.
Canto 4, estrofe 37, verso 1;Corre raiuosa, & freme, & com bramidos;Corre raiuosa, & freme, & com bramidos,
Canto 4, estrofe 37, verso 3;Tal Ioane com outros escolhidos;Tal loanne com outros escolhidos
Canto 4, estrofe 37, verso 4;Dos seus, correndo acode aa primeira ala:;Dos seus correndo acode aa primeira ala:
Canto 4, estrofe 37, verso 6;Caualeyros, a quem nenhum se ygoala,;Caualleiros, a quem nenhum se ygoala,
Canto 4, estrofe 37, verso 8;Da liberdade, estâ na vossa lança.;Da liberdde, està na vossa lança.
Canto 4, estrofe 38, verso 2;Que entre as lanças e sêtas, e os arneses;Que entre as lanças & setas, & os arneses
Canto 4, estrofe 38, verso 3;Dos inimigos corro, & vou primeiro;Dos inimigos corro, & vou primeiro:
Canto 4, estrofe 38, verso 5;Isto disse o magnanimo guerreyro;Isto disse o magnanimo guerreiro,
Canto 4, estrofe 38, verso 6;E sopesando a lança quatro vezes,;E sopeando a lança quatro vezes,
Canto 4, estrofe 38, verso 7;Com força tira & deste vnico tiro;Com força tira & deste viico tiro
Canto 4, estrofe 38, verso 8;Muytos lançarão o vltimo sospiro,;Muitos lançarão o vltimo sospiro
Canto 4, estrofe 39, verso 4;Perigos vencerâ, do Marcio jogo;Perigos vencerà, do Marcio jogo
Canto 4, estrofe 39, verso 5;Porfião: tingeo ferro o fogo ardente;Porfiam: tinge o ferro o fogo ardente,
Canto 4, estrofe 39, verso 6;Rompem malhas primeiro, e peitos logo;Rompem malhas primeiro, & peitos logo
Canto 4, estrofe 39, verso 7;Assi recebem junto & dão feridas;Assi recebem junto, & dão feridas
Canto 4, estrofe 40, verso 1;A muitos mandão ver o Estigio lago;A muitos mandam ver o Estigio lago
Canto 4, estrofe 40, verso 2;Em cujo corpo a morte, e o ferro entraue;Em cujo corpo a morte, & o ferro entrua,
Canto 4, estrofe 40, verso 3;O Mestre morre ali de Sanctiago;O Mestre morre ali de Sanctiago,
Canto 4, estrofe 40, verso 4;Que fortissimamente pelejaua;Que fortissimamente pelejaua:
Canto 4, estrofe 40, verso 6;Outro Mestre cruel de Calatraua;Outro Mestre cruel de Calatraua,
Canto 4, estrofe 41, verso 1;Muitos tambem do vulgo vil sem nome;Muitos tambem do ulgo vil sem nome
Canto 4, estrofe 41, verso 2;Vão, e tambem dos nobres ao profundo;Vão, & tambem dos nobres ao profundo,
Canto 4, estrofe 41, verso 3;Onde o Trifauce Cão perpetua fome;Onde o Trisauce Cão perpetua fome
Canto 4, estrofe 41, verso 4;Tem, das almas que passão deste mundo;Tem, das almas que passam deste mundo:
Canto 4, estrofe 41, verso 6;A soberba do imigo furibundo,;A soberda do imigo furibundo,
Canto 4, estrofe 41, verso 7;A sublime bandeira Castelhana;A sublime bandeira Castelhana,
Canto 4, estrofe 42, verso 1;Aqui a fera batalha se encruece;Aqui a fera batalha se encruece,
Canto 4, estrofe 42, verso 2;Com mortes, gritos, sangue & cutiladas;Com mortes, gritos, sangue & cutiladas,
Canto 4, estrofe 42, verso 3;A multidão da gente que perece;A multidão da gente que perece,
Canto 4, estrofe 42, verso 4;Tem as flores da propria cor mudadas:;Tem as flores da propra cor mudadas:
Canto 4, estrofe 42, verso 5;la as costas dão & as vidas: ja falece;Ia as costas dam & as vidas: ja falece
Canto 4, estrofe 42, verso 6;O furor, & sobejão as lançadas,;O furor, & sobejam as lançadas,
Canto 4, estrofe 42, verso 7;la de Castella o Rey desbaratado;Ia de Castella o Rey desbaratado
Canto 4, estrofe 43, verso 1;O campo vay deixando ao vencedor;O campo vay deixando ao vencedor,
Canto 4, estrofe 43, verso 2;Contente de lhe não deixar a vida;Contente de lhe nam deixar a vida,
Canto 4, estrofe 43, verso 3;Seguẽ no os que ficarão, & o temor;Seguemno os que ficaram, & o temor
Canto 4, estrofe 43, verso 4;Lhe da não pês, mas asas aa fugida:;Lhe da nam pès, mas asas aa fugida:
Canto 4, estrofe 44, verso 2;Do primeyro que guerra fez no mundo;Do primeiro que guerra fez no mundo
Canto 4, estrofe 44, verso 6;Pouo auentura aas penas do profundo;Pouo auentura aas penas do pofundo,
Canto 4, estrofe 45, verso 3;Com offertas despois, e romarias;Com offertas despois, & romarias
Canto 4, estrofe 45, verso 5;Mas Nuno que nao quer por outras vias,;Mas Nuno que nam quer por outras vias,
Canto 4, estrofe 45, verso 6;Entre as gentes deixar de si memoria;Entre as gentes deixar de si memoria,
Canto 4, estrofe 45, verso 7;Se não por armas sempre soberanas;Senam por armas sempre soberanas,
Canto 4, estrofe 45, verso 8;Pera as terras se passa Trãnstaganas.;Pera as terras se passa Transtaganas.
Canto 4, estrofe 46, verso 2;Que fez igoal o effeito ao pensamento,;Que fez igoalo effeito ao pensamento,
Canto 4, estrofe 46, verso 4;Lhe concede o despojo & o vencimento;Lhe concede o despojo & o vencimento:
Canto 4, estrofe 46, verso 5;Ia de Siuilha a Betica bandeira;Ia de Suilha a Betica bandeira,
Canto 4, estrofe 46, verso 6;E de varios senhores nũ momento;E de varios senhores num momento
Canto 4, estrofe 46, verso 7;Se lhe derriba aos pês sem ter defesa;Se lhe derriba aos pès sem ter defesa.
Canto 4, estrofe 47, verso 1;Destas & outras victorias longamente;Destas & outras victorias longamente,
Canto 4, estrofe 47, verso 2;Erão os Castelhanos opprimidos;Eramos Castelhanos opprimidos,
Canto 4, estrofe 47, verso 4;Derão os vencedores dos vencidos:;Derão os vencedores aos vencidos:
Canto 4, estrofe 47, verso 5;Despois que quis o Padre omnipotente;Despois que quis o Padre omnipotente,
Canto 4, estrofe 47, verso 6;Dar os Reis inimigos por maridos;Dar os Reis inimigos por maridos,
Canto 4, estrofe 47, verso 7;Aas duas Illustrissimas Inglesas;Aas duas illustrissimas Inglesas,
Canto 4, estrofe 48, verso 1;Não sofre o peito forte vsado aa guerra;Não soffre o peito forte vsado aa guerra
Canto 4, estrofe 48, verso 2;Não ter imigo ja a quem faça dano,;Nam ter imigo ja a quem faça dano,
Canto 4, estrofe 48, verso 3;E assi não tendo a quem vencer na terra;E assi nam tendo a quem vencer na terra
Canto 4, estrofe 48, verso 6;Da patria, por fazer que o Afrinano,;Da patria, por fazer que o Africano,
Canto 4, estrofe 49, verso 1;Eis mil nadantes aues pello argento;Eis mil nadantes aues polo argento
Canto 4, estrofe 49, verso 5;O monte Abila, & o nobre fundamento;O monte Abila, & o nobre fundamento.
Canto 4, estrofe 49, verso 8;Da Iuliana, mâ, & desleal manha.;Da Iuliana, má, & desleal manha.
Canto 4, estrofe 50, verso 1;Não consentio a morte tantos annos;Nam consentio a morte tantos annos,
Canto 4, estrofe 50, verso 2;Que de Heroe tão ditoso se lograsse;Que de Heroe tam ditoso se lograsse
Canto 4, estrofe 50, verso 4;Do ceo supremo, quis que pouoasse:;DO ceio supremo, quis que pouoasse:
Canto 4, estrofe 50, verso 6;Deixou quem o leuou, quem gouernasse,;Deixou quem a leuou, quem gouernasse,
Canto 4, estrofe 50, verso 7;E aumentasse a terra mais que dantes;E aumentasse a terra mais que dantes,
Canto 4, estrofe 50, verso 8;Inclita gêração, altos Infantes.;Inclita gêraçam, altos Infantes.
Canto 4, estrofe 51, verso 1;Não foy do Rey Duarte tão ditoso;Não foy do Rey Duarte tam ditoso,
Canto 4, estrofe 51, verso 2;O tempo que ficou na summa alteza,;O tempo que ficou na summa alteza
Canto 4, estrofe 51, verso 8;Não vsou ella tanto desta ley.;Nam usou ella tanto desta ley.
Canto 4, estrofe 52, verso 1;Vio ser captiuo o sancto irmão Fernando;Vio ser captiuo o sancto urmão Fernando.
Canto 4, estrofe 52, verso 2;Que a tão altas empresas aspiraua;Que a tam altas empresas aspiraua,
Canto 4, estrofe 52, verso 5;Sô por amor da patria estâ passando;Só por amor da patria està passando
Canto 4, estrofe 52, verso 6;A vida de senhora feyta escraua,;A vida de senhor a feita esescraua,
Canto 4, estrofe 52, verso 7;Por não se dar por elle ha forte Ceita;Por nam se dar por elle a forte Ceita
Canto 4, estrofe 52, verso 8;Mais o publico bem que o seu respeita.;Mais o pubrico bem que o seu respeita.
Canto 4, estrofe 53, verso 3;Regulo porque a patria não perdesse,;Regulo porque a patria nam perdesse,
Canto 4, estrofe 53, verso 5;Este porque se Espanha não temesse;Este porque se Espanha nam temesse
Canto 4, estrofe 53, verso 7;Codro, nem Curcio, ouuido por espanto;Codro, nem Curcio, ouuido por espanto,
Canto 4, estrofe 53, verso 8;Nemos Decios leais fizerão tanto.;Nem os Decios leais fizeram tanto.
Canto 4, estrofe 54, verso 2;Nome em armas ditoso, em nossa Hesperia,;Nome em armas ditoso, em nossa Hesperia
Canto 4, estrofe 54, verso 3;Que a soberba do barbaro fronteiro,;Que a soberba do barbado fronteiro,
Canto 4, estrofe 54, verso 4;Tornou em baxa e humilima miseria,;Tornou em baxa & humilima miseria,
Canto 4, estrofe 54, verso 6;Se não quisera yr ver a terra Iberia:;Se nam quisera yr ver a terra Iberia:
Canto 4, estrofe 54, verso 7;Mas Africa dira ser impossibil,;Mas Afrrica dira ser impossibil,
Canto 4, estrofe 54, verso 8;Poderninguem vencer o Rei terribil.;Poder ninguem vencer o Rei terribil.
Canto 4, estrofe 55, verso 5;Na fronte a palma leua, e o verde louro,;Na fronte a palma leua, & o verde louro,
Canto 4, estrofe 56, verso 4;A derribarem quanto achão diante,;A derribarem quanto acham diante,
Canto 4, estrofe 56, verso 7;Fizerão caualleiros nesta empresa;Fizeram caualleiros nesta empresa
Canto 4, estrofe 57, verso 1;Porem despois tocado de ambição,;Porem despois tocado de ambiçam,
Canto 4, estrofe 57, verso 3;Vay cometer Fernando de Aragão,;Vay cometer Fernando de Aragam,
Canto 4, estrofe 57, verso 5;Ajuntase a inimiga multidão,;Ajuntase a inimiga multidam,
Canto 4, estrofe 57, verso 8;Que tudo ao Rei Fernando obedeceo.;Qu tudo ao Rei Fernando obedeçeo.
Canto 4, estrofe 58, verso 1;Não quis ficar nos Reinos occioso,;Nam quis ficar nos Reinos occioso,
Canto 4, estrofe 58, verso 4;Que então lhe foy ajuda não pequena,;Que entam lhe foy ajuda não pequena,
Canto 4, estrofe 58, verso 6;Com fronte não toruada, mas serena;Com fronte nam toruada: mas serena
Canto 4, estrofe 59, verso 6;E Antonio vencedor seu companheiro,;E antonio vencedor seu companheiro,
Canto 4, estrofe 59, verso 7;Quando daquelles que Cesar matârão;Quando daquelles que Cesar matáram
Canto 4, estrofe 59, verso 8;Nos Philipicos campos se vingârão.;Nos Philipicos campos se vingàram.
Canto 4, estrofe 60, verso 2;Affonso apousentou no Ceo sereno,;Affonso aposentou no Ceo sereno,
Canto 4, estrofe 60, verso 3;O Principe que o Reino então gouerna,;O Principe que o Reino entam gouerna,
Canto 4, estrofe 60, verso 4;Foy Ioanne segundo, e Rei terzeno:;Foy Ioanne segundo, & Rei terzeno:
Canto 4, estrofe 61, verso 1;Manda seus mensageiros que passarão;Manda seus mensageiros que passaram
Canto 4, estrofe 61, verso 3;E la no illustre porto se embarcârão,;E la no illustre porto se embracàram,
Canto 4, estrofe 61, verso 5;Napoles onde os fados se mostrârão,;Napoles onde os fados se mostràram,
Canto 4, estrofe 61, verso 6;Fazendoa a varias gentes subjugada,;Fazendoa a varias gentes subjugadas,
Canto 4, estrofe 62, verso 1;Polo mar alto Siculo nauegão,;Polo mar alto Siculo nauegam,
Canto 4, estrofe 62, verso 2;Vão se das praías de Rodes arenosas,;Vãose aas prais de Rodes arenosas,
Canto 4, estrofe 62, verso 3;E dali aas ribeiras altas chegão,;E dali aas ribeiras altas chegam,
Canto 4, estrofe 62, verso 5;Vão a Menfis, e aas terras que se regão,;Vão a Menfis, & aas terras que se regão,
Canto 4, estrofe 62, verso 6;Das enchentes Niloticas vndosas,;Das enchentes Niloticas undosas,
Canto 4, estrofe 62, verso 8;Que de Christo la guarda o sancto rito:;Que de Christo la guarda o sancto rito.
Canto 4, estrofe 63, verso 4;Que o filho de Ismael co nome ornou:;Que o filho de lsmael co nome ornou:
Canto 4, estrofe 63, verso 6;Que a mãy do bello Adonis tanto honrou,;Que a mãy do bello Adonis tanto honrou
Canto 4, estrofe 64, verso 1;Entrão no estreito Persico, onde dura;Entram no estreito Persico, onde dura
Canto 4, estrofe 64, verso 2;Da confusa Babel, inda a memoria,;Da confusa Babel, inda a memoria
Canto 4, estrofe 64, verso 6;Que causa inda sera de larga historia;Que causa inda sera de larga historia,
Canto 4, estrofe 64, verso 8;Onde nam se atreueo passar Trajano.;Onde nam se atreueo passar Trajano
Canto 4, estrofe 65, verso 1;Virão gentes incognitas, & estranhas;Virão gentes incognitás, & estranhas
Canto 4, estrofe 65, verso 2;Da India, da Carmania, & Gedrosia,;Da lndia, da Carmania, & Gedrosia,
Canto 4, estrofe 65, verso 4;Que cada Região produze & cria:;Que cada Região produze & cria,
Canto 4, estrofe 65, verso 5;Mas de vias tão asperas, tamanhas;Mas de vias tam asperas, tamanhas
Canto 4, estrofe 65, verso 6;Tornarse facilmente não podia,;Tornarse facilmente nam podia,
Canto 4, estrofe 65, verso 7;La morrerão em fim, e la ficárão.;La morreram em fim, & la ficáram.
Canto 4, estrofe 65, verso 8;Que aa desejada patria não tornârão.;Que aa desejada patria nam tornàram.
Canto 4, estrofe 66, verso 1;Paresce que guardaua o claro Ceo;Parece que guardaua o claro Ceo
Canto 4, estrofe 66, verso 3;Esta empresa tão ardua, que o moueo;Esta empresa tam ardua, que o moueo
Canto 4, estrofe 66, verso 5;(Manoel, que a Ioane socedeo;(Manoel, que a Ioanne soccedeo
Canto 4, estrofe 66, verso 7;Logo como tomou do remo cargo;Logo como tomou do reino cargo,
Canto 4, estrofe 67, verso 2;Daquella obrigação, que lhe ficâra;Daquella obrigaçam, que lhe ficàra
Canto 4, estrofe 67, verso 5;Não deixasse de ser hum so momento;Nam deixasse de ser hum so momento
Canto 4, estrofe 67, verso 8;A repouso conuidāo, quando caem.;A repouso conuidão, quando caem.
Canto 4, estrofe 68, verso 1;Estando ja deitado no aureo leito;Estabdo ja deitado no aureo leito,
Canto 4, estrofe 68, verso 2;Onde ymaginações mais certas sam,;Onde imaginações mais certas sam,
Canto 4, estrofe 68, verso 4;De seu officio,& sangue a obrigação,;De seu officio, & sangue a obrigaçam,
Canto 4, estrofe 68, verso 5;Os olbos lhe occupou o sonno acceito;Os olhos lhe occupou o sonno aceito,
Canto 4, estrofe 68, verso 6;Sem lhe desoccupar o coração,;Sem lhe desoccupor o coraçam:
Canto 4, estrofe 68, verso 8;Morfeo en varias formas lhe aparece.;Morfeo em varias formas lhe aparece.
Canto 4, estrofe 69, verso 2;Tão alto que tocaua aa prima Esphera,;Tam alto que tocaua aa prima Esphera
Canto 4, estrofe 69, verso 7;Vio de antiguos longinquos & altos montes;Vio de antiguos longin juos & altos montes
Canto 4, estrofe 70, verso 2;Pello monte seluatico habitauão,;Pello monte seluatico habitauam,
Canto 4, estrofe 70, verso 4;O passo & o trato aas gentes atalhauão:;O passo & o trato aas gentes atalhauam:
Canto 4, estrofe 70, verso 5;Estas duras montanhas aduersarias;Estas duras montanhas aduersarias,
Canto 4, estrofe 70, verso 6;De mais conuersação, por si mostrauão;De mais conuersaçam, por si mostrauam
Canto 4, estrofe 70, verso 8;Não as romperão nunca pês humanos.;Nam as romperão nunca pês huunanios
Canto 4, estrofe 71, verso 2;Por elle os largos passos inclinando,;Por elle os lirgos passos inclinando,
Canto 4, estrofe 71, verso 3;Dous homẽs, que muy velhos parecião;Dous homẽs que muy velhos parecião
Canto 4, estrofe 71, verso 4;De aspeito, inda que agreste, venerando:;De aspeito, inda que agreste, venerando
Canto 4, estrofe 71, verso 6;Gotas, que o corpo todo vão banbando,;Gotas, que o corpo todo vão banhando,
Canto 4, estrofe 71, verso 8;A barba hirsuta, intonsa, mas comprida.;A barba hirsuta, intonsa, mas comprido.
Canto 4, estrofe 72, verso 2;Ramos não conhecidos & eruas tinha,;Ramos nam conhecidos, & eruas tinha,
Canto 4, estrofe 72, verso 3;Hum delles a presença traz cansada;Hum delles a presença tras cansada
Canto 4, estrofe 72, verso 5;E assi a agoa com impito alterada;E assi a agoa com impeto alterada
Canto 4, estrofe 72, verso 8;Vay buscar os abraços de Aretusa.;Vay buscar os braços de Aretusa.
Canto 4, estrofe 73, verso 4;Grande parte do mundo esta guardada,;Grande parte do mundo está guardada,
Canto 4, estrofe 73, verso 6;Cuja cerviz bem nunca foy domada,;Cuja ceruiz bem nunca foy domada,
Canto 4, estrofe 74, verso 3;Estoutro he o lndo Rey, que nesta serra;Estoutro he o Indo Rey que nesta serra
Canto 4, estrofe 74, verso 4;Que vês, seu nacimento tem primeiro:;Que vès, seu nacimento tem primeiro:
Canto 4, estrofe 74, verso 7;Com não vistas victorias, sem receyo;Com nam vistas victorias, sem receyo,
Canto 4, estrofe 74, verso 8;A quantas gentes vês poras o freyo:;A quantas gentes vès poras o freyo.
Canto 4, estrofe 75, verso 4;E grande alteração de pensamento:;E grande alteraçam de pensamento:
Canto 4, estrofe 75, verso 5;Estendeo nisto Febo o claro manto;Estendeo nisto Febo o claro manto:
Canto 4, estrofe 75, verso 7;Veyo a menham no ceo pintando as côres;Veyo a menham no ceo pintado as cores
Canto 4, estrofe 76, verso 1;Chama o Rei os senhores a conselho;Chama o Rei os sonhores a conselho,
Canto 4, estrofe 76, verso 2;E propoẽ lhe as figuras da visam,;E propoemlhe as figuras da visam,
Canto 4, estrofe 76, verso 3;As palauras lhe diz do sanċto velho,;As palauras lhe diz do sancto velho,
Canto 4, estrofe 76, verso 4;Que a todos forão grande admiração:;Que a todos foram grande admiraçam:
Canto 4, estrofe 76, verso 5;Determinão o nautico aparelho;Determinam nautico aparelho,
Canto 4, estrofe 76, verso 6;Pera que com sublime coração;Pera que com sublime coraçam
Canto 4, estrofe 77, verso 2;Se posesse o que o peito me pedia,;Sa posesse o que o peito me pedia,
Canto 4, estrofe 77, verso 4;Presago o coração me prometia:;Presago o coraçam me prometia.
Canto 4, estrofe 77, verso 5;Não sey porque razão, por que respeito,;Nam sey porque razão, porque respeito,
Canto 4, estrofe 77, verso 6;Ou por que bom sinal que em mi se via,;Ou porque bom final que em mi se via,
Canto 4, estrofe 77, verso 7;Me poẽ o inclyto Rei nas mãos a chaue;Me poem inclyto Rei nas mãos a chaue
Canto 4, estrofe 77, verso 8;Deste cometimento grande, & grave.;Deste cometimento grande, & grande.
Canto 4, estrofe 78, verso 1;E com rogo & palauras amorosas;E com rogo & palauras àmorosas
Canto 4, estrofe 78, verso 2;Que he hũ mando nos Reis que a mais obriga,;Que he hũ mãdo nos Reis que a mais obriga,
Canto 4, estrofe 78, verso 4;Se alcanção com trabalho & com fadiga:;Se alcançam com trabalho & com fadiga:
Canto 4, estrofe 78, verso 5;Faz as pessoas altas & famosas;Faz as pessoas altas & famosas,
Canto 4, estrofe 78, verso 7;Que quando ao medo infame não se rende;Que quando ao medo infime não se rende
Canto 4, estrofe 78, verso 8;Então, se menos dura, mais se estende.;Então, se menos dura mais se estende.
Canto 4, estrofe 79, verso 4;O que eu sey que por mi vos sera leue:;O que eu sey que per mi vos sera leue:
Canto 4, estrofe 79, verso 6;Aventurarme a ferro, a fogo, a neue,;Auenturarme a ferro, a fogo, a neue,
Canto 4, estrofe 79, verso 7;He tão pouco por vos que mais me pena;He tam pouco por vos, que mais me pena
Canto 4, estrofe 79, verso 8;Ser esta vida cousa tão pequena.;Ser esta vida cousa tam pequena
Canto 4, estrofe 80, verso 3;O lião Cleonêo, Arpias duras;O lião Cleoneo, Arpias duras
Canto 4, estrofe 80, verso 4;O porco de Erimanto, a Ydra braua:;O porco de Erimanto, a Idra braua:
Canto 4, estrofe 80, verso 5;Decer em fim aas sombras vans & escuras;Decerem fim aas sombras vans & escuras
Canto 4, estrofe 80, verso 8;Por vos, o Rey, o esprito & carne he prōpta.;Por vos, o Rey, o sprito & carne he prõpta.
Canto 4, estrofe 81, verso 1;Com merces sumptuosas me agardece;Com merces sumptuosas me agardece,
Canto 4, estrofe 81, verso 2;E com razoẽs me louua esta vontade,;E com razões me louua esta vontade,
Canto 4, estrofe 81, verso 6;Obrigado damor & damizade,;Obrigado damor e damizade,
Canto 4, estrofe 81, verso 8;O charo meu Irmão Paulo da Gama.;O charo meu Irmaõ Paulo da Gama.
Canto 4, estrofe 82, verso 1;Mais se me ajunta Nicolao Coelho;Mais se me ajunta Nicolao Coelho,
Canto 4, estrofe 82, verso 5;la de manceba gente me aparelho;Ia de manceba gente me aparelho
Canto 4, estrofe 82, verso 7;Todos de grande esforço, & assi parece;Todos de grande esforço, e assi parece
Canto 4, estrofe 83, verso 2;Porque com mais amor se apercebessem;Porque com mais amor se apercebessem,
Canto 4, estrofe 83, verso 5;Assi forão o Mynias ajuntados;Assi foram o Mynias ajuntados,
Canto 4, estrofe 84, verso 1;E ja no porto da inclita Vlissea;E ja no porto da inclita Vlissea,
Canto 4, estrofe 84, verso 4;Co salgado Neptuno o doce Tejo:);Co salgado Neptuno o doçe Tejo:)
Canto 4, estrofe 84, verso 5;As naos prestes estão, & não refrea;As naos prestes estam, & não refrea
Canto 4, estrofe 84, verso 8;Estão pera seguirme a toda parte.;Estam pera seguirme a toda parte.
Canto 4, estrofe 85, verso 1;Pellas prayas vestidos os soldados;Pellas prayas vestidos os soldados,
Canto 4, estrofe 85, verso 5;Nas fortes naos os ventos sossegados;Nas fortes naos os ventos sossegados,
Canto 4, estrofe 86, verso 3;Aparelhamos a alma pera a morte;Aparelhamos a alma pera a morte,
Canto 4, estrofe 86, verso 7;Imploramos fauor que nos guiasse;Imploramos fauor que nos guiasse,
Canto 4, estrofe 87, verso 1;Partimonos assi do sanċto templo;Partimonos assi do sancto templo,
Canto 4, estrofe 87, verso 2;Que nas Prais do mar estâ assentado,;Que nas Praias do mar està assentado,
Canto 4, estrofe 87, verso 5;Certifico te, o Rey, que se contemplo;Certificote, o Rey, que se contemplo
Canto 4, estrofe 87, verso 6;Como fuy destas prayas apartado,;Como fuy destas prayas apartado
Canto 4, estrofe 87, verso 7;Cheyo dentro de duuida & receyo;Cheyo dentro de duuida & receyo,
Canto 4, estrofe 87, verso 8;Que apenas nos meus olhos ponho o freyo.;Que a penas nos meus olhos ponho o freyo
Canto 4, estrofe 88, verso 1;Agente da cidade aquelle dia;A gente da cidade aquelle dia
Canto 4, estrofe 88, verso 4;Saudosos na vista & descontentes:;Saudosos ma vista, & descontentes:
Canto 4, estrofe 89, verso 1;Em tão longo caminho & duuidoso;Em tam longo caminho & duuidoso,
Canto 4, estrofe 89, verso 2;Por perdidos as gentes nos julgauão,;Por perdidos as gentes nos julgauam
Canto 4, estrofe 89, verso 4;Os homẽs com suspiros que arrancauão:;Os homẽs com suspiros que arrancauam:
Canto 4, estrofe 89, verso 5;Mãis, Esposas, Irmãs, que o temeroso;Mãis, Esposas, lrmãs, que o temeroso
Canto 4, estrofe 89, verso 6;Amor mais desconfia, acrecentauão;Amor mais desconfia, acrecentauam
Canto 4, estrofe 89, verso 7;A desesperação, & frio medo;A desesperaçam, & frio medo
Canto 4, estrofe 89, verso 8;De ja nos não tornar a ver tão cedo.;De ja nos nam tornar a ver tam cedo.
Canto 4, estrofe 90, verso 3;Desta cansada ja velhice minha,;Desta cansa la ja velhice minha,
Canto 4, estrofe 90, verso 4;Que em choro acabarâ, penoso & amaro:;Que em choro acabarà, penoso & amaro:
Canto 4, estrofe 90, verso 7;A fazer o funereo enterramento;A fazer o funero enterramento,
Canto 4, estrofe 90, verso 8;Onde sejas de pexes mantimento?;Onde sejas de peixes mantimento?
Canto 4, estrofe 91, verso 1;Qual em cabello: O doce & amado esposo;Qualem cabello: O doce & amado esposo
Canto 4, estrofe 91, verso 2;Sem quem não quis amor que viuer possa,;Sem quem não quis amor, que viuer possa,
Canto 4, estrofe 91, verso 4;Essa vida que he minha, & não he vossa?;Essa vida que he minha, & nam he vossa?
Canto 4, estrofe 91, verso 6;Vos esquece a afeição tão doce nossa?;Vos esquece a afeiçam tam doce nossa?
Canto 4, estrofe 91, verso 7;Nosso amor, nosso vão contentamento;Nosso amor, nosso vão contentamento,
Canto 4, estrofe 92, verso 1;Nestas & outras palauras que dizião;Nestas & outras palauras que diziam
Canto 4, estrofe 92, verso 3;Os velhos & os mininos os seguião;Os velhos & os mininos os seguiam,
Canto 4, estrofe 92, verso 5;Os montes de mais perto respondião;Os montes de mais perto respondiam
Canto 4, estrofe 92, verso 7;A branca area as lagrimas banhauão;A branca area as lagrimas banhauam,
Canto 4, estrofe 92, verso 8;Que em multidão co ellas se ygoalauão.;Que em multidam co ellas se igoalauam,
Canto 4, estrofe 93, verso 1;Nos outros sem a vista aleuantarmos;Nos outros sem a vista aleuantarmos,
Canto 4, estrofe 93, verso 4;Do preposito firme começado:;Do proposito firme começado:
Canto 4, estrofe 93, verso 8;A quem se aparta, on fica, mais magoa.;Aquem se aparta, ou fica, mais magoa.
Canto 4, estrofe 94, verso 1;Mas hum velho daspeito venerando,;Mas hum velho daspeito venerndo,
Canto 4, estrofe 94, verso 7;Cum saber so dexperiencias feyto;Cum saber so desperiencias feyto
Canto 4, estrofe 94, verso 8;Tais palauras tirou do experto peito:;Tais palauras tirou do experto peito.
Canto 4, estrofe 95, verso 1;O gloria de mandar, o vaã cubiça;O gloria de mandar, o vaã cobiça
Canto 4, estrofe 95, verso 3;O fraudolento gosto, que se atiça;O fraudulento gosto, que se atiça
Canto 4, estrofe 95, verso 6;fazes no peito vão que muito te ama,;Fazes no peito vão que muito te ama,
Canto 4, estrofe 95, verso 8;Que crueldades nelles esprimentas.;Que crueldodes nelles esprimentas.
Canto 4, estrofe 96, verso 1;Dura inquietação dalma & da vida;Dura inquietaçam dalma & da vida
Canto 4, estrofe 96, verso 5;Chamante illustre, chamante subida,;Chamantes illustre, chamante subida,
Canto 4, estrofe 97, verso 1;Aque nouos desastres determinas;A que nouos desastres determinas
Canto 4, estrofe 97, verso 2;De leuar estes reynos & esta gente?;De leuar estes reunos & esta gente?
Canto 4, estrofe 97, verso 5;Que promessas de reynos, & de minas;Que promessa de reynos, & de minas
Canto 4, estrofe 97, verso 6;Douro, que lhe faras tão facilmente?;Douro, que lhe faras tam facilmente?
Canto 4, estrofe 98, verso 1;Mas ô tu geração daquelle insano;Mas ô tu geraçam daquelle infano
Canto 4, estrofe 98, verso 2;Cujo peccado & desobediencia,;Cujo peccado & desobediencia
Canto 4, estrofe 98, verso 4;Te pos neste desterro & triste ausencia:;Te pos neste desterro & trsite ausencia:
Canto 4, estrofe 98, verso 7;Idade douro, tanto te priuou;Idade douro tanto te priuou
Canto 4, estrofe 99, verso 1;Ia que nesta gostosa vaidade;Ia que nesta gosto sa vaidade
Canto 4, estrofe 99, verso 2;Tanto enlevas a leue fantasia,;Tanto enleuas a leue fantansia,
Canto 4, estrofe 99, verso 3;la que aa bruta crueza & feridade;Ia que aa bruta crueza & feridade
Canto 4, estrofe 99, verso 4;Poseste nome esforço & valentia,;Poseste nome esforço & valentia:
Canto 4, estrofe 99, verso 5;la que prezas em tanta quantidade;Ia que prezas em tanta quantidade
Canto 4, estrofe 99, verso 7;De ser sempre estimada, pois que ja;De ser sempre e estimada, pois que ja
Canto 4, estrofe 99, verso 8;Temeo tanto perdella quem a dâ.;Temeo tanto perdella quem a dà.
Canto 4, estrofe 100, verso 2;Com quem sempre teras guerras sobejas?;Com quem semrpe teras guerras sobejas?
Canto 4, estrofe 100, verso 5;Não tem cidades mil, terra infinita,;Nam tem cidades mil, terra infinita
Canto 4, estrofe 100, verso 7;Não he elle por armas esforçado;Nam he elle por armas esforçado
Canto 4, estrofe 100, verso 8;Se queres por victorias ser louuado?;Se queres por victorias ser louuado.
Canto 4, estrofe 101, verso 2;Por yres buscar outro de tão longe,;Por yres buscar outro de tam longe,
Canto 4, estrofe 101, verso 6;Porque a fama te exalte e te lisonge,;Porque a fama te exalte & te lisonge,
Canto 4, estrofe 101, verso 8;Da India, Persia, Arabia, e de Ethiopia.;Da India, Perfia, Arabia, & de Ethiopia.
Canto 4, estrofe 102, verso 1;O maldito o primeiro que no mundo;O Maldito o primeiro que no mundo
Canto 4, estrofe 102, verso 2;Nas ondas vella pôs en seco lenho,;Nas ondas vellas pos em seco lenho,
Canto 4, estrofe 102, verso 3;Dino da eterna pena do profundo;Dino da eterna pena do profundo,
Canto 4, estrofe 102, verso 6;Nem cythara sonora, ou viuo engenho,;Nem cythara sonoro, ou viuo engenho,
Canto 4, estrofe 102, verso 7;Te dê por isso fama, nem memoria,;Te dé por isso fama, nem memoria:
Canto 4, estrofe 102, verso 8;Mas comtigo se acabe o nome & gloria.;Mas contigo se acabe o nome & a gloria.
Canto 4, estrofe 103, verso 1;Trouxe o filho de lapeto do Ceo;Trouxe o filho de Iapeto do Ceo
Canto 4, estrofe 103, verso 4;Em mortes, em desonras (grande engano);em mortes, em desonras ( grande engano)
Canto 4, estrofe 103, verso 5;Quanto milhor nos fora Prometeo,;Quanto milhor nos fora Promoteo,
Canto 4, estrofe 103, verso 7;Que a tua estatua Illustre não tiuera;Que a tua estatua llustre nam tiuera
Canto 4, estrofe 104, verso 1;Não cometera o moço miserando;Nam cometera o moço miserando
Canto 4, estrofe 104, verso 2;O carro alto do pay, nem o âr vazio;O carro alto do apy, nem o àr vazio
Canto 4, estrofe 104, verso 4;Hum, nome ao mar, & o outro, fama ao rio:;Hum, nome ao mar, & o outro fama ao rio:
Canto 4, estrofe 104, verso 5;Nenhum cometimento alto & nefando;Nenhum cometimento alio & nefando,
Canto 4, estrofe 104, verso 6;Por fogo, ferro agoa, calma & frio,;Por fogo, ferro, agoa, calma & frio,
Canto 4, estrofe 104, verso 7;Deixa intentado a humana geração:;Deixa intentado a humana geraçam:
Canto 4, estrofe 104, verso 8;Misera sorte, estranha condição!;Misera sorte, estranha condição.
Canto 5, estrofe 1, verso 1;EStas sentenças tais o velho honrado;Estas sentenças tais o velho honrado
Canto 5, estrofe 1, verso 2;Vociferando estaua, quando a- brimos;Vociferando estaua, quando a-brimos
Canto 5, estrofe 2, verso 1;Entruaa neste tempo o eterno lume,;Entraua neste tempo o eterno lume,
Canto 5, estrofe 2, verso 6;Cursos do Sol quatorze vezes cento,;Cursos do Sol quatorze vezes canto,
Canto 5, estrofe 2, verso 8;quando no mar a armada se estendia.;Quando no mar a armada se estendia.
Canto 5, estrofe 3, verso 1;Ia a vista pouco & poucos se desterra;Ia a vista pouco & pouco se desterra
Canto 5, estrofe 3, verso 2;Daquelles patrios montes que ficauão,;Daquelles patrios montes que ficauam,
Canto 5, estrofe 3, verso 4;De Sintra, & nella os olhos se alongauão:;De Sintra, & nella os olhos se alongauam
Canto 5, estrofe 3, verso 6;O coração, que as magoas lâ diyxauão,;O coraçam, que as magoas là deixauam,
Canto 5, estrofe 4, verso 1;Assi fomos abrindo aquelles mares;Asi fomos abrindo aquelles mares
Canto 5, estrofe 4, verso 2;Que geração algũa não abrio,;Que geraçam algũa nam abrio,
Canto 5, estrofe 4, verso 3;As nouas Ilhas vendo, & os nouos ares,;As nouas ilhas vendo & os nouos ares,
Canto 5, estrofe 4, verso 4;Que o generoso Enrique descobrio:;Que o generoso Enrique descobrio
Canto 5, estrofe 4, verso 6;Terra que Anteo num tempo possuyo,;Terra que Anteo num tempo possoyo,
Canto 5, estrofe 5, verso 1;Passamos a grande llha da madeira;Passamos a grande Ilha da madeira
Canto 5, estrofe 5, verso 3;Das que nos pouoamos, a primeira,;Dis que nos pouoamis, a primeira,
Canto 5, estrofe 5, verso 8;De Cypro, Guido, Pafos, & Cythêra.;De Cypro, Guido, Pafos, & Cythèra.
Canto 5, estrofe 6, verso 1;Deixamos de Massilia a esteril costa;Deixamos de Massilia a esteril costa,
Canto 5, estrofe 7, verso 5;Aqui gentes estranhas laua e rega;Aqui gentes estranhas laua & rega
Canto 5, estrofe 8, verso 1;Passadas tendo ja as Canareas ilhas;Passadas tendo ja as Canarias ilhas
Canto 5, estrofe 8, verso 4;Do velho Hesperio, Heşperidas chamadas;Do velho Hesperio, Hesperidas chamadas
Canto 5, estrofe 8, verso 6;Andarão vendo jaa nossas armadas,;Andaram vendo jaa nossas armadas,
Canto 5, estrofe 8, verso 7;Ali tomamos por to com bom vento;Ali tomamos porto com bom vento
Canto 5, estrofe 9, verso 6;Tornamos a cortar o immenso lago,;Tornarmos a cortar o immenso lagô,
Canto 5, estrofe 10, verso 2;De Africa, que ficaua ao Oriente,;De Africa, que ficaua ao Oriente
Canto 5, estrofe 10, verso 6;Logramos o metal rico e luzente,;Logramos o metal rico & luzente,
Canto 5, estrofe 11, verso 2;Das Irmaãs, que outrotempo ali viuião,;Das Irmaãs, que outro tempo aliviuião,
Canto 5, estrofe 11, verso 4;Todas tres dhum so olho se seruião:;Todas tres ahum so olho se feruião:
Canto 5, estrofe 11, verso 6;Neptuno la nas agoas acendião,;Neptuno ta nas agoas acendião,
Canto 5, estrofe 12, verso 2;No grandissimo golfaõ nos metemos,;No grandissimo golfão nos metemos,
Canto 5, estrofe 12, verso 6;O mar nas prayas notas, que ali temos,;O mar nas prauas notas, que alitemos,
Canto 5, estrofe 12, verso 7;Ficou, co a Ilha illustre que tomou;Ficou, coa Ilha illustre que tomou
Canto 5, estrofe 12, verso 8;O nome dhum que a lado a Deos tocou.;O nome ahum que o lado a Deos tocou.
Canto 5, estrofe 13, verso 1;Ali o muy grande reyno estâ de Congo;Ali muy grande reyno está de Congo
Canto 5, estrofe 13, verso 2;Por nos ja conuertido â fee de Christo,;Por nòs ja conuercido a fee de Christo,
Canto 5, estrofe 13, verso 4;Rio pellos antigos nuca visto:;Rio pellos antigos nunca visto:
Canto 5, estrofe 14, verso 1;Ia descuberto tinbamos diante;Ia descuberto tinhamos diante
Canto 5, estrofe 14, verso 3;Não vista deoutra gente, que ignorante;Não vista de outra gente, que ignorante
Canto 5, estrofe 14, verso 7;Do Polo fixo, onde inda se não sabe;Do Polo fixo, onde inda se nam sabe
Canto 5, estrofe 15, verso 1;Assi passando aquellas regioẽs;Assi passando aquellas regiões
Canto 5, estrofe 15, verso 3;Dous inuernos fazendo & dous veroẽs;Dous inuernos fazendo & dous verões
Canto 5, estrofe 15, verso 5;Por calmas, por tormentas & opressoẽs;Por calmas, por tormentas & opressões
Canto 5, estrofe 15, verso 6;Quesempre faz no mar o yrado Eolo,;Que sempre faz no mar o yrado Eolo,
Canto 5, estrofe 15, verso 7;Vimos as Vrsas a pesar de Iuno;Vimos as Visas a pesar de Iuno
Canto 5, estrofe 16, verso 3;Subitas trovoadas temerosas,;Subitas trouoadas, temerosas,
Canto 5, estrofe 16, verso 5;Negros chuueiros, noites tenebrosas,;Negros chuueiros, nites tenebrosas,
Canto 5, estrofe 16, verso 6;Bramidos de trouoẽs que o mundo fendem,;Bramidos de trouões que o mundo fendem,
Canto 5, estrofe 17, verso 2;Que tem por mestra a longa experiencia,;Que tem por mestra alonga experiencia,
Canto 5, estrofe 18, verso 4;De tempestade escura & triste pranto:;De tempestade escura & trsite pranto:
Canto 5, estrofe 18, verso 5;Não menos foy a todos eccessivo;Não menos foy a todos eccessiuo
Canto 5, estrofe 18, verso 6;Milagre, & cousa certo de alto espanto,;Milagre, & cousa certa de alto espanto,
Canto 5, estrofe 19, verso 1;Eu o vi certamente (& não presumo;Eu vi certamente (& não persumo
Canto 5, estrofe 19, verso 2;Que a vista me enganaua) leuantar se,;Que a vista me enganaua) leuantarse,
Canto 5, estrofe 19, verso 3;No ar hum vaporzinho e sutil fumo;No ar hum vaporzinho & sutil fumo
Canto 5, estrofe 19, verso 7;Dos olhos facilinente não podia,;Dos olhos facilmente nam podia,
Canto 5, estrofe 20, verso 1;Hiase pouco & pouzo acrecentando;Hiase pouco & pouco acrecentando
Canto 5, estrofe 20, verso 8;Co cargo grande dagoa em si tomada.;Co cargo grande dagoa em si tomado.
Canto 5, estrofe 21, verso 1;Qual roxa Sanguesuga se veria;Qual roxa sangue suga se veria
Canto 5, estrofe 21, verso 2;Nos beiços da alimaria (que imprudente,;Nos beixos da alimaria ( que imorudente,
Canto 5, estrofe 22, verso 2;O pê que tem no mar a si recolhe,;O pé que tem no mar a si recolhe,
Canto 5, estrofe 22, verso 6;Mas o sabor do sal lhe tira, & tolhe,;Mas o sabor so sal lhe tira, & tolhe,
Canto 5, estrofe 23, verso 1;Se os antigos Philosophos, que andarão;Se os antigos Philosophos, que andaram
Canto 5, estrofe 23, verso 3;As marauilhas que eu passei, passarão;As marauilhas que eu passei, passaram
Canto 5, estrofe 23, verso 4;A tão diuersos ventos dando as vellas:;A tam diuersos ventos dando as vellas:
Canto 5, estrofe 23, verso 5;Que grandes escripturas que deixarão;Que grandes escripturas que deicaram
Canto 5, estrofe 23, verso 6;Que influição de sinos & de estrellas,;Que influiçam de sinos & de estrellas,
Canto 5, estrofe 24, verso 4;Mostrara, em quãto o mar cortaua a armada:;Mostrará, em quãto o mar cortaua a armada
Canto 5, estrofe 24, verso 6;Prompto coa vista, terra, terra, brada,;Prompto coa vista, terra, terra brada,
Canto 5, estrofe 24, verso 7;Salta no bordo aluoroçada a gente;Salta no bordo aouoroçada a gente
Canto 5, estrofe 25, verso 1;À maneira de nuuẽs se começão;A maneira de nuuẽs se começam
Canto 5, estrofe 25, verso 3;As ancoras pesadas se adereção,;As ancoras pesadas se adereçam,
Canto 5, estrofe 25, verso 5;E pera que mais certas se conheção;E pera que mais certas se conheçam
Canto 5, estrofe 25, verso 6;As partes tão remotas onde estamos,;As partes tam remotas onde estamos,
Canto 5, estrofe 25, verso 8;Inuenção de sutil juizo & sabio.;Inuençam de sutil juizo & sabio.
Canto 5, estrofe 26, verso 4;Da terra que outro pouo não pisou:;Da terra que outro pouo nam pisou:
Canto 5, estrofe 27, verso 2;Do Semicapro pexe a grande meta,;Do Semicapro pexee a grande meta,
Canto 5, estrofe 28, verso 1;Toruado vem na vista, como aquelle;Toruado vem na vista, com aquelle
Canto 5, estrofe 28, verso 2;Que não se vira nunca em tal estremo,;Que nam se vira nunca em tal estremo,
Canto 5, estrofe 28, verso 3;Nem elle entende a nos, nem nos a elle,;Nem elle entende anos, nem nos a elle,
Canto 5, estrofe 29, verso 5;Vi logo por sinais & por acenos;Vi logo por finais & por acenos
Canto 5, estrofe 29, verso 7;Mando o soltar com tudo, & assi caminha;MAndo o soltar com tudo & assi caminha
Canto 5, estrofe 29, verso 8;Pera a pouoação, que perto tinha.;Pera a pouoaçam, que perto tinha.
Canto 5, estrofe 30, verso 2;Todos nús, & da cor da escura treua,;Todos nus, & da cor da escura treua,
Canto 5, estrofe 31, verso 4;Em que algum bom sinal saber procuro:;Em que algum bom final saber procuro:
Canto 5, estrofe 31, verso 5;Estando, a vista alçada, co cuidado;Estando, avista alçada, co cuidado
Canto 5, estrofe 31, verso 7;Aparece, & segundo ao mar caminha,;Aparece, & segundo ao mar caminha
Canto 5, estrofe 32, verso 1;O batel de Coelho foy de pressa;O batel de Coelhe foy de pressa
Canto 5, estrofe 32, verso 4;A elle, porque não se lhe escapasse:;A elle, porque nam se lhe escapasse:
Canto 5, estrofe 32, verso 5;Outro & outro lhe saem vesse em pressa;Outro & outro lhe saem: vesse em pressa
Canto 5, estrofe 32, verso 8;Se mostra hum bando negro descuberto.;Se mostra hum bando negro descuberto>
Canto 5, estrofe 33, verso 1;Da espessa nuuem sêtas & pedradas;Da espessa nuuem setas & pedradas
Canto 5, estrofe 33, verso 3;E não forão ao vento em vão deitadas;E nam foram ao vento em vão deitadas
Canto 5, estrofe 33, verso 6;A reposta lhe demos tão tecida,;A reposta lhe demos tam tecida,
Canto 5, estrofe 34, verso 1;E sendo ja Velloso em saluamento;E sendo ja Velloso em faluamento
Canto 5, estrofe 35, verso 1;Disse então a Velloso hum companheiro;Disse entam a Velloso hum companheiro
Canto 5, estrofe 35, verso 2;(Começando se todos a sorrir);(Comecando se todos a sorrir)
Canto 5, estrofe 35, verso 7;Daquelles caẽs, de pressa hum pouco vim;Daquelles cães, de pressa hum pouco vim
Canto 5, estrofe 36, verso 1;Contou então que tanto que passarão;Contou entam que tanto que passaram
Canto 5, estrofe 36, verso 3;Auante mais passar o não deixarão,;Auante mais passaro nam deixaram,
Canto 5, estrofe 36, verso 5;E tornando se, logo se emboscarão;E tornando se, logo se emboscaram
Canto 5, estrofe 37, verso 1;Porem ja cinco Soes erão passados;Porem ja cinco Soes eram passados
Canto 5, estrofe 37, verso 6;Na cortadora proa vigiando,;Na cortadora proa vigiando
Canto 5, estrofe 38, verso 1;Tão temerosa vinha & carregada,;Tão temerosa vinha et carregada,
Canto 5, estrofe 39, verso 6;Medonha & maa, & a cor terrena & palida,;Medonha & maa, & a cor terrena & palida
Canto 5, estrofe 39, verso 8;A boca negra, os dentes amarellos.;A boca negra, os dentes antarellos.
Canto 5, estrofe 40, verso 5;Cum tom de voz nos falla horrendo & grosso;Cum tõ de voz nos falla horrendo & grosso
Canto 5, estrofe 40, verso 7;Arrepião se as carnes e o cabello;Arrepiãose as carnes & o cabello
Canto 5, estrofe 40, verso 8;A mi, e a todos, soo de ouuillo e vello.;A mi, & a todos, soo de ouuillo & vello.
Canto 5, estrofe 41, verso 3;Tu que por guerras cruas, taes e tantas;Tu que por guerras cruas, taes & tantas
Canto 5, estrofe 41, verso 7;Que eu tāto tempo haja que guardo, & tenho;Que eu tãto tempo ha que guardo & tenho
Canto 5, estrofe 42, verso 6;Estão, a teu sobejo atreuimento,;Estam, a teu sobejo atreuimento,
Canto 5, estrofe 42, verso 7;Por todo o largo mar e polla terra;Por todo o largo mar & polla terra
Canto 5, estrofe 43, verso 1;Sabe que quantas naos esta viagem;abe que quantas naos esta viagem
Canto 5, estrofe 43, verso 3;Inimiga terão esta paragem;Inimiga teram esta paragem
Canto 5, estrofe 44, verso 1;Aqui espero tomar se não me engano;Aqui espero tomr se não me engano
Canto 5, estrofe 44, verso 2;De quem me descobrio suma vingança,;De quem me descobrio sumo vingança,
Canto 5, estrofe 44, verso 3;E não se acabarâ so nisto o dano;E nãm se acabarà so nisto o dano
Canto 5, estrofe 44, verso 5;Antes em vossas naos vereys cada anno;Antes em vossas naos vereys cado anno
Canto 5, estrofe 44, verso 7;Naufragios, perdiçoẽs de toda sorte,;Naufragios, perdições de toda sorte,
Canto 5, estrofe 44, verso 8;Que o menor mal de todos seja a morte.;Que o menor mal de tods seja a morte.
Canto 5, estrofe 45, verso 3;Serey eterna & noua sepoltura;Serey eterna & noua sepultura
Canto 5, estrofe 45, verso 4;Por juizos incognitos de Deos:;Por juizos uncognitos de Deos:
Canto 5, estrofe 46, verso 1;Outro tambem virâ de honrada fama;Outro tambem virá de honrada fama
Canto 5, estrofe 46, verso 2;Liberal, caualeiro, enamorado,;Liberal, caualeiro, enamorado
Canto 5, estrofe 46, verso 3;E consigo trarâ a fermosa dama;E consigo trarà a fermosa dama
Canto 5, estrofe 46, verso 4;Que Amor por gram merce lhe terâ dado:;Que Amor por gram merce lhe terà dado:
Canto 5, estrofe 46, verso 7;Os deixarâ dhum cru naufragio viuos;Os deixará dhum cru naufragio viuos
Canto 5, estrofe 46, verso 8;Pera verem trabalhos eccessiuos.;Pera verem trabalhos eccssiuos.
Canto 5, estrofe 47, verso 3;Verão os Cafres asperos & avaros;Verão os Cafres asperos & auaros
Canto 5, estrofe 47, verso 4;Tirar aa linda dama seus vestidos:;Tirar aa linha dama seus vestidos:
Canto 5, estrofe 47, verso 5;Os cristalinos membros e perclaros;Os cristalinos membros & perclaros
Canto 5, estrofe 48, verso 4;Na feruida e implacabil espessura:;Na feruida & implacabil espessura:
Canto 5, estrofe 48, verso 5;Ali despois que as pedras abrandarem;Ali depois que as pedras abrandarem
Canto 5, estrofe 48, verso 8;Da fermosa e miserrima prisam.;Da fermosa & miserrima prisam.
Canto 5, estrofe 49, verso 5;A boca & os olhos negros retorcendo,;A boca, & os olhos negros retorcendo,
Canto 5, estrofe 50, verso 3;Que nunca a Ptolomeu, Pomponio, Estrabo,;Que nũca a Ptolomeu, Pomponio, Estrabo,
Canto 5, estrofe 50, verso 4;Plinio, & quantos passarāo fuy notorio:;Plinio, & quantos passaram fuy notorio:
Canto 5, estrofe 51, verso 3;Chameime Adamastor, e fuy na guerra;Chameime Adamastor, & fuy na guerra
Canto 5, estrofe 51, verso 5;Não que posesse serra sobre serra;Nam que posesse serra sobre serra
Canto 5, estrofe 51, verso 7;Fuy capitão domar, por onde andaua;Fuy capitam do mar, por onde andaua
Canto 5, estrofe 52, verso 6;Sayr nua na praya, & logo presa,;Sair nua na praya, & logo presa,
Canto 5, estrofe 53, verso 1;Como fosse impossibil alcançalla;Como fosse cousa impossibil alcançalla.
Canto 5, estrofe 53, verso 4;E a Doris este caso manifesto:;Ea Doris este caso manifesto:
Canto 5, estrofe 53, verso 5;De medo a Deosa então por mi lhe falla:;De medo a Deosa entam por mi lhe falla:
Canto 5, estrofe 54, verso 1;Com tudo por liurarmos o Occeano;Com tudo liurarmos o Occeano
Canto 5, estrofe 54, verso 5;Eu que cair não pude neste engano,;Eu que cair nam pude neste engano,
Canto 5, estrofe 54, verso 7;Encherāome com grandes abondanças;Encherãome com grandes abondanças
Canto 5, estrofe 54, verso 8;O peito de desejos e esperanças.;O peito de desejos & esperanças.
Canto 5, estrofe 55, verso 3;Me aparece de longe o gesto lindo;Me aparece de longe gesto linda
Canto 5, estrofe 55, verso 5;Como doudo corri de longe, abrindo;Com doudo corri de longe, abrindo
Canto 5, estrofe 55, verso 7;Deste corpo, & começo os olhos bellos;Deste corpo, & coemço os olhos bellos
Canto 5, estrofe 56, verso 2;Que crendo ter nos braços quem amaua,;Que ccrendo ter nos braços quem amaua,
Canto 5, estrofe 56, verso 8;E junto dhum penedo outro penedo;E junto dhum penedo outro penedo.
Canto 5, estrofe 57, verso 1;O Nimpha a mais fermosa do Oceano;O Nimpha a mais fermosa do Occeano
Canto 5, estrofe 57, verso 2;Ia que minha presença não te agrada,;la que minha presença nam te agrada,
Canto 5, estrofe 57, verso 6;Da magoa & da desonra ali passada,;Da magoa & da desonra ali passada
Canto 5, estrofe 57, verso 7;A buscar outro mundo, onde não visse;Abuscar outro mando, onde nam visse
Canto 5, estrofe 57, verso 8;Quem de meu pranto, & de meum mal se risse.;Quem do meu pranto, & de meu mal se risse
Canto 5, estrofe 58, verso 1;Erāo ja neste tempo meus Irmãos;Erão ja neste tempo meus Irmãos
Canto 5, estrofe 58, verso 5;E como contra o Ceo não valem mãos,;E como contra o Ceo nam valem mãos,
Canto 5, estrofe 58, verso 7;Comecey a sentir do fado imigo;Comecey a sentir do fado amigo
Canto 5, estrofe 59, verso 2;Em penedos os ossos se fizerão,;Em penedos os ossos se fizeram,
Canto 5, estrofe 59, verso 4;Por estas longas agoas se estenderão:;Por estas longas agoas se estenderam:
Canto 5, estrofe 59, verso 6;Neste remoto cabo conuerterão;Neste remoto cabo conuerteram
Canto 5, estrofe 59, verso 8;Me anda Thetis cercando destas agoas.;Me anda Thetis cercando destas agoas
Canto 5, estrofe 60, verso 2;Subito dante os olhos se apartou,;Subito dante os olhos se apartou
Canto 5, estrofe 60, verso 3;Desfez se a nuuem negra, & cum sonoro;DeSfez se a nuuem negra, & cum sonoro
Canto 5, estrofe 60, verso 5;Eu, leuantando as mãos ao sancto coro;Eu, leuantando as mãos ao soncto coro
Canto 5, estrofe 60, verso 6;Dos Anjos, que tão longe nos guiou,;Dos Anjos, que tam lange nos guiou,
Canto 5, estrofe 61, verso 1;Ia Phlegon, & Pyrois vinhão tirando;la Phlegon, & Pyrois vinham tirando
Canto 5, estrofe 61, verso 3;Quando a terra alta se nos foy mostrando;Quando a terra alta se nos foy mostrandi
Canto 5, estrofe 61, verso 4;Em que foy conuertido o grão gigante:;Em que foy conuertido o gram gigante:
Canto 5, estrofe 61, verso 6;Ia de cortar as ondas do Leuante,;la de cortar as ondas do Leuante,
Canto 5, estrofe 61, verso 7;Por ella abaixo hum pouco nauegamos;Por ella a abaixo hum pouco nauegamos
Canto 5, estrofe 61, verso 8;Onde segunda vez terra tomamos.;Onde segunda vez terra tomaMos.
Canto 5, estrofe 62, verso 2;Posto que todos Etiopes erão,;Posto que todos Etiopes eram,
Canto 5, estrofe 62, verso 3;Mais humana no trato parecia;Mais humanos no trato parecia
Canto 5, estrofe 62, verso 4;Que os outros, que tão mal nos receberão;que os ontros, que tão mal nos receberão:
Canto 5, estrofe 62, verso 7;As molheres consigo & o manso gado;A molheres consigo & o manso gado
Canto 5, estrofe 62, verso 8;Que apacentauão, gordo & bem criado.;Que apacentauão, gordo & bem criado
Canto 5, estrofe 63, verso 7;Co doce som das rusticas auenas;Co doçe sem das rusticas auenas
Canto 5, estrofe 64, verso 2;Fossem, humanamente nos tratarão,;Fossem, humanamente nos trataram,
Canto 5, estrofe 64, verso 4;A troco doutras peças que leuarão:;A troco doutras peças que leuaram:
Canto 5, estrofe 64, verso 6;Palaura sua algũa lhe alcançarão;Palaura sua algũa lhe alcançaram
Canto 5, estrofe 64, verso 7;Que desse algun final do que buscamos:;Que desse algum final do que buscamos:
Canto 5, estrofe 65, verso 4;Do Ceo, & o polo Antartico ficaua:;Do Ceo, & o Polo Antartico ficaua:
Canto 5, estrofe 65, verso 5;Aquelle ilheo deixamos, onde veyo;Aquelle ilheo deixamos, ande veyo
Canto 5, estrofe 65, verso 8;Nuquelle ilheo fez seu limite certo.;Naquelle ilheo fez seu limite certo.
Canto 5, estrofe 66, verso 3;No largo mar fazendo novas vias;No largo mar fazendo nouas vias
Canto 5, estrofe 66, verso 8;Que passar não deixaua por diante.;que passar não deixaua por diante,
Canto 5, estrofe 67, verso 3;Do mar, que cantro nos ali corria;Do mar, que contra nos ali corria
Canto 5, estrofe 67, verso 4;Que por nos a do vento que assopraua:;que por nos a do vento que assopraua:
Canto 5, estrofe 67, verso 8;Com que nos fez vencer a grão corrente.;Com que nos fez vencer a gram corrente
Canto 5, estrofe 68, verso 8;Do dia em que por elle nos metemos;Do dia em que por elle nos metemos.
Canto 5, estrofe 69, verso 4;No pouo com noṡ outros casi mudo:;No pouo com nos outros casi mudo:
Canto 5, estrofe 69, verso 5;Ora vê Rey quamanha terra andamos;Ora vè Rey quamanha terra andamos
Canto 5, estrofe 70, verso 4;Por climas & por mares não sabidos:;Por climas & por mares nam sabidos:
Canto 5, estrofe 70, verso 5;E do esperar comprido tão cansados;E do esperar com prido tam cansados
Canto 5, estrofe 70, verso 8;Inimiga de nossa humanidade.;lnimiga de nossa humanidade.
Canto 5, estrofe 71, verso 2;Danoso & mão ao fraco corpo humano,;Danoso & mão ao fraco cerpo humano,
Canto 5, estrofe 71, verso 3;E alem disso nenhum contentamento;E alem disso nenhum contentamento.
Canto 5, estrofe 71, verso 4;Que sequer da esperança fosse engano:;Que se quer da esperança fosse engano:
Canto 5, estrofe 71, verso 5;Cres tu que se este nosso ajuntamento;Cres tu que se esse nosso ajuntamento
Canto 5, estrofe 71, verso 6;De soldados, não fora Lusitano,;De soldados, nam fora Lusitano,
Canto 5, estrofe 71, verso 7;Que durara elle tanto obediente;Que durara elle tanto cbediente
Canto 5, estrofe 72, verso 1;Cres tu que ja não forão leuantados;Cres tu que ja nam forão leuautodos
Canto 5, estrofe 72, verso 2;Contra seu capitão se os resistira,;Contra seu capitam se os resistira,
Canto 5, estrofe 72, verso 3;Fazendo se Piratas, obrigados;Fazendose Piratas, obrigados
Canto 5, estrofe 72, verso 4;De desesperação, de fome, de ira?;De desesperaça, de fome, de ira?
Canto 5, estrofe 72, verso 5;Grandemente, por certo estão prouados;Grandemente, por certo estam prouados
Canto 5, estrofe 72, verso 8;De lealdade firme, & obediencia.;De lealdade firme, & odediencia.
Canto 5, estrofe 73, verso 8;Donde a rica Sofala o ouro manda.;Donde a rica Sofala o o uro manda.
Canto 5, estrofe 74, verso 4;A proa inclina dhũa & doutra nao.;Aproa inclina dhũa & doutra nao.
Canto 5, estrofe 74, verso 6;E que tanto fiou dhum fraco pao,;E que tanto ficou dhum fraco pao,
Canto 5, estrofe 74, verso 8;Foy dhũa novidade aluoroçado.;Foy dhũa nouidade aluoroçado.
Canto 5, estrofe 75, verso 4;Bateis aa vela entrauāo & sayão:;Bateis aa vela entrauão & sayão:
Canto 5, estrofe 75, verso 5;Alegria muy grande foy porcerto;Alegria muy grande foy por certo
Canto 5, estrofe 76, verso 2;Que com gente milhor comunicauão,;Que com gente mithor comunicanião,
Canto 5, estrofe 76, verso 3;Palaura algũa Arabia se conhece;Palavra algũa Arabia se conhece
Canto 5, estrofe 76, verso 6;De algodão, as cabeças apertauãa,;De algodão, as cabeças apertauão,
Canto 5, estrofe 76, verso 7;Com otro que de tinta azul se tinge;Com outro que de tinta azul se tinge
Canto 5, estrofe 76, verso 8;Cadahum as vergonhosas partes cinge.;Cada hum as vergonhosas partes cinge.
Canto 5, estrofe 77, verso 3;Dizem, que por nôs, que em grãdeza ygoalão;Dizem, que por nos, que em grãdeza igoalã
Canto 5, estrofe 77, verso 4;As nossas, o seu mar se corta & fende.;As nossas, o seu mar se certa & fende.
Canto 5, estrofe 77, verso 6;Pera onde a costa ao Sul se alarga, & estende;Pera onde a costa ao Sul se alarga, & estẽde
Canto 5, estrofe 77, verso 8;Gente assi como nos da cor do dia.;Gente assi como nos da cor do dia
Canto 5, estrofe 78, verso 3;Pellos sinais que neste rio achamos;Pellos finais que neste rio achamos
Canto 5, estrofe 78, verso 4;O nome lhe ficou dos bons sinais:;O nome lhe ficou dos bõs finais:
Canto 5, estrofe 78, verso 6;Que pera asinalar lugares tais;Que para asinalar lugares tais
Canto 5, estrofe 78, verso 7;Trazia alguns, o nome tem do bello;razia alguns, o nome tem do bello
Canto 5, estrofe 79, verso 2;Nojosa criação das agoas fundas,;Nojosa criaçam das agoas fundas,
Canto 5, estrofe 79, verso 3;Alimpamos as naos, que dos caminos;Alimpamos as naos, que dos caminhos
Canto 5, estrofe 79, verso 4;Longos do mar, vem sordidas & immundas:;Longos do mar, vem sordidas & immundas
Canto 5, estrofe 79, verso 5;Dos ospedes que tinhamos vizinhos;Dos hospedes que tinhamos vezinhos
Canto 5, estrofe 79, verso 8;Limpos de todo o falso pensamento.;Limpos de todos o falso pensamento.
Canto 5, estrofe 80, verso 1;Mas não foy, da esperança grande e immensa;Mas nam foy, da esperança grande & immensa
Canto 5, estrofe 80, verso 6;Coesta condição pesada & dura;Coesta condiçam pesada & dura
Canto 5, estrofe 80, verso 7;Nacemos, o pesar terâ firmeza,;NAcemos, o pesar tera firmeza,
Canto 5, estrofe 81, verso 3;Muitos a vida, & em terra estranha & alheia;Muitos a vida, & ẽ terra estranha & alheia
Canto 5, estrofe 81, verso 5;Quem auerâ que sem o ver o creya;Quem auerá que, sem o ver o creya
Canto 5, estrofe 81, verso 6;Que tão disformemente ali lhe incharão,;Que tam disformemente ali lhe incharão,
Canto 5, estrofe 82, verso 2;Cheiro, que o âr vizinho inficionauta,;Cheiro, que o àr vizinho inficionaua,
Canto 5, estrofe 82, verso 5;Mas qualquer neste officio pouco instructo;Mas qualquer neste officio pouco instrucio
Canto 5, estrofe 82, verso 6;Pella carne ja podre assi cortaua,;Pella carne ja podre asi cortaua,
Canto 5, estrofe 83, verso 3;Que em tal caminho & em tanta desuentura;Que em tal caminho & em tanta desuẽtura
Canto 5, estrofe 83, verso 4;Forão sempre com nosco auentureiros:;Forão sempre com nosco auentureiros
Canto 5, estrofe 83, verso 6;Quaesquer ondas do mar, quaesquer outeiros,;Quaesquer ondas do mar, quaesquer outeiros
Canto 5, estrofe 83, verso 7;Estranhos, assimesmo como aos nossos,;Estranhos, assi mesmo como aos nossos,
Canto 5, estrofe 83, verso 8;Receberão de todo o illustre os ossos.;Receberam de todo o illustre os ossos.
Canto 5, estrofe 84, verso 1;Assi que deste porto nos partimos;Asi que deste porto nos partimos
Canto 5, estrofe 84, verso 2;Com mayor esperança & mòr tristeza,;Com mayor esperança & mór tristeza,
Canto 5, estrofe 84, verso 3;E pella costa abaixo o mar abrimos;E tela costa abaixo o mar abrimos
Canto 5, estrofe 84, verso 6;De cuja falsidade e mâ vileza;De cuja falsidade & mà vileza
Canto 5, estrofe 84, verso 7;Ia seras sabedor, & dos enganos;la seras sabedor, & dos enganos
Canto 5, estrofe 85, verso 1;Ate que aqui no teu seguro porto,;Ate que aqui no teu seguro perto,
Canto 5, estrofe 85, verso 2;Cuja brandura & doce tratamento,;Cuja brandura & doçe tratamento,
Canto 5, estrofe 85, verso 3;Darâ saude a hum viuo, & vida a hũ morto,;Darà saude a hum viuo, & vida a hũ morto,
Canto 5, estrofe 85, verso 5;Aqui repousou, aqui doce conforto,;Aqui repousou, aqui doçe conforto,
Canto 5, estrofe 85, verso 6;Noua quietação do pensamento;Noua quietaçam do pensamento
Canto 5, estrofe 85, verso 7;Nos deste, & vês aqui se atente ouuiste,;Nos deste, & vès aqui se atente ouuiste,
Canto 5, estrofe 86, verso 1;Iulgas agora Rey se ouue no mundo;lulgas agora Rey se ouue no mundo
Canto 5, estrofe 86, verso 3;Crês tu que tanto Eneas & o facundo;Crès tu que tanto Eneas & o facundo
Canto 5, estrofe 86, verso 8;E do que inda ei de ver, a oitaua parte?;E do que inda ei, de ver, a oitaua parte?
Canto 5, estrofe 87, verso 5;E soutro que esclarece toda Ausonia,;E soutro que esclarece toda a Ausonia,
Canto 5, estrofe 87, verso 6;A cuja voz altisona & diuina;A cuja voz altifona & diuina
Canto 5, estrofe 88, verso 3;Fingindo Magas Circes, Polifemos,;Fingindo Magas, Circes, Polifemos,
Canto 5, estrofe 88, verso 5;Dem lhe mais nauegar â vella & remos;Dem lhe mais nauegar à vella & remos
Canto 5, estrofe 88, verso 7;Os companheiros em gostando o Leto,;Os companheiros em gostando o Loto,
Canto 5, estrofe 89, verso 7;A verdade que eu conto nua & pura;A verdade que eu conto nau & pura
Canto 5, estrofe 90, verso 1;Da boca do facundo capitão;Da boca do facundo capitam
Canto 5, estrofe 90, verso 2;Pendendo estauão todos embibidos,;Pendendo estauam todos embebidos,
Canto 5, estrofe 90, verso 3;Quando deu fim aa longa narração;Quando deu fim aa longa narraçam
Canto 5, estrofe 90, verso 5;Louua o Rey o sublime coração;Louua o Rey o sublime coraçam
Canto 5, estrofe 90, verso 6;Dos Reis em tantas guerras conhecidos,;Dos Reis em tantas gueroas conhecidos,
Canto 5, estrofe 90, verso 7;Da gente louua a antiga fortaleza,;Da gente louuà a antiga fortaleza,
Canto 5, estrofe 91, verso 4;Que tão longos caminhos rodeou:;Que tam longos caminhos rodeou:
Canto 5, estrofe 92, verso 1;Quam doce he o louuor & a justa gloria;Quam doçe he o louuor & a justa gloria
Canto 5, estrofe 92, verso 4;Vença, ou ygoale os grandes ja passados:;"Vença; ou ygoale os grandes ja possados:"
Canto 5, estrofe 92, verso 8;Louuor alheo muito o esperta & incita.;Louuor alheo muito o esperta & encita.
Canto 5, estrofe 93, verso 2;De Achiles, Alexandro na pelleja,;De Achiles, Alexandro ha pelleja,
Canto 5, estrofe 93, verso 6;Temistocles despertão so de enueja,;Temistocles despertam so de enueja,
Canto 5, estrofe 93, verso 8;Como a vez que seus feitos celebraua.;Como a vez que seus feitos celebraua:
Canto 5, estrofe 94, verso 2;Que essas navegações que o mundo canta,;Que essas nauegaçoes que o mundo canta,
Canto 5, estrofe 94, verso 3;Não merecem tamanha gloria & fama:;Não merecem tamanha glorta & fama:
Canto 5, estrofe 94, verso 6;Com doẽs, merces, fauores, & honra tanta;Com dões, merces, fauores, & honra tanta,
Canto 5, estrofe 94, verso 8;Eneas, & a Romana gloria voe.;Eneas, & a Romana glorta voe.
Canto 5, estrofe 95, verso 1;Dâ a terra Lusitana Scipioẽs;Dà a terra Lusitana Scipiões,
Canto 5, estrofe 95, verso 3;Mas não lhe dâ com tudo aquell es doẽs;Mas não lhe dà com tudo aquelles dões
Canto 5, estrofe 95, verso 7;Não dirâ Fuluia certo que he mentira;Não dirá Fuluia certo que he mentira
Canto 5, estrofe 95, verso 8;Quando a deixava Antonio por Glafira:;Quando a deixaua Antonio por Glafira.
Canto 5, estrofe 96, verso 4;Igoalava de Cicero a eloquencia:;lgoalaua de Cicero a eloquencia:
Canto 5, estrofe 97, verso 4;Se não da Portuguesa tão somente:;Se nam da Portuguesa tam somente:
Canto 5, estrofe 97, verso 6;Dalgum não ser por versos excelente,;Dalgum nam ser por versos excelente,
Canto 5, estrofe 98, verso 1;Por isso & não por falta de Natura;Por isso & não por falta de natura
Canto 5, estrofe 98, verso 3;Nem auerâ se este costume dura;Nem auerà se este costume dura
Canto 5, estrofe 98, verso 4;Pios Eneas, nem Achilles feros:;Pios Eneas, nem Achiles feros:
Canto 5, estrofe 98, verso 6;Tão asperos os fez, & tão Austeros,;Tam asperos os fez, & tam Austeros,
Canto 5, estrofe 98, verso 7;Tão rudos, & de ingenho tão remisso;Tão rudos, & de ingenho tam remisso
Canto 5, estrofe 98, verso 8;Que a muitos lhe dâ pouco, ou nada disso.;Que a muitos lhe da pouco, ou nada disso
Canto 5, estrofe 99, verso 6;Caliope não tem por tão amiga,;Caliope nam tem por tam amiga,
Canto 5, estrofe 99, verso 7;Nem as filhas do Tejo, que deixassem;Nem as filhas do Tejo, que deixassem.
Canto 5, estrofe 99, verso 8;As tellas douro fino, & que o cantassem.;As tellas douro fino, & que o cantassem
Canto 5, estrofe 100, verso 4;Das Tagides gentis, e seu respeito:;Das Tagides gentis, & seu respeito:
Canto 5, estrofe 100, verso 5;Porem não deixe em fim de ter desposto;Porem nam deixe em fim de ter desposto
Canto 5, estrofe 100, verso 8;Não perdera seu preço & sua valia.;Não perdera seu preço & sua valia
Canto 6, estrofe 1, verso 2;O Rey Pagão os fortes nauegan tes,;O Rey Pagão os fortes nauegantes,
Canto 6, estrofe 1, verso 4;Do Rey Christão, das gentes tão possantes:;Do Rey Christão, das gentes tam possantes:
Canto 6, estrofe 1, verso 5;Pesalhe que tão longe o apousentasse;Pesalhe que tam longe o apousentasse
Canto 6, estrofe 1, verso 7;A ventura, que namno fez vizinho;A ventura, que nam no fez vizinho
Canto 6, estrofe 2, verso 1;Com jogos, danças, & outras alegrías;Com jogos, danças, & outras alegrias
Canto 6, estrofe 2, verso 2;A segundo a policia Melindana,;A segundo a policia Melindana
Canto 6, estrofe 2, verso 3;Com vsadas & ledas pescarias;Com vsadas et ledas pescarias
Canto 6, estrofe 2, verso 4;Com que a Lageia Antonio alegra & engana:;Com que a Lageia Antonio alegra & engaaa
Canto 6, estrofe 3, verso 1;Mas vendo o Capitão que se detinha;Mas vendo o Capitam que se detinha
Canto 6, estrofe 3, verso 4;Os Pilotos da terra e mantimento,;Os Pilotos da terra & mantimento,
Canto 6, estrofe 3, verso 6;Muito pera cortar do salso argento,;Muito oera cortar do salso argento,
Canto 6, estrofe 3, verso 8;Que a todos amizade longa pede.;Que a todos amizade longa pode.
Canto 6, estrofe 4, verso 4;Que dar a tais barões seu reino e estado:;Que dar a tais barões sen reino & estado:
Canto 6, estrofe 4, verso 6;Estarâ de contino aparelhado,;Estarà de contino aparelhado,
Canto 6, estrofe 4, verso 7;A pôr a vida e reino totalmente;A pôr a vida & reino totalmente
Canto 6, estrofe 4, verso 8;Por tão bom Rey, por tão sublime gente.;Por tão bom Rey, por tam sublime gente.
Canto 6, estrofe 5, verso 1;Outras palavras tais lhe respondia;Outras palauras tais lhe respondia
Canto 6, estrofe 5, verso 3;Pera as terras da Aurora se partia,;Pera as terras da Aurora se partia
Canto 6, estrofe 5, verso 4;Que tanto tempo ha ja que vay buscando:;Que tanto tempo ja ja que vay buscando:
Canto 6, estrofe 5, verso 5;No Piloto que leua não auia;No Piloto que leua nam aura
Canto 6, estrofe 5, verso 7;A nauegação certa, & assi caminha;A nauegaçam certa, & asi caminha
Canto 6, estrofe 5, verso 8;Ia mais seguro do que dantes vinha.;Ia mais seguro do qye dantes vinho.
Canto 6, estrofe 6, verso 1;As ondas nauegauão do Oriente;As ondas nauegiuam do Oriente
Canto 6, estrofe 6, verso 2;Ia nos mares da India, e enxergauão;Ia nos mares da lndia, & enxergauam
Canto 6, estrofe 6, verso 4;Ia quasi seus desejos se acabauão:;la quasi seus desejos se acabanam.
Canto 6, estrofe 6, verso 5;Mas o mao de Tioneo, que na alma sente;Mas o mão de Tioneo, que na alma sente
Canto 6, estrofe 6, verso 6;As venturas, que então se aparelhauão;As venturas, que ent im se aparelhauam,
Canto 6, estrofe 6, verso 8;Arde, morre, blasfema, & desatina.;Arde, morre, blasfema & desatina.
Canto 6, estrofe 7, verso 2;De fazer de Lisboa noua Roma,;De fazer de. Lisboa noua Roma,
Canto 6, estrofe 7, verso 3;Não no pode estoruar, que destinado;Nam no pode estar uàr, qne destinado
Canto 6, estrofe 7, verso 4;Estâ doutro poder que tudo doma,;Está doutro poder que tullo doma,
Canto 6, estrofe 7, verso 5;Do Olimpo dece em fim desesperado,;Do Olimpo deue em fim desesperado,
Canto 6, estrofe 7, verso 6;Nouo remedio em terra busca, & toma,;Nouo remedio em tetra busca & toma,
Canto 6, estrofe 7, verso 7;Entra no humido reino, e vaise aa corte;Entra no humido reino, & vaise aa corte
Canto 6, estrofe 7, verso 8;Daquelle, a quem o mar cayo em sorte.;Daquelle a quem o mar cayo em sorte.
Canto 6, estrofe 8, verso 1;No mais interno fundo das profundas;No mais interno fundo das profamas
Canto 6, estrofe 8, verso 2;Cauernas altas, onde o mar se esconde,;Cauernàs altas, onde omar se esconde,
Canto 6, estrofe 8, verso 5;Neptuno mora, & morão as jocundas;Neptuno mora, & moram as jocundos
Canto 6, estrofe 8, verso 7;As agoas campo deixão aas cidades,;As agoas e impo deixam aas cidades,
Canto 6, estrofe 9, verso 7;Se he cristal o que vê, se diamante,;Se he cristalo que vè, se diamante.
Canto 6, estrofe 9, verso 8;Que assi se mostra claro & radiante.;Que asi se mostra claro & radiante.
Canto 6, estrofe 10, verso 1;As portas douro fino, e marchetadas;As portas douro fino, & mar betadas
Canto 6, estrofe 10, verso 5;E vê primeiro em cores variadas;E vè primeiro em cores variadas
Canto 6, estrofe 10, verso 6;Do velho Chaos a tão confusa face,;De velho Caos a tam confusa face,
Canto 6, estrofe 11, verso 3;Daqui as cousas viuas sempre anima,;Daqu as cousas viuas sempre anima,
Canto 6, estrofe 11, verso 5;Logo a pos elle leve se sublima;Logo apos alle leue se sublima
Canto 6, estrofe 11, verso 6;O inuisibil Ar, que mais asinha;O invisibilar, que mais asuba
Canto 6, estrofe 11, verso 8;Algum deixa no mundo estar vazio;Algum deixa no mundo estar vazio:
Canto 6, estrofe 12, verso 3;Dando pasto diuerso & dando vida;Dando pasto diverso & dando vida
Canto 6, estrofe 12, verso 4;Aas alimarias nella produzidas:;Aas allimarias nella produzidas:
Canto 6, estrofe 12, verso 5;A clara forma ali estaua esculpida;A clara forma hli estauta esculpida
Canto 6, estrofe 12, verso 8;Com seu humor mantendo os corpus todos.;Com seu humor mantendo os corpos todos.
Canto 6, estrofe 13, verso 1;Noutra parte esculpida eştaua a guerra;Noutra parte esculpida estatua a guerra
Canto 6, estrofe 13, verso 2;Que tiuerão os Deoses cos Gigantes,;Que tiverão os Deoses cos Gigantes,
Canto 6, estrofe 13, verso 3;Esta Tifeo debaixo da alta serra;Esta Tifeo debaxo da alta serra
Canto 6, estrofe 13, verso 7;Delle o cavallo onuerão, e a primeira;Delle o cauallo ouuerão, & a primeira.
Canto 6, estrofe 14, verso 1;Pouca tardança faz Lyeo irado;Pouca tardança faz Leyo irado
Canto 6, estrofe 14, verso 3;Nos paços de Neptumo, que auisado;Nos paços de Neptuno, que auisado
Canto 6, estrofe 15, verso 1;O Neptuno, lhe disse, não te espantes.;O Neptuno, lhe disse, não te espantes
Canto 6, estrofe 15, verso 2;De Baco nos teus remos receberes,;De Baco nos teus reinos receberes,
Canto 6, estrofe 16, verso 4;Que o mar habitão dhũa e doutro banda,;Que o mar habitão dhũa & doutra banda,
Canto 6, estrofe 16, verso 6;Do Rey, & de Salacia veneranda,;Do rey, & de Salacia veneranda,
Canto 6, estrofe 16, verso 8;Trombeta de seu pay, & seu Correyo.;Trombeta de seu pay & seu correyo.
Canto 6, estrofe 17, verso 5;Nas pontas pendurados não falecem;Nas pontas pendurados nam falecem
Canto 6, estrofe 17, verso 6;Os negros Misilbuēs, que ali se gerão,;Os negros misilhões, que ali se gerão,
Canto 6, estrofe 18, verso 5;Camaroẽs, & Cangrejos, & outros mais;Camarões, & Cangrejos, & outros mais
Canto 6, estrofe 18, verso 6;Que recebem de Phebe crecimento,;Que recebem de Phebo crecimento,
Canto 6, estrofe 18, verso 7;Ostras, & Camaroẽs do musco çujos,;Ostras, & Camarões do musco sujos,
Canto 6, estrofe 19, verso 2;Que trazia, com força ja tocaua,;Que trazia, com força ja tocaua
Canto 6, estrofe 19, verso 4;Por todo o mar, que longe retumbaua;Por todo o mar, que longe retumbaua:
Canto 6, estrofe 19, verso 5;la toda a companhia apercebida;Ia toda a companhia apercebida
Canto 6, estrofe 20, verso 3;Vem Nexeo, que com Doris foy casado,;Vem Nereo, que com Doris foy casado,
Canto 6, estrofe 20, verso 7;Ali veyo tambem, mas ja sabia;Ali veyo tombem, mas ja sabia
Canto 6, estrofe 21, verso 1;Vinha por outra parte a linda esposa;Vinha por outro parte a linda esposa
Canto 6, estrofe 21, verso 2;De Neptuno, de Celo & Vesta filha,;De Neptuno, de Celo & Vesta filha
Canto 6, estrofe 21, verso 3;Graue, & leda no gesto, e tão fermosa;Graue, & leda no gesto, & tam fermosa
Canto 6, estrofe 21, verso 5;Vestida bũa camisa preciosa;Vestida hũa camisa preciosa
Canto 6, estrofe 21, verso 7;Que o corpo cristalino dexa verse;Que o corpo cristalino deixa verse,
Canto 6, estrofe 21, verso 8;Que tanto bem nao he pera esconderse.;Que tanto bem não he pera esconderse.
Canto 6, estrofe 22, verso 2;Neste caso não quis que falecesse;Neste caso nam quis que falecesse,
Canto 6, estrofe 22, verso 3;O Delfim traz consigo, que aos amores;Do Delfim traz consigo, que aos amores
Canto 6, estrofe 22, verso 6;Qualquer parecera que o Sol vencesse,;qualquer parecerá que o Sol vencesse,
Canto 6, estrofe 22, verso 8;Pois ambas sam esposas dhum marido.;Pois ambas sam esposas ahum marido.
Canto 6, estrofe 23, verso 2;Fugindo, veyo a ter divino estado,;Fugindo, veyo a ter diuino estado,
Canto 6, estrofe 23, verso 7;Mar sempre cria, & aas vezes pella area;Mar sempre cria, & a as vezes pela area
Canto 6, estrofe 24, verso 1;Eo Deos que foy num tempo corpo humano,;E o Deos que foy num tempo corpo humano,
Canto 6, estrofe 24, verso 5;Inda vinha chorando o feio engano;Inda vinha chorando o feio engano,
Canto 6, estrofe 24, verso 6;Que Circes tinha vsado coa fermosa;Que Circos tinha vsado coa fermosa
Canto 6, estrofe 25, verso 1;la finalmente todos assentados;Ia finalmente todos assentados
Canto 6, estrofe 25, verso 3;As Deosas em riquissimos estrados,;As Deosas em riquissimo estrados,
Canto 6, estrofe 25, verso 5;Forão todos do Padre agasalhados,;Forão todos do Padre agasalhado,
Canto 6, estrofe 25, verso 8;Que no mar nace, & Arabia em cheiro passa.;Que no mar nace, & Arabia ẽ cheiro passa.
Canto 6, estrofe 26, verso 4;A causa o Tyoneo de seus tormentos:;A causa o Tyneo de seus tormentos:
Canto 6, estrofe 26, verso 5;Hum pouco carregando se no vulto,;Hum pouco carregandose no vulto,
Canto 6, estrofe 26, verso 7;So por dar aos de Luso triste morte;So por dar aos de Luso trsite morte
Canto 6, estrofe 26, verso 8;Co ferro alheyo, fala desta sorte.;Coferro alheyo, fala desta sorte.
Canto 6, estrofe 27, verso 2;Dhum Polo, ao outro Polo o mar irado,;Dhum Polo ao outro Polo o mari irado,
Canto 6, estrofe 27, verso 4;Que não passem o termo limitado:;Que nam passem o termo limitado:
Canto 6, estrofe 27, verso 7;E com justo decreto assi permites,;E com justo decreto asi permites,
Canto 6, estrofe 28, verso 1;E vos Deoses do mar, que não soffreis;E vos Deoses do mar, que nam soffreis
Canto 6, estrofe 28, verso 3;Que com castigo ygoal vos não vingueis,;Que com castigo ygoal alvos não vingueis,
Canto 6, estrofe 28, verso 4;De quemquer que por elle corra, & ande:;De quem quer que por elle corra, & ande:
Canto 6, estrofe 28, verso 7;Os peitos, con razão endurecidos;Os peitos, com razão endurecidos
Canto 6, estrofe 29, verso 1;Vistes que com grandissima ousadia;Vistes que com grandisima ousadia
Canto 6, estrofe 29, verso 2;Forão ja cometero Ceo supremo,;Foram ja comter o Ceo supremo,
Canto 6, estrofe 29, verso 3;Vistes aquella insana fantasia;Vistes aquella infana fantasia
Canto 6, estrofe 30, verso 2;Que dhum vassallo meu o nome toma,;Quee dhum vassallo meu o nome toma,
Canto 6, estrofe 30, verso 5;Vedes o vosso mar cortando vão,;Vedes o vosso mar cortando vão
Canto 6, estrofe 30, verso 8;Os vossos estatutos vão quebrando.;Os vossos estautos vão quebrando.
Canto 6, estrofe 31, verso 4;Aquilo, & os outros todos resistirão:;Aquelo, & os outros todos resistirão:
Canto 6, estrofe 31, verso 6;Os ventos esta injuria assi sentirão,;Os ventos esta injuria asi sentirão
Canto 6, estrofe 31, verso 7;Vos a quem mais compete esta vingança,;Vos a quem mais comprete esta vingança,
Canto 6, estrofe 31, verso 8;Que esperais, porque a pondes em tardança?;que esperais, porque a pondes em tardança?
Canto 6, estrofe 32, verso 1;E não consinto Deoses que cuideis;E nam consinto Deoses que cuideis
Canto 6, estrofe 32, verso 6;Que no mundo ganhey, quando venci;que no mundo ganhey, quando venci
Canto 6, estrofe 33, verso 1;Que o gran Senhor & fados que destinão,;Que o gram Senhor & fados que destinão,
Canto 6, estrofe 33, verso 2;Como lhe bem parece, o baxo mundo,;Como lhe bem parece, o baixo mundo,
Canto 6, estrofe 33, verso 4;De dar a estes baroẽs no mar profundo:;De dar a estes barões no mar profundo:
Canto 6, estrofe 33, verso 5;Aqui vereis o Deoses como insinão;Aqui vereis o Deoses como infinão
Canto 6, estrofe 33, verso 8;Que quem com mais razão valer deuia.;que quem com mais razão valer deuia.
Canto 6, estrofe 34, verso 4;Se por dita acharey nos vossos mares:;Se por dita acharey no vossos mares:
Canto 6, estrofe 34, verso 5;Mais quis dizer, & não passou daqui,;Mais que dizer, & nam passou daqui,
Canto 6, estrofe 34, verso 7;Lhe saltarão dos olhos, com que logo;Lhe faltarão dos olhos, com que logo
Canto 6, estrofe 35, verso 2;O coração dos Deoses foy num ponto,;O coraçam dos Deoses foy num ponto,
Canto 6, estrofe 35, verso 3;Não soffreo mais conselho bem cuidado,;Não sossreo mais conselho bem cuidado,
Canto 6, estrofe 35, verso 8;Que não aja no mar mais navegantes.;Que nam aja no mar mais nauegantes.
Canto 6, estrofe 36, verso 3;E segundo o que a todos pareceo,;E segundo o que a todos pareceo
Canto 6, estrofe 37, verso 7;Começão nouas forças a yr tomando,;Começão nouas forças ayr tomando,
Canto 6, estrofe 38, verso 4;Pello tranquilo mar, a longa rota:;Pello tranquillo mar, a longa rota:
Canto 6, estrofe 38, verso 5;Era no tempo quando a luz do dia.;Era no tempo quando a luz do dia
Canto 6, estrofe 38, verso 6;Do Eoo Emisperio estâ remota,;Do Eolo Emisperio está remota,
Canto 6, estrofe 39, verso 2;Bocijando a miudo se encostauão,;Bocijando a miude se enconstauam,
Canto 6, estrofe 39, verso 4;Contra os agudos ares que assoprauão:;Contra os agudos ares que assoprauam:
Canto 6, estrofe 39, verso 6;Mas estregando os membros estirauão,;Mas estregando os membros estirauam,
Canto 6, estrofe 40, verso 2;Este tempo passar, que he tão pesado,;Este tempo passar, que he tam pesado,
Canto 6, estrofe 40, verso 3;Se não com algum conto de alegria;Senão com algum conto de alegria
Canto 6, estrofe 40, verso 7;Que contos paderemos ter milhores;Que contos poderemos ter milhores
Canto 6, estrofe 41, verso 2;Tratar branduras em tanta aspereza,;Tratar brancuras em tanta aspereza,
Canto 6, estrofe 41, verso 4;Não soffre amores, nem delicadeza:;Nam fosse amores, nem delicadeza:
Canto 6, estrofe 41, verso 8;Que o trabalho por vir mo esta dizendo.;Que o trabalho por vir mo està dizendo.
Canto 6, estrofe 42, verso 1;Consentem nisto todos, & encomendão;Consentem nisto todos, & encomendam
Canto 6, estrofe 42, verso 3;Contarei disse, sem que me reprendão;Contarey disse, sem que me reprendam
Canto 6, estrofe 42, verso 5;E porque os que me ouuirem daqui aprendão;E porque os que me ouuirem daqui aprẽdão
Canto 6, estrofe 42, verso 8;E estes sejão os doze de Inglaterra.;E estes sejam os doze de Inglaterra.
Canto 6, estrofe 43, verso 1;No tempo que do reino a rede leue;No tempo que do reino aredea leue
Canto 6, estrofe 43, verso 2;Ioão filho de Pedro moderava,;Ioão filho de Pedro moderaua,
Canto 6, estrofe 43, verso 5;La na grande Inglaterra, que da neve;La na grande Inglaterra, que da neue
Canto 6, estrofe 43, verso 6;Boreal sempre abunda, semeaua;Boreal sempre abunda, sem eaua
Canto 6, estrofe 43, verso 7;A fera Erinis dura & mâ cizania;A fera Erinis dura & mà cizania
Canto 6, estrofe 44, verso 4;Ou foy opinião, ou foy porfia:;Ou foy opinião, ou foy profia:
Canto 6, estrofe 44, verso 5;Os Cortesaõs a quem tam pouco pesa;Os cortesaões a quem tam pouco pesa
Canto 6, estrofe 44, verso 6;Soltar palavras graues de ousadia;Soltar palauras graues de ousadia
Canto 6, estrofe 44, verso 7;Dizem que prouarão, que honras & famas;Dizem que prouaram, que honras & famas
Canto 6, estrofe 44, verso 8;Em tais damas não ha, pera ser damas.;Em tais damas não ha, pera ser demas.
Canto 6, estrofe 45, verso 1;E que se ouuer alguem com lança & espada;E que ouuer alguem com lança & espada
Canto 6, estrofe 45, verso 2;Que queira sustentar a parte sua,;Que queria sustentar a parte sua,
Canto 6, estrofe 45, verso 3;Que elles em campo raso, ou estacada,;Que elles em campo raso, ou estacada
Canto 6, estrofe 45, verso 4;Lhe darão fea infamia, ou morte crua:;Lhe daram sea infamia, ou morte crua:
Canto 6, estrofe 45, verso 5;A femenil fraqueza pouco vsada;A feminil fraqueza pouco vsada
Canto 6, estrofe 45, verso 6;Ou nunca a oprobrios tais, vendo se nua;Ou nunca a oprobrios tais, vendose nua
Canto 6, estrofe 45, verso 7;De forças naturais conuenientes,;De forças naturais conuenientes
Canto 6, estrofe 45, verso 8;Socorro pede a amigos & parentes.;Socorro pode a amigos & parentes.
Canto 6, estrofe 46, verso 2;No reino os inimigos, não se atreuem;No reino os inimigos, nam se atreuem
Canto 6, estrofe 46, verso 7;De todo o Ceo, por rostos de alabastro;De todo o Ceo, por rostos de alabastro.
Canto 6, estrofe 46, verso 8;Se vão todas ao duque de Alencastro.;Se vão todas ao Duque de Alencastro.
Canto 6, estrofe 47, verso 8;Do forte Rey, que por molher a toma.;Do forte Rey, que por molher a toma
Canto 6, estrofe 48, verso 1;Este que socorrer lhe não queria,;Este que socorrer lhe nam queria,
Canto 6, estrofe 48, verso 2;Por não causar discordias intestinas;Por nam causar discordia intestinas
Canto 6, estrofe 48, verso 5;Nos Lusitanos vi tanta ousadia,;Nos Lusitanos vi tanto ousadia,
Canto 6, estrofe 48, verso 6;Tanto primor, & partes tão diuinas,;Tanto primor, & partes tam diuinas,
Canto 6, estrofe 48, verso 7;Que elles sos poderião, se não erro;Que elles sos poderião, se nam erro
Canto 6, estrofe 48, verso 8;Sustentar vossa parte a fogo e ferro.;Sustentar vossa parte a fogo & ferro.
Canto 6, estrofe 49, verso 1;E se agrauadas damas sois seruidas,;Ese agrauadas demas sois seruidas,
Canto 6, estrofe 49, verso 2;Por vos lhe mandarei embaixadores,;Por vos lhe mandarey embaixadores,
Canto 6, estrofe 49, verso 4;De vosso agrauo os fação sabedores:;De vosso agrauo os façam sabedores:
Canto 6, estrofe 49, verso 6;Com palauras dafagos e damores,;Com palauras dafagos & damores,
Canto 6, estrofe 49, verso 7;Lhe sejão vossas lagrimas, que eu creyo;Lhe sejam vossas lagrimas, que eu creyo
Canto 6, estrofe 50, verso 5;Que ellas so doze sam: & descuberto;Que ellas so dose sam: & descuberto
Canto 6, estrofe 50, verso 6;Qual a qual tem caido das consortes,;Qual a qual tem caido das com fortes,
Canto 6, estrofe 50, verso 8;E todas a seu Rey, e o Duque a todos.;E todas a seu Rey, & o Duque a todos.
Canto 6, estrofe 51, verso 5;Qualquer dos cortesaõs auentureiro;qualquer dos cortesaõs auentureiro
Canto 6, estrofe 52, verso 6;Darmas, & roupas de vso mais moderno,;Darmas, & roupas de vso mais moderno
Canto 6, estrofe 52, verso 7;De elmos, cimeras, letras, & primores;De elmo, cimeiras, letras & primores,
Canto 6, estrofe 52, verso 8;Caualos, & Concertos de mil cores.;Caualos, & concertos de mil cores.
Canto 6, estrofe 53, verso 1;Ia do seu Rey tomado tem licença;Ia seu Rey tomado tem licença
Canto 6, estrofe 53, verso 3;Aqueles, que escolhidos por sentença;Aquelles, que escolhidos por sentença
Canto 6, estrofe 53, verso 4;Forão do Duque Ingles esprimentado:;Foram do Duque Ingres esprimentado:
Canto 6, estrofe 53, verso 6;De caualeiro, destro, ou esforçado:;De caualleiro, defiro, ou esforçado:
Canto 6, estrofe 53, verso 8;Destarte fala aa forte companhia,;Destarte falla aa forte companhia.
Canto 6, estrofe 54, verso 1;Fortissimos consocios, eu desejo;Fortisimos consocios, eu desejo
Canto 6, estrofe 54, verso 3;Por ver mais agoas, que as do Douro & Tejo,;Por ver mais agoas, q as do Douro & Tejo,
Canto 6, estrofe 54, verso 6;(Pois que do mundo as cousas sam tamanhas);(Pois que do mũdo as cousas sam tamanhas)
Canto 6, estrofe 54, verso 7;Quero se me deixais, ir sò por terra,;Quero se me deixais, ir so por terra,
Canto 6, estrofe 54, verso 8;Porque eu serey conuosco em Inglaterra.;Porque eu serey comuosco em Ingraterra.
Canto 6, estrofe 55, verso 3;Não for com vosco ao prazo instituido,;Não for com vosco ao prazo instituido
Canto 6, estrofe 55, verso 5;Todos por mi fareis o que he diuido:;Todos por my fareis o que he diuido:
Canto 6, estrofe 55, verso 6;Mas se a verdade o sprito me adiuinha,;Mas se a verdade o spirito me adiuinha,
Canto 6, estrofe 55, verso 8;Não farão que eu com vosco la não seja.;Nam faram que eu com vosco la nam seja.
Canto 6, estrofe 56, verso 1;Assi diz, & abraçados os amigos,;Asi diz, & abraçados os amigos,
Canto 6, estrofe 56, verso 5;Nauarra, cos altissimos perigos;Nauarra, cos altisimos perigos
Canto 6, estrofe 57, verso 5;Chegados de Inglaterra aa costa estranha,;Chegados de Ingraterra aa costa estranha,
Canto 6, estrofe 57, verso 8;E das damas seruidos, & amimados.;E das damas seruidos & animados.
Canto 6, estrofe 58, verso 1;Chegasse o prazo, e dia asinalado,;Chegase o prazo, & dia assinalado,
Canto 6, estrofe 58, verso 2;De entrar em campo ja cos doze Ingleses,;De eutrar em campo ja cos doze lngreses,
Canto 6, estrofe 58, verso 3;Que pello Rey ja tinhão segurado,;Que pello Rey ja tinham segurado,
Canto 6, estrofe 58, verso 4;Armanse delmos, greuas, e de arneses:;Armanse delmos, greuas, & de arneses:
Canto 6, estrofe 58, verso 5;Ia as damas tem por si fulgente e armado;la as damas tem por si fulgente & armado
Canto 6, estrofe 58, verso 8;De ouro, & de joyas mil, ricas, & ledas.;De ouro, & de joyas mil, ricas & ledas.
Canto 6, estrofe 59, verso 3;Se veste, por não ter quem nomeado;Se veste, por nam ter quem nomeado
Canto 6, estrofe 59, verso 4;Seja seu caualeiro, nesta empresa:;Seja seu caualleiro, nesta empresa:
Canto 6, estrofe 59, verso 5;Bem que os onze apregoão, que acabado;Dem que os duze apregoão, que acabado
Canto 6, estrofe 59, verso 6;Sera o negocio assi na corte Inglesa,;Sera o negocio assi na corte Ingresa,
Canto 6, estrofe 59, verso 7;Que as damas vencedoras se conheção;Que as damas vencedoras se conheçam
Canto 6, estrofe 60, verso 2;Se assenta o Rey Ingles com toda a corte,;Se assenta o Rey Ingres com toda a corte,
Canto 6, estrofe 60, verso 4;Bem como a cada qual coubera em sorte:;Bem como a cada qual cabe em forte:
Canto 6, estrofe 60, verso 5;Não sam vistos do Sol do Tejo ao Batro,;Nam sam vistos do Sol do Tejo ao Brato,
Canto 6, estrofe 60, verso 6;De força, esforço, e danimo mais forte,;De força, esforço, & danimo mais forte,
Canto 6, estrofe 60, verso 7;Outros doze sayr como os Ingleses;Outros doze sair como os Ingreses
Canto 6, estrofe 61, verso 2;Os aureos freos, com feroz sembrante,;Os aureos freos, com feroz lembrante,
Canto 6, estrofe 61, verso 3;Estaua o Sol nas armas rutilando,;Estaua o Sol nas armas rutilando
Canto 6, estrofe 61, verso 8;Começa a aluoroçar se geralmente.;Começa a aluoroçarse geralmente.
Canto 6, estrofe 62, verso 1;Virão todos o rosto aonde auia;Viram todos o rosto aonde auia
Canto 6, estrofe 62, verso 3;Eis entra hum caualeiro, que trazia;Eis entra hum caualleiro, que trazia
Canto 6, estrofe 62, verso 4;Armas, caualo, ao bellico seruiço.;Armas, cauallo, ao bellico seruiço:
Canto 6, estrofe 62, verso 5;Ao Rey & aas damas fala, e logo se hia;Ao Rey & aas damas fala, & logo se hia
Canto 6, estrofe 62, verso 6;Pera os onze, que este era o gram Magriço,;Pera os onze, que este era o gram Magriço
Canto 6, estrofe 62, verso 8;A quem não falta certo nos perigos.;A quem nam falta certo nos perigos.
Canto 6, estrofe 63, verso 1;A dama como ouuio, que este era aquelle,;A dama como ouuio, que este era aquelle
Canto 6, estrofe 63, verso 2;Que vinha a defender seu nome, & fama,;Que vinha a defender seu nome & fama
Canto 6, estrofe 63, verso 3;Se alegra, & veste ali do animal de Hele,;Se alegra & veste ali do animal de Hele
Canto 6, estrofe 63, verso 4;Que a gente bruta mais que vertude ama:;Que a gente bruta mais que virtude ama:
Canto 6, estrofe 63, verso 5;Ia dão sinal, & o som da tuba impelle;Ia dão final & o som da tuba impelle
Canto 6, estrofe 63, verso 6;Os belicosos animos, que inflama,;Os belicosos animos que inflama
Canto 6, estrofe 63, verso 7;Picão desporas, largão redeas logo;Picão desporas largam redeas logo
Canto 6, estrofe 63, verso 8;Abaxão lanças, fere a terra fogo.;Abaixão lanças, fere a terra fogo.
Canto 6, estrofe 64, verso 2;Que faz, que o chão debaixo todo treme,;que faz, que o chão debaixo todo treme,
Canto 6, estrofe 64, verso 3;O coração no peito, que estremece;O coraçam no peito, que estremece
Canto 6, estrofe 64, verso 4;De quem os olha, se aluoroça, & teme:;De quem os olha, se aluoroça, & teme
Canto 6, estrofe 64, verso 5;Qual do caualo voa, que não dece,;qual do caualo voa, que nam dece,
Canto 6, estrofe 64, verso 6;Qual co caualo em terra dando, geme,;qual co caualo em terra dando, geme,
Canto 6, estrofe 64, verso 7;Qual vermelhas as armas faz de brancas,;qual vermelho as armas faz de brancas,
Canto 6, estrofe 64, verso 8;Qual cos penachos do elmo açouta as ancas.;qual cos penachos do elmo açouta as ancas.
Canto 6, estrofe 65, verso 5;Cae a soberba Inglesa de seu trono,;Cae a soberba Ingresa de seu trono,
Canto 6, estrofe 65, verso 8;Mais achão ja que arnes, escudo, e malha.;Mais achão ja que arnes, escudo & malha.
Canto 6, estrofe 66, verso 7;Cos nossos fica a palma da victoria,;Cos nossos fica a palmada victoria,
Canto 6, estrofe 67, verso 7;Em quanto se detem em Inglaterra,;Em quanto se detem em Ingraterra,
Canto 6, estrofe 67, verso 8;Ate tornar aa doce & chara terra.;Ate tornar aa doçe & chara terra.
Canto 6, estrofe 68, verso 4;Notauel aa condessa fez de Frandes:;N tauel aa condessa fez de Frandes:
Canto 6, estrofe 68, verso 5;E como quem não era ja nouiço;E como quem nam era ja nouiço
Canto 6, estrofe 68, verso 7;Hum Frances mata em campo, que o destino;Hum Franes mata em campo, que o destino
Canto 6, estrofe 68, verso 8;La teue de Torcato & de Coruino.;La teue de Trocato & de Coruino.
Canto 6, estrofe 69, verso 4;Não diuida o quis pòr no estremo fio:;Nam diuida o quis pòr no estremo fio:
Canto 6, estrofe 69, verso 5;Contando assi Veloso, ja a companha;Contando asi Veloso, ja acompanha
Canto 6, estrofe 69, verso 6;Lhe pede, que não faça tal desuio;Lhe pede, que nam faça tal desuio
Canto 6, estrofe 69, verso 7;Do caso de Magriço, & vencimento;Do caso de MAgriço, & vencimento
Canto 6, estrofe 69, verso 8;Nem deixe o de Alemanha em esquecimento.;Nem deixe o de Alemanha em esquecimẽto
Canto 6, estrofe 70, verso 1;Mas neste passo assi promptos estando,;Mas neste passo asi promptos estando,
Canto 6, estrofe 70, verso 3;O apito toca, acordão despertando;O apito toca, acordam despertando
Canto 6, estrofe 70, verso 6;Os traquetes das gaueas tomar manda,;Os traquetes das gaueas tomar mando,
Canto 6, estrofe 70, verso 7;Alerta, disse, estay, que o vento crece;Alerta, disse, estay, que o vento cresce
Canto 6, estrofe 71, verso 1;Não erão os traquetes bem tomados,;Não eram os traquetes bem tomados,
Canto 6, estrofe 71, verso 5;Não esperaõ os ventos indinados;Não esperam os ventos indinados
Canto 6, estrofe 71, verso 6;Que amainassem, mas juntos dando nella,;Que amainassem, mas juntos dando nella
Canto 6, estrofe 72, verso 1;Oceo fere com gritos nisto a gente,;O ceo fere com gritos nisto a gente,
Canto 6, estrofe 72, verso 2;Cum subito temor, e desacordo,;Cum subito temor, & desacordo,
Canto 6, estrofe 72, verso 5;Alija, disse o mestre, rijamente,;Alija disse o mestre, rijamente,
Canto 6, estrofe 72, verso 6;Alija tudo ao mar, não falte acordo,;Alija tudo ao mar, nam falte acordo,
Canto 6, estrofe 72, verso 7;Vão outros dar a bomba não cessando,;Vão outros dar a bomba nam cessando,
Canto 6, estrofe 73, verso 2;A dar aa bomba, e tanto que chegarão,;A dar aa bomba, & tanto que chegaram,
Canto 6, estrofe 73, verso 4;Derão aa Nao, num bordo os derribarão:;Derão aa Nao, num bordo os derribaram:
Canto 6, estrofe 73, verso 5;Tres marinheiros duros, e forçosos,;Tres marinheiros duros, & forçosos,
Canto 6, estrofe 73, verso 6;A menear o leme não bastarão,;A menear o leme nam bastaram,
Canto 6, estrofe 73, verso 8;Se aproveitar dos homens força & arte.;Se aproueitar dos homẽs força & arte.
Canto 6, estrofe 74, verso 1;Os ventos erão tais, que não poderão;Os ventos eram tais, que nam poderam
Canto 6, estrofe 74, verso 3;Se pera derribar então vierão;Se pera derribar entam vieram
Canto 6, estrofe 74, verso 5;Nos altissimos mares, que crecerão,;Nos altissimos mares, que creceram,
Canto 6, estrofe 74, verso 7;Mostra a possante nao, que moue espanto;Mostra a possante nao, que mue espanto
Canto 6, estrofe 75, verso 4;Aquelle que a salvar o mundo veyo:;Aquelle que a saluar o mundo veyo:
Canto 6, estrofe 75, verso 8;Que primeiro amainou que desse o vento:;Que primeiro amainou que desse o vento.
Canto 6, estrofe 77, verso 2;Iunto da costa braua leuantarão,;lunto da costa braua leuantarão,
Canto 6, estrofe 77, verso 3;Lembrando se de seu passado pranto,;Lembrandose de seu passado pranto,
Canto 6, estrofe 77, verso 8;Que nem no fundo os deixa estar seguros;Que nem no fuudo os deixa estar seguros.
Canto 6, estrofe 78, verso 7;No gram diluuio, donde sos viuerão;No gram diluuio, donde sos viueram
Canto 6, estrofe 78, verso 8;Os dous que em gente as pedras conuerterão.;Os dous que em gente as pedras conuerteram.
Canto 6, estrofe 79, verso 1;Quantos montes então, que derribarão;Quantos montes entam, que derribaram
Canto 6, estrofe 79, verso 2;As ondas que batião denodadas,;As ondas que batiam denodadas,
Canto 6, estrofe 79, verso 3;Quantas aruores velhas arrancarão;Quantas aruores velhas arrancaram
Canto 6, estrofe 79, verso 5;As forçosas raizes não cuidarão;As forçosas raizes nam cuidaram
Canto 6, estrofe 79, verso 7;Nem as fundas arêas que podessem;Nem as fundas arèas que podessem
Canto 6, estrofe 81, verso 3;Tu que a todo Israel refugio deste;Tu que a todo lsrael refugio deste
Canto 6, estrofe 81, verso 5;Tu que liuraste Paulo & defendeste;Tu que livraste Paulo & defendeste
Canto 6, estrofe 82, verso 2;Doutra Scylla & Caribdis ja passados,;Doutro Soylla & Caribdis ja passados,
Canto 6, estrofe 82, verso 3;Outras Syrtes, & baxos arenosos,;Outras Syrtes, & baixos arenosos,
Canto 6, estrofe 82, verso 6;Por que somos de ti desemparados,;Porque somos de ti desemparados,
Canto 6, estrofe 82, verso 7;Se este nosso trabalho não te offende;Se este nosso trabalho nam te offende,
Canto 6, estrofe 83, verso 1;O ditosos aquelles que puderão;O ditosos aquelles que puderam
Canto 6, estrofe 83, verso 3;Morrer, em quanto fortes sostiverão;Morrer, em quanto fortes sostiueram
Canto 6, estrofe 83, verso 5;De quem feitos illustres se souberão,;De quem seitos illustres se souberam,
Canto 6, estrofe 83, verso 6;De quem ficão memorias soberanas,;De quem ficam memorias soberanas,
Canto 6, estrofe 83, verso 8;Doce fazendo a morte as honras della.;Doçe fazendo a morte as honras della.
Canto 6, estrofe 84, verso 3;Mais & mais a tormenta acrecentauão,;Mais & mais atormenta acrecentauão,
Canto 6, estrofe 84, verso 5;Relampados medonhos não cessauão,;Relampados medonhos nam cessauão,
Canto 6, estrofe 84, verso 6;Feros trovoẽs que vem representando;Feros trouões que vem representando
Canto 6, estrofe 85, verso 4;A terra, & o largo mar, com leda fronte:;Aterra, & o largo mar, com leda fronte:
Canto 6, estrofe 85, verso 5;A deosa que nos ceos a gouernaua,;A deosa que nos ceos àgouernaua,
Canto 6, estrofe 85, verso 6;De quem foge o ensifero Orionte,;De quem foge o ensifero Oriente,
Canto 6, estrofe 86, verso 2;Disse, mas não serâ, que auante leve;Disse, mas nam sera, que auante leve
Canto 6, estrofe 86, verso 3;Tão danada tenção, que descuberto;Tam danada tençam, que descuberto
Canto 6, estrofe 87, verso 3;Quem não dirâ, que nacem roxas flores;Quem nam dirá, que nacem roxas flores
Canto 6, estrofe 87, verso 8;Que mais fermosas vinhão que as estrellas.;Que mais fermosas vinham que as estrellas.
Canto 6, estrofe 88, verso 1;Assi foy, porque tanto que chegarão;Assi foy, porque tanto que chegaram
Canto 6, estrofe 88, verso 3;As forças com que dantes pellejarão,;As forças com que dantes pellejaram,
Canto 6, estrofe 88, verso 4;E ja como rendidos lhe obedecem.;E ja como rendidos lhe obedecem:
Canto 6, estrofe 88, verso 5;Os pes & mãos, parece, que lhe atarão;Os pès & mãos, parece, que lhe ataram
Canto 6, estrofe 89, verso 1;Não creas, fero Boreas, que te creyo;Não creas , fero Boreas, que te creyo
Canto 6, estrofe 89, verso 4;E não conuem furor a firme amante:;E nam conuem furor a firme amante:
Canto 6, estrofe 89, verso 5;Se ja não poẽs a tanta insania freyo,;Se ja nam pões a tanta infania freyo,
Canto 6, estrofe 89, verso 6;Não esperes de mi daqui em diante,;Não esperes de my daqui em diante,
Canto 6, estrofe 90, verso 4;E bem crê que com elle tudo acabe,;E bem crè que com elle tudo acabe,
Canto 6, estrofe 90, verso 6;Que o coração no peito lhe não cabe,;Que o coraçam no peito lhe não cabe,
Canto 6, estrofe 91, verso 1;Desta maneira as outras amansauão;Desta maneira as outras amansauam
Canto 6, estrofe 91, verso 3;E logo aa linda Venus se entregauão;E logo aa linda Venus se entregauam,
Canto 6, estrofe 91, verso 5;Ella lhe prometeo vendo que amauão;Ella lhe prometeo vendo que amauam
Canto 6, estrofe 91, verso 7;Nas bellas mãos tomandolhe omenagem;Nas bellas mãos tomandolhe omenahem
Canto 6, estrofe 92, verso 1;la a menham clara dava nos outeiros,;Ia a manham clara daua nos outeiros,
Canto 6, estrofe 92, verso 4;Enxergarão terra alta pella proa,;Enxegarão terra alta pella proa,
Canto 6, estrofe 92, verso 5;la fora de tormenta, & dos primeiros;Ia fora de tormenta, & dos primeiros
Canto 6, estrofe 93, verso 3;E se do munđo mais não desejais,;E se do mundo mais não desejais,
Canto 6, estrofe 93, verso 5;Soffrer aqui não pode o Gama mais,;Soffrer aqui nam pode o Gama mais,
Canto 6, estrofe 93, verso 8;A merce grande a Deos agardeceo.;A merce grande a Deos agradeceo.
Canto 6, estrofe 94, verso 1;As graças a Deos daua, & razão tinha;As graças a Deos daua, & razam tinha
Canto 6, estrofe 94, verso 2;Que não somente a terra lhe mostraua,;Que nam somente a terra lhe mostraua,
Canto 6, estrofe 94, verso 4;Por quem tanto trabalho esprimentava,;Porquem tanto trabalho esprimentaua,
Canto 6, estrofe 94, verso 5;Mas via se liurado tão asinha;Mas via se livrado tam asinha
Canto 6, estrofe 95, verso 2;Destes trabalhos graues & temores,;Destes trabalhos graues & temores
Canto 6, estrofe 95, verso 5;Não encostados sempre nos antigos;Nam encostados sempre nos antigos
Canto 6, estrofe 95, verso 7;Não nos leitos dourados, entre os finos;Nam nos leitos dourados, entre os finos
Canto 6, estrofe 96, verso 7;Que não soffre a nenhum que o passo mude;Que nam soffre a nenhum que o passo mude
Canto 6, estrofe 97, verso 6;Do Sul, & regioẽs de abrigo nuas,;Do Sul, & regiões de abrigo nuas,
Canto 6, estrofe 98, verso 6;Desprezador das honras, & dinheiro,;Desprezador das honras, & dinheiro
Canto 6, estrofe 98, verso 7;Das honras, & dinheiro, que a ventura;, Das honras, & dinheiro, que a ventura
Canto 6, estrofe 98, verso 8;Forjou, & não vertude justa, & dura.;Forjou, & não virtude justa & dura.
Canto 6, estrofe 99, verso 3;E fica vendo, como de alto assento,;E fica vendo, como de alto assento
Canto 6, estrofe 99, verso 4;O baxo tracto humano embaraçado,;O baixo tracto humano embaraçado,
Canto 6, estrofe 99, verso 8;Contra vontade sua, & não rogando.;Contra vontade sua, & nam rogando.
Canto 7, estrofe 1, verso 2;Que desejada ja de tantos fora,;Que desejada ja de tantos forà,
Canto 7, estrofe 1, verso 3;Que entre as correntes Indicas se encerra,;Que entre ascorrentes Indicas se encerra,
Canto 7, estrofe 2, verso 1;A vos, ô geraçam de Luso digo,;A vos, ò geraçam de Luso digo,
Canto 7, estrofe 2, verso 3;Não digo inda no mundo, mas no amigo;Nam digo inda no mundo, mas no amigo
Canto 7, estrofe 2, verso 5;Vos, a quem não somente algum perigo;Vos, a quem nam somente algum perigo
Canto 7, estrofe 2, verso 8;Da Madre, que nos çeos estâ em essencia.;Da Madre, que nos çeos està em essencia.
Canto 7, estrofe 3, verso 2;Que o fraco poder vosso não pesais,;Que o fraco poder vosso nam pesais,
Canto 7, estrofe 3, verso 8;Que tanto, ô Christo exaltas a humildade.;Que tanto, ô Christo exaltas a humildado.
Canto 7, estrofe 4, verso 5;Vedelo em seas guerras occupado,;Vedelo em feas guerras occupado,
Canto 7, estrofe 4, verso 7;Não contra o superbissimo Otomano:;Nam contra o superbissimo Otomano:
Canto 7, estrofe 5, verso 1;Vedelo duro Ingles, que se nomea;Vedelo duro Ingres, que se nomea
Canto 7, estrofe 5, verso 8;Nam por tomar a terra que era sua.;Não por tomar a terra que era sua.
Canto 7, estrofe 6, verso 3;Em quanto elle não guarda a sancta lei,;Em quanto elle nam guarda a sancta lei,
Canto 7, estrofe 6, verso 4;Da cidade Hierosolima celeste:;Da cidade Hieroselima celeste:
Canto 7, estrofe 6, verso 8;Mas pera ser contra elle, & derribalo.;Mas pera ser contra elle, & derribala.
Canto 7, estrofe 7, verso 2;De Christãos, sendo o teu tam largo & tāto,;De Christãos, sendo o teu tam largo & tãto
Canto 7, estrofe 7, verso 3;E nam contra o Cynisio & Nilo rios;E nam contra o Cynifio & Nilo rios
Canto 7, estrofe 7, verso 4;Inimigos do antigo nome sancto,;lnimigos do antigo nome sancto,
Canto 7, estrofe 7, verso 8;Erdaste, & as causas nam da justa guerra?;Erdaste, & as causas nam da justa guerras?
Canto 7, estrofe 8, verso 6;Que o pouo forte tem de si inimigo,;Que o pouo forte te, de si inimigo,
Canto 7, estrofe 9, verso 8;Fazendo se famosos pela guerra?;Fazendose famosos pola guerra?
Canto 7, estrofe 10, verso 1;Vedes que tem por vso & por decreto,;Vedes que tem por vso & pro decreto,
Canto 7, estrofe 10, verso 2;Do qual sam tão inteiros obseruantes,;Do qual sam tam inteiros obseruantes,
Canto 7, estrofe 10, verso 3;Ajuntarem exercito inquieto,;Ajunratem o exercito inquieto,
Canto 7, estrofe 10, verso 4;Contra os pouos, que sam de Christo amantes.;Contra os pouos, que sam de Christo amantes:
Canto 7, estrofe 11, verso 3;Nam vedes que Pactolo & Hermo rios,;Nam vedes que Pactolo & Hermorios,
Canto 7, estrofe 11, verso 8;Pois mouer vos não pode a casa Sancta.;Pois mouer vos não pode a casa Sancta,
Canto 7, estrofe 12, verso 5;Fazei que torne la aas siluestres couas,;Fazei que torne la aas siluestres couas
Canto 7, estrofe 12, verso 7;A Turca geração, que multiplica;A Turca geraçam, que multiplica
Canto 7, estrofe 12, verso 8;Na policia da vossa Europa rica.;Na policia da vossa Europa rica
Canto 7, estrofe 14, verso 1;Mas em tanto que cegos, & sedentos;Mas em tantos que cegos, & sedentos
Canto 7, estrofe 14, verso 3;Não faltarão Christãos atreuimentos,;Nam faltaram Christãos atreuimentos
Canto 7, estrofe 14, verso 4;Nesta pequena casa Lusitana;Nesta pequena tasa Lusitana
Canto 7, estrofe 14, verso 5;De Africa tem maritimos assentos,;De Affrica tem maritimos assentos,
Canto 7, estrofe 14, verso 6;He na Asia mais que todas soberana,;He na Asta mais que todas soberana,
Canto 7, estrofe 14, verso 8;E se mais mundo ouuera la chegâra.;E se mais muindo ouuera la chegára.
Canto 7, estrofe 15, verso 1;E vejamos em tanto que aconteçe;E vejamos em tanto que acontece
Canto 7, estrofe 15, verso 2;Aaquelles tam famosos nauegantes,;A aquelles tam famosos nauegantes,
Canto 7, estrofe 15, verso 7;Onde vẽ samear de Christo a ley,;Onde vem samear de Christo a ley,
Canto 7, estrofe 15, verso 8;E dar nono costume, & nouo Rei.;E dar nouo costume, & nouo Rei.
Canto 7, estrofe 16, verso 1;Tanto que aa noua terra se chegârão,;Tanto quẽ aa mua terra se chegáram,
Canto 7, estrofe 16, verso 2;Leues embarcações de pescadores;Lenes embarcações de pescadores
Canto 7, estrofe 16, verso 3;Acharão, que o caminho lhe mostrârão;que o çaminho lhe mostraram
Canto 7, estrofe 16, verso 5;Pera la logo as proas se inclinarão,;Pera la logo as proas se inclinaram,
Canto 7, estrofe 16, verso 8;O Rei que a terra toda possuia.;O Rei que aterra toda possuia.
Canto 7, estrofe 17, verso 1;Alem do Indo jaz, & âquem do Gange,;Alem do Indo jaz, & àquam do Gange,
Canto 7, estrofe 17, verso 2;Hum terreno muy grande, & assaz famoso,;Hum terreno muygrande, & assaz famos
Canto 7, estrofe 17, verso 7;Mahoma, algũs os Idolos adorão,;Mahoma, algũs os Idolos adoram,
Canto 7, estrofe 17, verso 8;Algũs os animais, que entre elles morão.;Agũs os animais, que entre elles meram.
Canto 7, estrofe 18, verso 7;No mar Indico, & cercão todo o peso;No mar lndico, & cercão todo o peso
Canto 7, estrofe 19, verso 1;Entre hum & o outro rio, em grande espaço;Entre hum & o outro rio em grande espaço
Canto 7, estrofe 19, verso 6;Gangetico, o rumor antigo conta.;Gangetico, o rumor antigo conta:
Canto 7, estrofe 19, verso 7;Que os vizinhos da terra moradores;Que os vizinhos da terra mor adores
Canto 7, estrofe 20, verso 3;Os Delijs, os Patanes, que em possança;Os Delys, os Patanes, que em possança
Canto 7, estrofe 20, verso 4;De terra, & gente, sam mais abundantes,;De terra, & gentes, sam mais abundantes,
Canto 7, estrofe 20, verso 5;Decanis, Oriâs, que a esperança;"Decanis, Oriás; que a esperança"
Canto 7, estrofe 20, verso 6;Tem de sua saluação nas resonantes;Tem de sua saluaçam nas resonantes
Canto 7, estrofe 20, verso 7;Agoas do Gange, & a terra de Bengala;Agoas do Gange, & a terra do Bengala
Canto 7, estrofe 20, verso 8;Fertil de sorte que outra não lhe igoala.;Fertil de sorte que outra nam lhe igoala.
Canto 7, estrofe 21, verso 1;O Reino de Cambaia bellicoso;Os Reino de Cambaia belicoso
Canto 7, estrofe 21, verso 8;Com que do Canarâ viue seguro.;Com que do Canarà viue seguro.
Canto 7, estrofe 22, verso 2;Do pê do qual pequena quantidade;Do pé do qual pequena quantidade
Canto 7, estrofe 22, verso 3;Se estende hũa fralda estreita, que combate;So estende hũa fralda estreita, que cômbate
Canto 7, estrofe 23, verso 1;Chegada a frota ao rico senhorio;Chegada a frota ao rico senhorio,
Canto 7, estrofe 24, verso 1;Entre a gente que a vello concorria,;Entre agente que a vello concorria,
Canto 7, estrofe 25, verso 7;Vimos buscar do Indo a grão corrente,;imos buscar do Indo a gram corrente,
Canto 7, estrofe 26, verso 3;Ouuindo as opressoẽs que na possajem;OuuIndo as opressoẽs que na passajem
Canto 7, estrofe 26, verso 6;So pera o Rei da terra releuaua,;Sa pera o Rei da terra releuaua,
Canto 7, estrofe 26, verso 7;Lhe diz que estaua fora da cidade.;Lhe diz que estaua fora da cidade,
Canto 7, estrofe 27, verso 1;E que em tanto que a noua lhe chegasse;E que em tanto que a noualhe chegasse
Canto 7, estrofe 27, verso 5;E despois que se hum pouco recreasse,;E despois que se hum pouco recreasse
Canto 7, estrofe 27, verso 6;Coelle pera a armada tornaria,;Co elle pera a armada tornaria,
Canto 7, estrofe 27, verso 7;Que alegria não pode ser tamanha,;Que alegria nam pode ser tamanha,
Canto 7, estrofe 27, verso 8;Que achar gente vezinha em terra estranha;Que achar gente vizinha em terra estranha.
Canto 7, estrofe 28, verso 2;O que o ledo Monçaide lhe offerece;O que o ledo Monçaide lhe offerece,
Canto 7, estrofe 28, verso 5;Ambos se tornão logo da cidade,;Ambos se tornam logo da cidade,
Canto 7, estrofe 29, verso 1;O Capitão o abraça em cabo ledo,;O Capitam o abraça em cabo ledo,
Canto 7, estrofe 29, verso 3;Iunto de si o assenta, & prompto & quedo;lunto de sio assenta, & prompto & quedo
Canto 7, estrofe 29, verso 5;Qual se ajuntava em Rodope o aruoredo,;Qual se ajuntaua em Rodope o aruoredo,
Canto 7, estrofe 29, verso 8;Tal a gente se ajunta a ouuir o Mouro:;Tal a gente se ajunta a ouuiro Mouro.
Canto 7, estrofe 30, verso 8;A Reinos tam remotos & apartados.;A Remos tam remotos & apartados.
Canto 7, estrofe 31, verso 5;Sabey que estais na India, onde se estende;Sabey que estais na lndia, onde se estende
Canto 7, estrofe 31, verso 6;Diverso pouo, rico & prosperado,;Diuerso pouo, rico & prosperado,
Canto 7, estrofe 32, verso 3;Do culto antigo os Idolos adora,;Do culto antigo os Ydolos adora,
Canto 7, estrofe 32, verso 7;Saramâ Perimal foy derradeiro;Saramà Perimal foy derradeiro,
Canto 7, estrofe 32, verso 8;Rei, que este Reino teue vnido & inteiro.;Rei, que este Reino teue vnido, & inteiro.
Canto 7, estrofe 33, verso 8;Que prosupos de nella morrer sancto.;Que prosupos de nella morrer sancto
Canto 7, estrofe 34, verso 1;Naos arma, & nellas mete curioso;Naos arma, & nessas mete curioso
Canto 7, estrofe 34, verso 6;Cos seus reparte, porque não lhe fica;Cos seus reparte, porque nam lhe fica
Canto 7, estrofe 34, verso 7;Erdeiro proprio, faz os mais aceitos,;Erdeiro proprio, fazos mais aceitos,
Canto 7, estrofe 35, verso 3;A qual Coulão, a qual dâ Cranganor;A qual Coulão, a qual dá Cranganor
Canto 7, estrofe 35, verso 8;Cidade ja por tracto nobre & rica.;Cidade ja oir tracto nobre & rica.
Canto 7, estrofe 36, verso 1;Esta lhe dâco titulo excellente;Esta lhe dà co titulo excellente
Canto 7, estrofe 36, verso 6;Camorî, mais que todos digno, & grande;Comorî, mais que todos digno, & grande
Canto 7, estrofe 36, verso 7;Ao moço & descendentes, donde vem;Ao moço, & descendentes, donde vem
Canto 7, estrofe 37, verso 1;A ley da gente toda rica & pobre;A ley da gente toda rica & pobre,
Canto 7, estrofe 37, verso 4;As partes, que a cubrir natura insina:;As partes, que a cubrir natura enfina:
Canto 7, estrofe 37, verso 7;Poleâs tem por nome, a quem obriga;Oleas tem por nome, a quem obriga
Canto 7, estrofe 38, verso 2;De outro nam podẽ receber consorte,;De outro nam podem receber consorte,
Canto 7, estrofe 38, verso 4;Senão o de seus passados ate morte,;Senam o de seus passados ate morte,
Canto 7, estrofe 38, verso 5;Pera os Naires he certo grande viçio;Pera os Naires he certo grande vicio.
Canto 7, estrofe 39, verso 2;Nam tocaua na gente de Samaria,;Nam tocaua na gente de Samaria
Canto 7, estrofe 39, verso 4;Nesta terra vereis de vsança varia,;Nesta terra vereis de vsança varia.
Canto 7, estrofe 39, verso 8;Na ezquerda a adarga, e na dereita a espada:;Na ezquerda a adarga, e na dereita a espada.
Canto 7, estrofe 40, verso 1;Bramenes sam os seus religiosos,;Bramenes sam os seus religiosos
Canto 7, estrofe 40, verso 2;Nome antigo, & de grande preminencia,;Nome antigo, e degrande preminencia,
Canto 7, estrofe 40, verso 3;Observão os preceitos tam famosos;Obseruão os preceitos tam famosos
Canto 7, estrofe 40, verso 4;"Dhum, que primeiro pos nome aa ciencia;";Dhum, que primeiro pos nome aa ciencia:
Canto 7, estrofe 41, verso 2;Pera os da geração de seus maridos:;Pera os da geraçam de seus maridos:
Canto 7, estrofe 41, verso 7;Aterra he grossa em trato, em tudo aquilo;A terra he grossa em trato, em tudo aquillo
Canto 7, estrofe 41, verso 8;Que as ondas podem dar da China ao Nilo.;Que as ondas podem da da China ao Nilo.
Canto 7, estrofe 42, verso 2;Andava a fama ja pela cidade,;Andaua a fama ja pela cidade,
Canto 7, estrofe 42, verso 4;O Rei saber mandava da verdade,;O Rei saber mandaua da verdade,
Canto 7, estrofe 42, verso 5;la vinham pelas ruas caminhando,;Ia vinham pelas ruas caminhando,
Canto 7, estrofe 42, verso 7;Os principaes que o Rei buscar mandâra,;Os principaes que o Rei buscar mandàra,
Canto 7, estrofe 42, verso 8;O Capitão da armada que chegâra.;O Capitam da armada que chegàra.
Canto 7, estrofe 43, verso 3;Dos nobres Portugueses sem detença;Dos nobres Portugueses sem detenço
Canto 7, estrofe 43, verso 7;O rema compassado fere frio;O remo compassado fere frio
Canto 7, estrofe 44, verso 3;Rodeado de Naires, que esperava;Rodeado de Naires, que esperaua
Canto 7, estrofe 44, verso 5;la na terra nos braços o leuaua.;la na terra nos braços o leuaua,
Canto 7, estrofe 45, verso 2;Caminhão la pera onde o Rei o espera:;Caminhão la pera onde o Rei espera:
Canto 7, estrofe 45, verso 4;Que infantaria segne esquadra fera:;Que infantaria segue esquadra fera:
Canto 7, estrofe 45, verso 6;De ver a gente estranha, & bem quisera;Do ver a gente estranha, & bem quisera
Canto 7, estrofe 46, verso 4;As palavras que de ambos entendia:;As palauras que de ambos entendia:
Canto 7, estrofe 46, verso 6;Onde hũa rica fabrica se erguia;Onde hũa rua fabrica se erguia
Canto 7, estrofe 46, verso 7;De hum sumptuoso templo ja chegauão,;De hum sumptuoso templo ja chegauão
Canto 7, estrofe 47, verso 3;Varios degestos, varios de pinturas,;Varios de gestos, varios de pinturas,
Canto 7, estrofe 47, verso 4;A segundo o Demonio lhe fingia.;A segundo o Demonio lhe fingia:
Canto 7, estrofe 47, verso 5;Vem se as abominaveis esculturas,;Vem se as abominaueis esculturas,
Canto 7, estrofe 47, verso 6;Qual a Chimêra em membros se varia,;Qual a Chiméra em membros se varia,
Canto 7, estrofe 47, verso 8;Em forma humana estam marauilhados,;Em forma humana estam marauilhados.
Canto 7, estrofe 48, verso 1;Hum na cabeça cornos esculpidos,;Hum na cabeça comos esculpidos,
Canto 7, estrofe 48, verso 6;A Briareo pareçe que imitaua:;A Briarea pareçe que imitaua:
Canto 7, estrofe 48, verso 8;Qual Anubis Menfítico se adora.;Qual Anubis Menfitico se adora.
Canto 7, estrofe 49, verso 2;A supersticiosa adoração,;A supersticiosa adoraçam,
Canto 7, estrofe 49, verso 5;Engrossando se vay da gente o fio,;Engrossandose vai da gente o fio,
Canto 7, estrofe 49, verso 6;Cos que vem ver o estranho Capitão,;Cos que vem ver o estranho Capitam,
Canto 7, estrofe 49, verso 7;Estão pelos telhados & janellas;Estam pelos telhados & janellas
Canto 7, estrofe 49, verso 8;Velhos & moços, donas & donzellas:;Velhos e moços, donas & donzellas.
Canto 7, estrofe 50, verso 2;Dos jardins odoriferos fermosos,;Dos jardius odoriferos fermosos,
Canto 7, estrofe 50, verso 7;Assi vivem os Reis daquella gente,;Assi viuem os Reis daquella gente,
Canto 7, estrofe 50, verso 8;No campo & na cidade juntamente;No campo & na cidade juntamente.
Canto 7, estrofe 51, verso 4;Da India a mais remota antiguidade:;Da lndia a mais remota antiguidade:
Canto 7, estrofe 51, verso 7;Que quem dellas tiuer noticia inteira,;Que quem dellas tiuer notica inteira,
Canto 7, estrofe 51, verso 8;Pela sombra conheçe a verdadeira.;Pela sombra conhece a verdadeira.
Canto 7, estrofe 52, verso 2;A terra Oriental, que o Idaspe laua,;Aterra Oriental, que o ldaspe laua,
Canto 7, estrofe 52, verso 3;Rege o hum capitam de fronte lisa,;Rege a hum capitam de fronte lisa,
Canto 7, estrofe 52, verso 6;"Nas ribeiras do rio, que manaua;";Nas ribeiras do rio, que manaua,
Canto 7, estrofe 52, verso 7;Tão proprio, que se ali estiver Semelle,;Tam proprio, que se ali estiuer Semelle,
Canto 7, estrofe 52, verso 8;Dirâ por certo, que he seu filho aquelle;Dirà por certo, que he seu filho aquelle.
Canto 7, estrofe 53, verso 2;Mui grande multidão da Assiria gente,;Muy grande multidão da Assiria gente,
Canto 7, estrofe 54, verso 7;Que ja não de Filipo, mas sem falta;Que janão de Filipo, mas sem falta
Canto 7, estrofe 55, verso 5;Aqui se escreuerão nouas historias,;Aqui se escreueram nonas historias,
Canto 7, estrofe 55, verso 7;Que os nossos sabios magos o alcançârão,;Que os nossos sabios magor o alcançàrão,
Canto 7, estrofe 55, verso 8;Quando o tempo futuro especulârão.;Quando o tempo futuro espetulàrão.
Canto 7, estrofe 56, verso 1;E diz lhe mais a magica sciencia,;E dizlhe mais a magica sciencia,
Canto 7, estrofe 56, verso 3;Não valerâ dos homẽs resistencia,;Nam valerà dos homẽs resistencia,
Canto 7, estrofe 56, verso 5;Mas tambem diz que a bellica excellencia;Mas tambem diz que a bellica excellencia.
Canto 7, estrofe 57, verso 1;Assi fallando entrauão ja na sala,;Assi fallando entrauam ja na sala,
Canto 7, estrofe 57, verso 3;Nũa camilha jaz, que nam se igoala;Nũa camilha jaz, que nam se igoala.
Canto 7, estrofe 57, verso 5;No recostado gesto se assinala;No recostado gsto se assinala
Canto 7, estrofe 58, verso 4;Que a seu costume estaua ruminando.;Que a seu costume estaua ruminando:
Canto 7, estrofe 59, verso 2;Os seus mais afastados, prompto em vista;Os seus mais afastados, prompto em vista:
Canto 7, estrofe 59, verso 4;Da gente, nunca de antes delle vista:;Da gente, nunça de antes delle vista:
Canto 7, estrofe 59, verso 8;O Capitão lhe falla deste modo.;O Capitam lhe falla deste modo.
Canto 7, estrofe 60, verso 4;Tingindo a que deixou de escura noda,;Tingindo a que deixou de ęscura noda,
Canto 7, estrofe 60, verso 7;O principado estâ, & a magestade,;O principado està, & a magestade,
Canto 7, estrofe 61, verso 1;E por longos rodeos a ti manda,;E por longos rodeos ati manda,
Canto 7, estrofe 61, verso 2;Por te fazer saber que tudo aquillo;Por te fazer, saber que tudo aquillo
Canto 7, estrofe 61, verso 4;De riquezas, de lâ do Tejo ao Nilo:;De riquezas, de la do Tejo ao Nilo.
Canto 7, estrofe 61, verso 6;Ate bem donde o Sol nam muda o estilo;Ate bem donde o Sol nam muda o estilo.
Canto 7, estrofe 61, verso 7;Nos dias, sobre a gente de Ethiopia,;Nos dias, sobre a gente de Ethiopia.
Canto 7, estrofe 61, verso 8;Tudo tem no seu Reino em grande copia.;Tudo tem no seu Reino em grande copias
Canto 7, estrofe 62, verso 5;Porque creção as rendas, & abastanças,;Porque creçam as rendas, & abastanças,
Canto 7, estrofe 62, verso 8;De ti proueito, & delle gloria ingente.;De ti proueito, & delle glorta ingente.
Canto 7, estrofe 63, verso 4;Que por guerra a teu Reino se offereça:;Que por guerra a tei Reino se offereça:
Canto 7, estrofe 64, verso 1;Tal embaxada daua o Capitão,;Tal embaixada daua o Capitam,
Canto 7, estrofe 64, verso 2;A quem o Rei gentio respondia,;A quem o Rei gentio respondia:
Canto 7, estrofe 64, verso 3;Que em ver embaxadores de nação;Que em ver embaixadores de naçam
Canto 7, estrofe 64, verso 7;Informando se certo de quem era;Informandese certo de quem era
Canto 7, estrofe 65, verso 1;E que em tanto podia do trabalho;que em tanto podia do trabalho
Canto 7, estrofe 65, verso 5;la nisto punha a noite o vsado atalho;Ia nisto punha a noite o vsado atalho
Canto 7, estrofe 66, verso 1;Agasalhados foram juntamente,;Agasalhados foram juntamente
Canto 7, estrofe 66, verso 3;Do nobre Regedor da Indica gente,;Do nobre Regedor da lndica gente
Canto 7, estrofe 67, verso 6;Se tem noticia inteira, & certa proua,;Se tem noticia inteira, & certa prona,
Canto 7, estrofe 67, verso 8;Que he gente de sua patria muy vizinha.;Que he gente de sua patria muy vizinna.
Canto 7, estrofe 68, verso 2;Informação muy larga, pois fazia;Informaçam muy larga, pois fazia
Canto 7, estrofe 68, verso 3;Nisso seruiço ao Rei, porque soubesse;Nisso seruiço ao Rei, perque soubesse
Canto 7, estrofe 68, verso 8;Onde o meu ninho, & o Sol no mar se banha.;Onde o meu ninho, e o Sol no mar se banha.
Canto 7, estrofe 69, verso 3;Da mãy, tal que por bafo estâ aprouado;Da mãy, tal que por bafo està aprouado
Canto 7, estrofe 69, verso 8;O que em nossos passados se pareçe.;O que em nosos passados se pareçe.
Canto 7, estrofe 70, verso 1;Porque elles com virtude sobre humana,;Porque elles com virtude sobrehumana,
Canto 7, estrofe 70, verso 2;Os deitarão dos campos abundosos.;Os deitaram dos campos abundosos
Canto 7, estrofe 70, verso 3;Do rico Tejo, & fresca Goadiana,;Do rio Tejo, & fresca Goadiana,
Canto 7, estrofe 70, verso 4;Com feitos memoraueis, & famosos:;Com feitos memoraueis, e famosos:
Canto 7, estrofe 70, verso 5;E não contentes inda, & na Affricana;E nam contentes inda, & na Affricana
Canto 7, estrofe 70, verso 6;Parte, cortando os mares procelosos.;Parte, cortando os mares, procelosos
Canto 7, estrofe 70, verso 7;Nos não querem deixar viuer seguros,;Nos nam querem deixar viuer seguros,
Canto 7, estrofe 70, verso 8;Tomando nos cidades, & altos muros.;Tomando nos cidades & altos muros.
Canto 7, estrofe 71, verso 1;Nam menos tem mostrado esforço, & manha,;Nam menos tem moſtrado esforço & manha,
Canto 7, estrofe 71, verso 4;Ou la dalgũs que do Pirene deção.;Ou la dalgũs que do Pirene decão.
Canto 7, estrofe 71, verso 7;Nem se sabe inda não, te afirmo & assello;Nem se sabe anda não, te afirmo & assello,
Canto 7, estrofe 72, verso 5;Vay verlhe a frota, as armas, & a maneira;Vay verlhe a frota, as armas, e a maneira:
Canto 7, estrofe 72, verso 8;Portuguesa na paz, & na milicia.;Portuguesa na paz & na milicia.
Canto 7, estrofe 73, verso 1;la com desejos o Idolatra ardia,;Ia com desejos o Idolatra ardia,
Canto 7, estrofe 73, verso 2;De veristo, que o Mouro lhe contaua,;De ver isto, que o Mouro lhe contaua,
Canto 7, estrofe 73, verso 3;Manda esquipar bateis, que yr ver queria;Manda eſquipar bateis, que yr ver queria
Canto 7, estrofe 73, verso 4;Os lenhos em que o Gama nauegaua.;Os lenhos em que ò Gama navegaua:
Canto 7, estrofe 73, verso 6;A Naira geraçam, que o mar coalhava,;A Naira geraçam, que o mar coalhaua,
Canto 7, estrofe 74, verso 3;Nellas estam pintadas as guerreiras;Nellas estám pintadas as guerreiras
Canto 7, estrofe 74, verso 6;Desafios crueis, pintura fera,;Desafios crueis pintura fera,
Canto 7, estrofe 74, verso 7;Que tanto que ao Gentio se apresenta,;Que tanto que ao gentio se apresenta,
Canto 7, estrofe 75, verso 1;Pelo que ve pergunta: mas o Gama;Pelo que ve pergunta: mas o Grama
Canto 7, estrofe 75, verso 4;A ceita Epicurea, esperimente:;Aceita Epicuria, esperimente:
Canto 7, estrofe 75, verso 6;O licor, que Noe mostrâra aa gente:;O licor, que Noe mostràra aa gente:
Canto 7, estrofe 76, verso 6;Mostraua sempre ternos singulares;Mostrana sempre ternos singulares
Canto 7, estrofe 77, verso 1;Alçase em pê, co elle os Gamas junto;Alçase em pê, co elle os Gamas junto,
Canto 7, estrofe 77, verso 2;Coelho de outra parte, & o Mauritano;Coelho de outra parte, e o Mauritano
Canto 7, estrofe 77, verso 3;Os olhos poem no bellico trafunto;Os olhos poem no bellico trasunto
Canto 7, estrofe 77, verso 7;No trajo a Grega vsança estâ perfeita,;No trajo a Grega vsança esta perfeita,
Canto 7, estrofe 78, verso 2;Eu que cometo insano, e temerario,;Eu que cometo insano, & temerario,
Canto 7, estrofe 78, verso 5;Vosso favor inuoco, que navego;Vosso fauor inuoco, que nauego
Canto 7, estrofe 79, verso 4;Nouos trabalhos vendo, & nouos danos:;Nouos trabalhos vendo, & nouos danos
Canto 7, estrofe 79, verso 7;Qual Canace que â morte se condena,;Qual Canace que à morte se condena,
Canto 7, estrofe 79, verso 8;Nũa mão sempre a espada, & noutra a pena:;Nũa mão sempre a espada, & noutra a pena
Canto 7, estrofe 80, verso 7;Que não menos milagre foi saluarse,;Que não menos milagre foi salvarse.
Canto 7, estrofe 81, verso 2;Que tamanhas miserias me cercassem:;que tamanhas miserias me cercassem:
Canto 7, estrofe 81, verso 3;Senão que aquelles que eu cantando andaua,;Senam que aquelles que eu cantando andaua
Canto 7, estrofe 81, verso 6;Das capellas de louro que me honrassem,;Das capellas de lourò que me honrassem,
Canto 7, estrofe 81, verso 7;Trabalhos nunca vsados me inuentárão,;Trabalhos nunca vsados me enuentâram,
Canto 7, estrofe 81, verso 8;Com que em tam duro estado me deitârão.;Com que em tam duro estado me deitàram.
Canto 7, estrofe 82, verso 2;O vosso Tejo cria valerosos,;O vosso, Tejo cria valerosos,
Canto 7, estrofe 82, verso 3;Que assi sabem prezas com tais fauores;Que assi sabem prezar com tais fauores
Canto 7, estrofe 82, verso 6;Pera espertar engenhos curiosos,;Pera espertar eugenbos curiosos,
Canto 7, estrofe 83, verso 1;Pois logo em tantos males he forçado;Pois logo em tantos males he forçado,
Canto 7, estrofe 83, verso 2;Que so vosso fauor me não falleça,;Que so vosso favor me nam falleça,
Canto 7, estrofe 83, verso 6;Que não no empregue em quem o não mereça;Que nam no empregue em quẽ o nam mereça
Canto 7, estrofe 83, verso 8;Sob pena de não ser agradecido.;Sob pena de nam ser agradecido.
Canto 7, estrofe 84, verso 2;A quem ao bem comum, & do seu Rei;A quem ao bem camum, & do seu Rei
Canto 7, estrofe 84, verso 8;Vsar mais largamente de seus vicios.;Vsar mais largamente de ſeus vicios.
Canto 7, estrofe 85, verso 1;Nenhum que vse de seu poder bastante;Nenhum que vse de ſeu poder bastante
Canto 7, estrofe 85, verso 2;Pera seruir a seu desejo feio,;Pera seruir a ſeu desejo feio,
Canto 7, estrofe 86, verso 1;Nem quem acha que he justo & que he dereito;Nem quem acha que he justo & que he dereita
Canto 7, estrofe 86, verso 3;E não acha que he justo & bom respeito,;E nam acha que he justo e bom respeito,
Canto 7, estrofe 86, verso 4;Que se pague o suor da seruil gente.;Que se pague o suor da servil gente.
Canto 7, estrofe 86, verso 7;Pera taxar com mão rapace & escassa,;Pera taxar com mão rapace e escassa,
Canto 7, estrofe 86, verso 8;Os trabalhos alheios, que nam passa.;Os trabalhos alheios, que nam passa
Canto 7, estrofe 87, verso 1;Aquelles sos direy que auenturârão;Aquelles sos direy que auenturâram
Canto 7, estrofe 87, verso 3;Onde perdendoa, em fama a dilatârão,;Onde perdendoa, em fama a dilatàram,
Canto 7, estrofe 87, verso 4;Tambem de suas obras merecida.;Tambem de suas obras merecida:
Canto 7, estrofe 87, verso 5;Apolo, & as Musas que me acompanharão,;Apolo, & as Musas que me acompanharam,
Canto 7, estrofe 87, verso 8;Per tornar ao trabalho mais folgado.;Por tornar ao trabalho mais folgado.
Canto 8, estrofe 1, verso 1;A primeira figura se detinha;NA primeira figura se detinha
Canto 8, estrofe 1, verso 2;NO Catual, que vira estar pinta- da.;O Catual, que vira estar pinta-da.
Canto 8, estrofe 1, verso 5;Quem era, & porque causa lhe conuinha;quem era, & porque causa lhe conuinha
Canto 8, estrofe 2, verso 4;Pela fama, nas obras, & nos feitos;Pela fama, nas obras, e nos feitos
Canto 8, estrofe 4, verso 2;O verde Tyrso foi de Baco vsado,;O verde Tyrso foy de Baco vsado,
Canto 8, estrofe 4, verso 7;Onde muros perpetuos edefica,;Onde muros perpetuos edifica,
Canto 8, estrofe 4, verso 8;E templo a Palas, que em memoria fica;E templo a Palas, que em memoria fica.
Canto 8, estrofe 5, verso 1;Vlisses he o que faz a sancta casa;Vlisses he o que faza sanċta casa
Canto 8, estrofe 5, verso 2;Aa Deusa, que lhe dâ lingoa facunda,;Aa Deosa, que lhe dà lingoa facunda,
Canto 8, estrofe 5, verso 3;Que se lâ na Asia Troia insigne abrasa,;Que se là na Asia Troia insigne abrasa,
Canto 8, estrofe 6, verso 7;Nam tem coelle não, nem ter puderão;Nam tem coelle não, nem ter puderam
Canto 8, estrofe 6, verso 8;O primor que com Pirro ja tiverão.;O primor que com Pirro ja tiueram.
Canto 8, estrofe 7, verso 3;Que o grande aperto em gente, inda q̃ honrosa;Que o grãde aperto em gente, inda q̃ honrosa
Canto 8, estrofe 7, verso 4;Aas vezes leis magnanimas quebranta:;Aas vezes leis maguanimas quebranta:
Canto 8, estrofe 7, verso 5;Outro estâ aqui que contra a patria yrosa;Outro està aqui que contra a patria yrosa
Canto 8, estrofe 8, verso 1;Vês com nosco tambem vence as bandeiras;Vès com nosco tambem vence as bandeiras
Canto 8, estrofe 8, verso 4;Gentes de nos souberam ser vencidas:;Gentes dè nos souberam ser vencidas:
Canto 8, estrofe 8, verso 6;Pera adquerir os pouos tam fingidas;Pera adquerir os pouos tam fingindas
Canto 8, estrofe 8, verso 7;A fatidica Cerua que o auisa,;A fatidica Cerua que o avisa,
Canto 8, estrofe 9, verso 6;Galegos, & Leoneses caualleiros,;Galegos, & Leoneses cavalleiros,
Canto 8, estrofe 9, verso 7;Aa casa Sancta passa o sancto Enrique;Aa casa Sancta passa o Sancto Enrique,
Canto 8, estrofe 11, verso 1;Este he o primeiro Afonso, disse o Gama,;Este he o primeiro Affonso, disse o Gama,
Canto 8, estrofe 11, verso 3;Por quem no Estigio lago jura a fama,;Por quem no Estigio jura a fama,
Canto 8, estrofe 11, verso 5;Este be aquelle zeloso a quem Deos ama,;Este he aquelle zeloso a quem Deos ama,
Canto 8, estrofe 11, verso 7;Pera quem de seu Reino abaxa os muros,;Pera quem de seu Reino abaixa os muros
Canto 8, estrofe 12, verso 1;Se Cesar, se Alexandre Rei tiverão,;Se Cesar, se Alexandre Rei tiueram,
Canto 8, estrofe 12, verso 3;Contra tantos immigos quantos erão,;Contra tantos imigos quantos eram,
Canto 8, estrofe 12, verso 5;Nam creas que seus nomes se estenderāo;Nam creas que seus nomes se estenderam
Canto 8, estrofe 13, verso 2;Pera o rompido Alumno mal sofrido,;Pera o rompido Alumno mal sufrido,
Canto 8, estrofe 14, verso 2;A corda ao colo, nu de seda & pano,;Acorda ao colo, nu de seda e pano,
Canto 8, estrofe 14, verso 5;Fez com siso & promessas leuantarse;Fez com siso & promessas levantarse
Canto 8, estrofe 14, verso 8;Pera que o senhor salue, a si condena.;Pera que o senhor salue, a si condena:
Canto 8, estrofe 15, verso 2;Foi nas forcas Caudinas de ignorante;Fui nas forcas Caudinas de ignorante
Canto 8, estrofe 15, verso 3;Quando a passar por baxo foi forçado;Quando a passar por baixo foi forçado
Canto 8, estrofe 15, verso 4;Do Samnitico jugo triumphante:;Do Samnuicor jugo triumphante:
Canto 8, estrofe 15, verso 6;Assi se entrega so firme & constante,;Assi e entrega so firme & constante,
Canto 8, estrofe 16, verso 1;Ves este que saindo da cilada,;Ves este que ſaindo da cilada,
Canto 8, estrofe 16, verso 2;Dâ sobre o Rei que cerca a villa forte,;Dá sabre o Rei que cerca a villa forte,
Canto 8, estrofe 16, verso 6;No mar tambem aos Mouros dando a morte,;No mar tambem aos Mouros dando a morte
Canto 8, estrofe 16, verso 7;Tomando lhe as galês, leuando a gloria,;Tomandolhe as galês, leuando a gloria,
Canto 8, estrofe 18, verso 5;Olha Enrique famoso cavalleiro,;Olha Enrique famoso caualleiro,
Canto 8, estrofe 18, verso 6;A Palma que lhe nasce junto aa coua,;A Palma que lhe nasce junto da coua,
Canto 8, estrofe 18, verso 8;Germanos sam os Martyrrs de Christo.;Germanos sam os Martyres de Christo.
Canto 8, estrofe 19, verso 1;Hum Sacerdote vê brandindo a espada,;Hum Sacerdote vè brandindo a espada,
Canto 8, estrofe 19, verso 2;Contra Arronches que toma, por vingança;Contra Aronches que toma, por vingança
Canto 8, estrofe 19, verso 5;He Teotonio Prior: mas vê cercada;He Teotonio Prior: mas vè cercada
Canto 8, estrofe 19, verso 8;Subindo ergueo das Quinas a bandeira:;Subindo ergueo das Quinas a bandeira.
Canto 8, estrofe 20, verso 4;E Hispalico pendão derriba em terra,;E Hispalico pendam derriba em terra.
Canto 8, estrofe 20, verso 8;A contraria derriba, e a sua exalta.;A contraria derriba, & a sua exalta.
Canto 8, estrofe 21, verso 6;Do caualleiro, que as cabeças frias;Do caualleiro, que as cabeças frías
Canto 8, estrofe 22, verso 1;Nam vês hum Castelhano, que agrauado,;Nam vès hum Castelhano, que agrauado,
Canto 8, estrofe 22, verso 3;Dos de Lara cos Mouros he deitado,;Dos de Lara, cos Mouros he deitado,
Canto 8, estrofe 22, verso 7;Mas vê que hum Portugues com pouca gente;Mas vè que hum Portugues com pouca gente
Canto 8, estrofe 22, verso 8;O desbarata e o prende ousadamente.;O desbarata & o prende ouſadamente.
Canto 8, estrofe 23, verso 2;Que destes levar pode a palma, & o louro:;Que destes leuar pode a palma e o louros:
Canto 8, estrofe 23, verso 4;Que em lança de aço torna o Bago de ouro:;Que em lança de aço torna o Bago de ouro.
Canto 8, estrofe 23, verso 5;Vêllo entre os duuidosos tam inteiro,;Vèllo entre os duuidosos tam inteiro,
Canto 8, estrofe 23, verso 7;Olha o sinal no çeo que lhe apareçe,;Olha o sinal no ceo que lhe apareçe,
Canto 8, estrofe 24, verso 1;Vês vão os Reis de Cordoua & Seuilha,;Vès vão os Reis de Cordoua & Seuilha,
Canto 8, estrofe 24, verso 2;Rotos, cos outros dous, e não de espaço,;Rotos, cos outros dous, & nam de espaço,
Canto 8, estrofe 24, verso 4;Feita de Deos, que não de humano braço:;Feita de Deos, que nam de humano braço:
Canto 8, estrofe 24, verso 5;Vês ja a villa de Alcaçare se humilha,;Vès ja a villa de Alcaçare se humilha.
Canto 8, estrofe 25, verso 2;Portugues de nação, como conquista;Portugues de naçam, como conquista
Canto 8, estrofe 25, verso 3;A terra dos Algarues, e ja nella;A terra dos Algarues, & janella
Canto 8, estrofe 25, verso 5;Com manha, esforço, e com benigna estrella;Com manha, esforço, & com benigna estrella
Canto 8, estrofe 25, verso 8;Em vingança dos sete caçadores.;Em vingança dos sete caçadores:
Canto 8, estrofe 26, verso 1;Vês com belica astucia ao Mouro ganha;Vès com belica astucia ao Mouro ganha
Canto 8, estrofe 26, verso 4;E grande esforço faz enueja aa gente:;E grande esforço faz enueja aa gente
Canto 8, estrofe 26, verso 5;Mas não passes os tres q̄ ẽ Frāça & Espanha;Mas nam passes os tres q ẽ Frãça & Espanha
Canto 8, estrofe 26, verso 7;Em desafios, justas e torneos,;Em desafios, justas & torneos,
Canto 8, estrofe 27, verso 2;A Castella, onde o preço sos leuârão;A Castella, onde o preço sos leuaram
Canto 8, estrofe 27, verso 4;Que com dano de algũs se exercitarão,;Que com dano de algũs se exercitàram,
Canto 8, estrofe 27, verso 6;Que o principal dos tres desafiarão,;Que o principal dos tres desafiaram,
Canto 8, estrofe 27, verso 8;Que pode não temer a ley Letea.;Que pode nam temer a ley Letea.
Canto 8, estrofe 28, verso 7;Do pouo, e faz que tome o doçe freyo,;Do pouo, & faz que tome o doçe freyo,
Canto 8, estrofe 28, verso 8;De Rei seu natural, & nam de alheyo.;De Rei seu naturol, & nam de alheyo.
Canto 8, estrofe 29, verso 6;Outro estrago & victoria clara e bella;Outro estrago e victoria clara e bella
Canto 8, estrofe 29, verso 8;Que entre o Tarteso, & Goadiana habita.;Que entre o Tarteso, e o Goadiana babita.
Canto 8, estrofe 30, verso 1;Mas não vees quasi ja desbaratado,;Mas nam ves quasi, ja desbaratado,
Canto 8, estrofe 30, verso 2;O poder Lusitano, pela ausencia;O poder Lúſitano, pela auſencia
Canto 8, estrofe 30, verso 3;Do Capitão deuoto, que apartado;Do Capitam deuoto, que apartado
Canto 8, estrofe 30, verso 6;Que lhe dizem que falta resistencia;Que lhe dizem que lhe falta resistencia
Canto 8, estrofe 30, verso 7;Contra poder tamanho, & que viesse;Contrā poder tamanho, e que viesse,
Canto 8, estrofe 31, verso 2;Que inda não era tempo respondia,;Que inda nam era tempo respondia,
Canto 8, estrofe 32, verso 1;Se quem com tanto esforço em Deos se atreue,;Se quem com tanto esforço em Deas se atreue,
Canto 8, estrofe 32, verso 3;Portugues Cipião chamar se deue:;Portugues Capitam chamar se deue:
Canto 8, estrofe 32, verso 5;Ditosa patria que tal filho teue:;Ditosa patria que tal filho teue.
Canto 8, estrofe 32, verso 7;Este globo de Ceres & Neptuno,;Este globo de Cereo & Neptuno,
Canto 8, estrofe 32, verso 8;Sempre suspirarâ por tal aluno.;Sempre suspirará por tal aluno.
Canto 8, estrofe 33, verso 1;Na mesma guerra vê que presas ganha,;Na mesma guerra vè que presas ganha,
Canto 8, estrofe 33, verso 2;Estoutro Capitão de pouca gente,;Estoutrò Capitam de pouca gente,
Canto 8, estrofe 33, verso 3;Comendadores vence, & o gado apanha,;Comendadores vence, & ogado apanha,
Canto 8, estrofe 33, verso 4;Que leuão roubado ousadamente:;Que leuauam roubado ousadamente:
Canto 8, estrofe 33, verso 8;Pero Rodriguez he do Landroal.;Pero Rodrigo he do Landroal.
Canto 8, estrofe 34, verso 2;O perjurio que fez & vil engano,;O perjuro que fez e vil engano,
Canto 8, estrofe 34, verso 4;E faz vir a passar o vltimo dano:;E faz vir a passar o último dano:
Canto 8, estrofe 34, verso 5;De Xerez rouba o campo, & quasi alaga;De Xerez rouba o campo, e quasi alago
Canto 8, estrofe 34, verso 7;Mas olha Rui Pireira que co rosto;Mas olha Rui Pereira que co rosto
Canto 8, estrofe 34, verso 8;Faz escudo aas gales, diante posto.;Faz escudo das gales, diante posto.
Canto 8, estrofe 35, verso 3;Fortes de quatrocentos Castelhanos,;Fortes de quatro centos Castelhanos,
Canto 8, estrofe 36, verso 2;Ia contra mil Romanos pelejarão,;Ia contra mil Romanos pelejaram,
Canto 8, estrofe 36, verso 4;De Viriato tanto se illustrarão,;De Viriato tanto se illustraram,
Canto 8, estrofe 36, verso 6;Memoraueis, de erança nos deixarão,;Memoraueis, de erança nos deixaram,
Canto 8, estrofe 37, verso 2;Progenie generosa de Ioane,;Progenie generosa de loane
Canto 8, estrofe 37, verso 4;Delle em Germania, com que a morte engane:;Delle em Germania, com que a morte engane
Canto 8, estrofe 38, verso 3;Vês outro Conde està que representa;Ves outro Conde està que representa
Canto 8, estrofe 39, verso 2;Aqui tambem por certo pintarião:;Aqui tambem por certo pintariam:
Canto 8, estrofe 39, verso 4;Honra, premio, fauor que as artes crião,;Honra, premio, fauor que as artes criam,
Canto 8, estrofe 39, verso 6;Que degenerão certo, & se desuião;Que degenerão certo, e se desuiam
Canto 8, estrofe 40, verso 1;Aquelles pais illustres que ja derão;Aquelles pais illustres que ja deram
Canto 8, estrofe 40, verso 3;Pela virtude muyto antão fizerão,;Pela virtude muyto antão fizeram,
Canto 8, estrofe 40, verso 5;Cegos, que dos trabalhos que tiuerão,;Cegos, que dos trabalhos que tiueram,
Canto 8, estrofe 40, verso 7;Escuros deixão sempre seus menores,;Escuros deixam sempre seus menores,
Canto 8, estrofe 41, verso 1;Outros tambem ha grandes & abastados,;Outros tambem ha grandes e abastados,
Canto 8, estrofe 41, verso 2;Sem nenhum tronco illustre donde venhão,;Sem nenhum tronco illustre donde venham,
Canto 8, estrofe 41, verso 6;Crendo que cores vãs lhe não conuenhão,;Crendo que corees vãs lhe nam conuenham,
Canto 8, estrofe 42, verso 1;Não nego que â com tudo descendentes;Não nego que á com tudo descendentes
Canto 8, estrofe 42, verso 4;Sustentão a nobreza que lhe fica:;Sustentam a nobreza que lhe fica:
Canto 8, estrofe 42, verso 5;E se ha luz dos antigos seus parentes;E se a luz dos antigos seus parentes
Canto 8, estrofe 42, verso 6;Nelles mais o valor não clarifica,;Nelles mais o valor nam clarifica,
Canto 8, estrofe 43, verso 1;Assi estâ declarando os grandes feitos,;Assi està declarando os grandes feitos,
Canto 8, estrofe 43, verso 8;As gostosas batalhas que ali via.;As gostosas batalbas que ali via.
Canto 8, estrofe 44, verso 3;Debaxo do Orizonte & luminosa;Debaixo do Orizonte & luminosa
Canto 8, estrofe 45, verso 2;Na falsa opinião, que em sacrificios;Na falsa opiniam, que em sacrificios
Canto 8, estrofe 45, verso 6;Exercitauão a arte & seus officios,;Exercitauam a arte & seus officios,
Canto 8, estrofe 46, verso 7;Os sinais temerosos que alcançâra;Os sinais temerosos que alcançàra
Canto 8, estrofe 46, verso 8;Nas entranhas das victimas que oulhara:;Nas entranhas das victimas que oulharà.
Canto 8, estrofe 47, verso 6;Que do filho da escraua Agar procede,;Que do filho da escrava Agar procede,
Canto 8, estrofe 49, verso 3;Tem mostrado o preceito a que obedece;Tem mostrado o preceito a que obedeces
Canto 8, estrofe 49, verso 8;Da lei que eu dei ao nescio pouo humano.;Da lei que eu dey ao nescio pouo humano.
Canto 8, estrofe 51, verso 5;Tanto que a noua luz que ao Sol precede;Tanto que a nova luz que ao Sol precede
Canto 8, estrofe 51, verso 8;Aos quais do que sonhou dâ conta estreita.;Aos quais do que ſonhou dá conta estreita.
Canto 8, estrofe 52, verso 2;Ali se dão segundo o que entendião,;Ali se dão segundo o que entendiam,
Canto 8, estrofe 52, verso 4;Perfidias inuentauam & tecião:;Perfidias inuentauam & teciam:
Canto 8, estrofe 52, verso 6;Destruiçam da gente pretendião,;Destruiçam da gente pretendiam,
Canto 8, estrofe 52, verso 7;Por manhas mais sotis & ardis milhores,;Por manhas mais sotis & ardis milhores
Canto 8, estrofe 52, verso 8;Com peitas adquerindo os regedores,;Com peitas adquerindo os regedores.
Canto 8, estrofe 53, verso 1;Com peitas, ouro, & dadivas secretas;Com peitas, ouro, & dadiuas secretas
Canto 8, estrofe 53, verso 2;Concilião da terra os principais,;Conciliam da terra os principais,
Canto 8, estrofe 54, verso 3;De consciencia, & de virtude interna,;De consciencia & de virtude interna,
Canto 8, estrofe 54, verso 5;Porque como estè posto na superna;Porque como este posto na superna
Canto 8, estrofe 54, verso 6;Cadeira, pode mal dos apartados;Cadeira, pode mal dos aparatados
Canto 8, estrofe 55, verso 3;Que se enleue num pobre & humilde manto,;Que se enleue num pobre & humilde manto
Canto 8, estrofe 55, verso 5;E quando hũ bom em tudo he justo & sanċto;E quando hũ bom em tudo he justo & sancto
Canto 8, estrofe 55, verso 7;Que mal coelles poderâ ter conta,;Que mal coelles poderà ter conta,
Canto 8, estrofe 56, verso 1;Mas aquelles auaros Catuais,;Mas aquelles auaros Catuais
Canto 8, estrofe 56, verso 2;Que o Gentilico pouo gouernauão,;Que o Gentilico pouo gouernavam,
Canto 8, estrofe 56, verso 4;O Portugues despacho dilatauão:;O Portugues despacho dilatauam:
Canto 8, estrofe 56, verso 5;Mas o Gama, que não pretende mais,;Mas o Gama, que nam pretende mais,
Canto 8, estrofe 56, verso 6;De tudo quanto os Mouros ordenauão,;De tudo quanto os Mouros ordenauam,
Canto 8, estrofe 56, verso 7;Que levar a seu Rei hum final certo;Que levar a seu Rei hum sinal certo
Canto 8, estrofe 57, verso 3;Armas, & naos, & gentes mandaria;Armas & naos, & gente mandaria
Canto 8, estrofe 57, verso 5;Com que a seu jugo & ley someteria;Com que a seu jugo et ley someteria
Canto 8, estrofe 57, verso 6;Das terras, e do mar a redondeza,;Das terras, & do mar a redondeza,
Canto 8, estrofe 57, verso 7;Que elle não era mais que hum diligente;Que elle nam era mais que hum diligente
Canto 8, estrofe 58, verso 3;Que ja sentia em tudo da malina;Que se sentia em tudo da malina
Canto 8, estrofe 58, verso 4;Gente impedirse quanto desejasse:;Gente impedirse quanto desejasse.
Canto 8, estrofe 58, verso 5;O Rei que da noticia falsa, & indina;O Rei que da noticia falsa & indina
Canto 8, estrofe 58, verso 7;Que tam credulo era em seus agouros,;Que tam credudo era em seus agouros,
Canto 8, estrofe 59, verso 3;A quem por natureza estâ sugeito,;A quem por natureza està sugeito,
Canto 8, estrofe 59, verso 4;Hum desejo immortal lhe acende, & atiça:;Hum desejo immortal lhe acende & atiça:
Canto 8, estrofe 59, verso 5;Que bem vê que grandissimo proueito;Que bem vê que grandissimo proueite
Canto 8, estrofe 59, verso 6;Farâ, se com verdade, & com justiça;Farà, se com verdade & com justiça
Canto 8, estrofe 60, verso 3;Que naquelles, com quem se aconselhava,;Que naquelles, com quem se aconselhaua,
Canto 8, estrofe 60, verso 4;Executa o dinheiro seus poderes:;Escecuta o dinheiro seus poderes:
Canto 8, estrofe 60, verso 5;O grande Capitão chamar mandaua,;O grande capitam chamar mandaua,
Canto 8, estrofe 60, verso 7;Confessarme a verdade limpa, & nua,;Confessarme a verdade limpa & nua,
Canto 8, estrofe 60, verso 8;Perdão alcançaras da culpa tua.;Perdam alcançaras da culpa tua.
Canto 8, estrofe 61, verso 2;Que de teu Rei me deste, que he fingida:;Que de ten Rei me deste, que he fingida:
Canto 8, estrofe 61, verso 3;Porque nem tu tẽs Rei, nem patria amada,;Porque nem tu tẽs Rei, nem patria amada:
Canto 8, estrofe 61, verso 5;Que quem da Hisperia vltima alongada;Que quem da Hisperia ultima alongada
Canto 8, estrofe 61, verso 6;Rei, ou senbor de insania desmedida,;Rei, ou senhor de insania desmedida,
Canto 8, estrofe 61, verso 7;Ha de vir cometer com naos, & frotas;Ha de vir cometer com naos & frotas
Canto 8, estrofe 61, verso 8;Tam incertas viagẽs, & remotas?;Tam incertas viagẽs & remotas?
Canto 8, estrofe 62, verso 1;E se de grandes Reinos poderosos,;Ese de grandes Reinos poderosos,
Canto 8, estrofe 62, verso 3;Que presentes me trazes valerosos,;Que presentes me traces valerosos,
Canto 8, estrofe 62, verso 5;Com peças & dōes altos sumptuosos;Com peças & dões altos sumptuosos
Canto 8, estrofe 63, verso 3;Em meu Reino sereis agasalhados,;Em meu Reino sereis agosalhados,
Canto 8, estrofe 64, verso 2;Suspeitas das insidias que ordenaua;Suspeitas, das insidias que ordenaua
Canto 8, estrofe 64, verso 4;"Aquillo que tam mal o Rei cuidaua;";Aquillo que tam mal o Rei cuidaua:
Canto 8, estrofe 64, verso 5;Cũa alta confiança, que conuinha,;Cūa alta confiança, que conuinha,
Canto 8, estrofe 64, verso 6;Com que seguro credito alcançava,;Com que seguro credito alcançaua,
Canto 8, estrofe 65, verso 2;Humana cometeo na prisca idade,;Humana cometeu na prisca idade
Canto 8, estrofe 65, verso 3;Nam causaram, que o vaso da niquicia,;Nam cansaram, que o vaso da iniquicia,
Canto 8, estrofe 65, verso 4;Açoute tão cruel da Christandade,;Açoute tam cruel da Christandade,
Canto 8, estrofe 65, verso 8;Nam conceberas tu tam mâ sospeita.;Nam conceberas tu tam mà sospeita.
Canto 8, estrofe 66, verso 2;Sem grandes opressões, & em todo o feyto;Sem grandes opressoẽs, & em todo o feito
Canto 8, estrofe 66, verso 6;Desta minha verdade: sem respeyto;Desta minha verdade: sem respeito
Canto 8, estrofe 66, verso 8;Senão cresses a quem não crer deuias.;Senão cresses a quem nam crer deuias.
Canto 8, estrofe 67, verso 2;Vndiuago, ou da patria desterrado,;Vndivago, ou da patria desterrada,
Canto 8, estrofe 67, verso 3;Como cres que tão longe me viesse,;Como cres que tam longe me viesse,
Canto 8, estrofe 67, verso 7;Os Antarticos frios, & os ardores;Os Antarticos frios, e os ardores
Canto 8, estrofe 68, verso 3;Eu não vim mais q̃ a achar o estranho Clima;Eu não vim mais q̄ a achar o estranho Clima
Canto 8, estrofe 68, verso 6;Que eu torne à minha patria, & Reino amigo;Que eu torne à minha patria, & reino amigo
Canto 8, estrofe 68, verso 7;Então verâs o dom soberbo & rico;Então veràs o dom soberbo & rico
Canto 8, estrofe 68, verso 8;Com que minha tornada certifico.;Com que minha tornada certifico,
Canto 8, estrofe 69, verso 2;Que Rei da vltima Hisperia ati me mande,;Que Rei da ultima Hisperia ati me mande,
Canto 8, estrofe 69, verso 3;O coraçam sublime, o regio peito,;O coraçam subilime, o regio peito,
Canto 8, estrofe 70, verso 2;Reis nossos firmemente propuserão;Reis nossos firmemente propuserão.
Canto 8, estrofe 70, verso 4;Que sempre âs grandes cousas se opuserão;Que sempre às grandes cousas se opuserão
Canto 8, estrofe 70, verso 7;De saber que fim tinhão, & onde estauão;De saber que fim tinham, & onde estauam
Canto 8, estrofe 70, verso 8;As derradeiras praias que lauauão.;As derradeiras praias que lauauam.
Canto 8, estrofe 71, verso 2;Do venturoso Rei, que arou primeiro;Do ventur so Rei, que arou primeiro
Canto 8, estrofe 71, verso 4;O morador de Abila derradeiro:;O morador de Abila desradeiro:
Canto 8, estrofe 72, verso 2;No peyto as ousadias, descobrirão;No peyto as ousadias, descobriram
Canto 8, estrofe 72, verso 3;Pouco & pouco caminhos estrangeyros,;Pouco & pouco camînhos estrangeyros,
Canto 8, estrofe 72, verso 4;Que hũs succedendo aos outros proseguirão:;Que hũs succedendo aos outros proseguiram:
Canto 8, estrofe 72, verso 5;De Affrica os moradores derradeyros;De Africa os moradores derradeyros
Canto 8, estrofe 72, verso 6;Austrais, que nunca as sete flammas virão,;Austrais, que nunca as sete flammas viram,
Canto 8, estrofe 72, verso 8;Quantos estão os Tropicos queymando.;Quantos estam os Tropicos queymando.
Canto 8, estrofe 73, verso 4;Viemos pôr a vltima coluna:;Viemos por a vltima coluna:
Canto 8, estrofe 73, verso 5;Rompendo a força do liquido Estanho;Rompendo a força do liquido estanho
Canto 8, estrofe 73, verso 7;Ati chegamos, de quem so queremos;Ati chegamos, de quem sa queremos
Canto 8, estrofe 73, verso 8;Sinal, que ao nosso Rey de ti leuemos.;sinal, que ao nosso Rey de ti leuemos.
Canto 8, estrofe 74, verso 1;Esta he a verdade Rey, que não faria;Esta he a verdade Rey, que nam faria
Canto 8, estrofe 74, verso 2;Por tão incerto bem, tão fraco premio;Por tam incerto bem, tam fraco premio
Canto 8, estrofe 74, verso 3;Qual, não sendo isto assi, esperar podia,;Qual, nam sendo isto assi, esperar podia,
Canto 8, estrofe 74, verso 4;Tão longo tao fingido, & vão proemio:;Tam longo tam fingido, & vão proemio:
Canto 8, estrofe 74, verso 5;Mas antes descansar me deyxaria;Mas antes desçansar me deyxaria
Canto 8, estrofe 74, verso 8;Dos trabalhos alheyos feyto rico.;Dos trabalhos alheyos feyto rico
Canto 8, estrofe 75, verso 2;Tẽs por qual he, sincera, & não dobrada,;Tẽs por qual he, sincera, & não dobrada
Canto 8, estrofe 76, verso 1;Atento estaua o Reyna segurança,;Atento estaua o Rey na segurança,
Canto 8, estrofe 76, verso 3;Concebe delle certa confiança,;Concelle delle certa confiança,
Canto 8, estrofe 76, verso 8;Os Catuais currutos, mal julgados.;Os Catuais corrutos, mal julgados.
Canto 8, estrofe 77, verso 1;Juntamente a cobiça do proueyto,;Iuntamente a cobiça do proueyto,
Canto 8, estrofe 77, verso 4;Co Capitão, & não co Mauro engano:;Co Capitaõ, & nam co Mauro engano,
Canto 8, estrofe 77, verso 6;Aas naos se vâ, & seguro dalgum dano;Aas naos se và, & seguro dalgum dano
Canto 8, estrofe 78, verso 5;lâ da Real presença veneranda;Ia da Real presença veneranda
Canto 8, estrofe 78, verso 6;Se parte o Capitão, pera onde peça;Se parte o Capitam, pera onde peça
Canto 8, estrofe 78, verso 8;Embarcação, que a sua esta de largo.;Embarcaçam, que a sua esta de largo.
Canto 8, estrofe 79, verso 1;Embarcação que o leue aas naos lhe pede:;Embarcação que o leve aas naos lhe pede:
Canto 8, estrofe 79, verso 4;Interpondo tardanças & embaraços:;Interpondo tardanças e embaraços:
Canto 8, estrofe 79, verso 8;Faça o que lhe insinar sua noticia.;Faça o que lhe insinar sua malicia.
Canto 8, estrofe 80, verso 1;La bem longe lhe diz, que lhe a daria;La bem longe lhe diz, que lhe daria
Canto 8, estrofe 80, verso 7;Na ma tençam dos Mouros, torpe & fera,;Na ma tençam dos Mouros, torpe e fera,
Canto 8, estrofe 80, verso 8;O que delle ate li nam entendêra:;O que delle ate li nam entendèra.
Canto 8, estrofe 81, verso 1;Era este Catual, hum dos que estauão;Era este Catual, hum dos que estauam
Canto 8, estrofe 81, verso 3;O principal por quem se gouernauão;O principal por quem se gouernauam
Canto 8, estrofe 81, verso 5;Delle somente os Mouros esperauão;Delle somente os Mouros esperauam
Canto 8, estrofe 81, verso 8;De suas esperanças nam delira.;De suas esperanças nam delira:
Canto 8, estrofe 82, verso 2;Que o mande por nas naos, & não lhe val,;Que o mande por nas naos, & nam lhe val,
Canto 8, estrofe 82, verso 3;E que assi lho mandara, lhe refere,;E que assi lho mandára, lhe refere,
Canto 8, estrofe 82, verso 5;Porque razão lhe empede & lhe difere;Porque razam lhe empede & lhe difere
Canto 8, estrofe 82, verso 7;Pois aquillo que os Reis ja tem mandado;Pois aquillo que os Reis ja tem mandado,
Canto 8, estrofe 82, verso 8;Nam pode ser por outrem derrogado?;Nam pode ser por outrem derogado?
Canto 8, estrofe 83, verso 3;"Na fantasia algum sutil; & astuto";Na fantasia algum sutil, & astuto
Canto 8, estrofe 83, verso 4;Engano, diabolico, & estupendo,;Engano diabolico, & estupendo,
Canto 8, estrofe 83, verso 7;Ou como as naos em fogo lhe abrasasse,;Ou como as naos em fago lbe abrasasse,
Canto 8, estrofe 83, verso 8;Porque nenhũa aa patria mais teruasse.;Porque nenhũa aa patria mais tornasse.
Canto 8, estrofe 84, verso 2;O conselho infernal dos Maumetanos,;o conselho infernal dos Maumetanos,
Canto 8, estrofe 84, verso 8;Que as almâdias todas lhe tolhia.;Que as almádias todas lhe tolhia.
Canto 8, estrofe 85, verso 1;Aos brados & razões do Capitão,;Aos brados & razões do Capitam,
Canto 8, estrofe 85, verso 2;Responde o Idolatra, que mandasse;Responde ò Idolatra, que mandasse
Canto 8, estrofe 85, verso 3;Chegar aa terra as naos, que longe estão,;Chegar aa terra as naos, que longe estam,
Canto 8, estrofe 85, verso 5;Sinal he de inimigo, & de ladrão,;Sinal he de inimigo, & de ladram,
Canto 8, estrofe 86, verso 6;Fantasiando estâ remedio certo,;Fantasiando está remedio certo,
Canto 8, estrofe 86, verso 8;Tudo temia, tudo em fim cuidaua.;Tudo temia, tudo em fim cuidaua
Canto 8, estrofe 87, verso 7;Anda pelas paredes, & telhado,;Anda pelas paredes, e telhado,
Canto 8, estrofe 88, verso 6;Que se tornasse aa frota, que deixâra,;Que se tornasse aa frota, que deixàra,
Canto 8, estrofe 89, verso 1;Tal ha de ser, quem quer co dom de Marte;Tal ha de ser, quem quer co dom de Marte,
Canto 8, estrofe 89, verso 4;Adiuinhar pirigos, e euitallos:;Adiuinhar perigos, & euitallos:
Canto 8, estrofe 90, verso 2;Senão manda chegar a terra a armada,;Senão minda chegar a terra a armada,
Canto 8, estrofe 90, verso 7;Lhe andar armando, que por em ventura;Lhe andar armada, que por em ventura
Canto 8, estrofe 91, verso 3;De se tornar ao Rei mas impedido;De se tornar ao Rei: mas impedido
Canto 8, estrofe 91, verso 4;Foi da guarda que tinha não pequena:;Foy da guarda que tinha não pequena:
Canto 8, estrofe 91, verso 5;Comete lhe o Gentio outro partido;Cometelhe o Gentio outro partido,
Canto 8, estrofe 91, verso 6;Temendo de seu Rei castigo, ou pena,;Temendo de sen Rei castigo, ou pena,
Canto 8, estrofe 91, verso 8;Saberâ, se mais tempo ali o detinha.;Saberà, se mais tempo alio detinha:
Canto 8, estrofe 92, verso 2;Vendibil, que trazia, pera a terra,;Vendibil, que trazia, pera terra,
Canto 8, estrofe 92, verso 3;Pera que de vagar se troque, & venda,;Pera que de vagar se troque & venda,
Canto 8, estrofe 92, verso 4;Que quem nam quer comercio, busca guerra:;Que quem nam quer comercio busca guerra:
Canto 8, estrofe 92, verso 5;Posto que os maos prepositos entenda;Posto que os maos prepositus entenda
Canto 8, estrofe 92, verso 8;Que compra co a fazenda a liberdade.;Que compra coa fazenda a liberdade.
Canto 8, estrofe 93, verso 1;Concertã se que o negro mande dar,;Concertãse que o negro mande dar
Canto 8, estrofe 93, verso 3;Que os seus bateis não quer auenturar,;Que os seus bateis nam quer auenturar,
Canto 8, estrofe 94, verso 5;Se mais que obrigação, que mando & rogo;Se mais que obrigaçam, que mando e rogo
Canto 8, estrofe 94, verso 6;No peito vil o premio pode, & val,;No peito vil o premio pode & val,
Canto 8, estrofe 94, verso 7;Bem o mostra o Gentio a quem o entenda,;Bemo mostrao Gentio a quem o entenda,
Canto 8, estrofe 95, verso 1;Por ella o solta, crendo que ali tinha;Por ella o solta, crendo que alli tinha
Canto 8, estrofe 95, verso 4;Se o Capitão mais tempo detiuesse:;Se o Capitam mais tempo detiuesse:
Canto 8, estrofe 96, verso 1;Nas naos estar se deyxa vagaroso,;Nas naos estar se deixa vagaroso,
Canto 8, estrofe 96, verso 2;Atê ver o que o tempo lhe descobre,;Atè ver o que o tempo lhe descobre,
Canto 8, estrofe 96, verso 3;Que não se fia ja do cobiçoso;Que nam se fia ja do cobiçoso
Canto 8, estrofe 96, verso 4;Regedor corrompido, & pouco nobre.;Regedor corrompido & pouco nobre.
Canto 8, estrofe 96, verso 8;Do dinheyro, que a tudo nos obriga.;Do dinheiro, que a tudo nos obriga.
Canto 8, estrofe 97, verso 2;Sô por ficar senhor do grão tesouro:;Sò por ficar senhor do gram tesouro:
Canto 8, estrofe 97, verso 3;Entra, pelo fortissimo edificio,;Entra, pelo fortissimo edificio
Canto 8, estrofe 97, verso 6;Que a troco do metal luzente, & louro,;que a troco do metal luzente, & louro,
Canto 8, estrofe 97, verso 7;Entrega aos inimigos a alta torre,;Entrega dos inimigos a alta torre,
Canto 8, estrofe 97, verso 8;Do qual quasi afogada empago morre.;Do qual quasi afogada empago morre
Canto 8, estrofe 98, verso 2;Faz tredoros, & falsos os amigos,;Faz tredores, & falsos os amigos,
Canto 8, estrofe 98, verso 6;Sem temer de honra, ou fama algũs perigos,;Sem temer de honra, ou fama algũs pêrigos,
Canto 8, estrofe 98, verso 7;Este depraua as vezes âs ciencias,;Este depraua as vezes às ciencias
Canto 8, estrofe 99, verso 2;Os textos. este faz & desfaz leis:;Os textos este faz & desfaz leis:
Canto 8, estrofe 99, verso 4;Emil vezes tirânos torna os Reis.;E mil veces tirànos torna os Reis.
Canto 8, estrofe 99, verso 5;A te os que so a Deos omnipotente;Ate os que so a Deos omnipotente
Canto 8, estrofe 99, verso 8;Mas não sem cor com tudo de virtude.;Mas nam sem cor com tudo de virtude.
Canto 9, estrofe 1, verso 1;TIuerão longamen- te na cidade;Tiuerão longamen-te na cidade
Canto 9, estrofe 1, verso 2;Sem vender se a fazenda os do- us feitores,;Sem vender se a fazenda os do-us feitores,
Canto 9, estrofe 1, verso 6;Era, deter ali os descubridores.;Era, deter ali os descubridores
Canto 9, estrofe 2, verso 2;Arsinoe foi do Egipcio Ptholomeo,;Arsineo foi do Egipcio Ptholomeo,
Canto 9, estrofe 2, verso 3;Do nome da irmā sua assi chamada,;Do nome da irmã sua assi chamada,
Canto 9, estrofe 3, verso 1;Gidâ se chama o porto, aonde o trato;Gidà se chama o perto, aonde o trato
Canto 9, estrofe 3, verso 3;De que tinha proveito grande, & grato;De que tinha proueito grande, & grato
Canto 9, estrofe 3, verso 5;Daqui aos Malabares, por contrato;Daque aos Malabares, por contrato
Canto 9, estrofe 3, verso 7;De grandes naos, pelo Indico Oceano,;De grandes naos, pelo lndico Oceano,
Canto 9, estrofe 4, verso 1;Por estas naos os Mouros esperauão,;Por estas naos os Mouros esperauam,
Canto 9, estrofe 4, verso 2;Que como fossem grandes e possantes;Que como fossem grandes & possantes
Canto 9, estrofe 4, verso 3;Aquellas, que o comerçio lhe tomauão,;Aquellas, que o comerçio lhe tomauam,
Canto 9, estrofe 4, verso 5;Neste socorro tanto confiauão,;Neste socorro tanto confiauam,
Canto 9, estrofe 5, verso 3;De longe os meios dâ conuenientes,;De longe os meios dà conuenientes,
Canto 9, estrofe 5, verso 6;De affeiçam em Monçaide, que guardado;De affeciam em Monçaide, que guardado
Canto 9, estrofe 5, verso 8;E merecer por isso o Paraiso.;Emerecer por isso o Paraiso.
Canto 9, estrofe 6, verso 1;Este de quem se os Mouros não guardauão,;Este de quem se os Mouros nam guardauão,
Canto 9, estrofe 6, verso 4;A tençam lhe descobre torpe, & fera:;A tençam lhe descobre torpe e fera:
Canto 9, estrofe 6, verso 7;O dano, sem razaõ, que se lhe ordena,;O dano, sem razão, que se lhe ordena,
Canto 9, estrofe 7, verso 1;Informa o cauto Gama das armadas,;Informa o cauto Gima das armadas,
Canto 9, estrofe 8, verso 2;O tempo, que pera a partida o chama;O tempo, que pera a partida o chama,
Canto 9, estrofe 8, verso 3;E que despacho ja não esperaua;E que despacho ja nam esperaua
Canto 9, estrofe 8, verso 6;Que se tornem aas naõs: & porque a fama;Que se tornem aas naos: & porque a fama
Canto 9, estrofe 8, verso 7;Desta subita vinda os não impida,;Desta subita vinda os nam impida,
Canto 9, estrofe 9, verso 1;Porem não tardou muito, que voando;Porem nam tardou muito, que voando
Canto 9, estrofe 9, verso 5;Esta fama as orelhas, penetrando;Esta fama as orelhas penetrando
Canto 9, estrofe 9, verso 6;Do sabio capitão, com breuidade;Do sabio capitam, com breuidade
Canto 9, estrofe 10, verso 5;Mas ja nas nãos os bõs trabalhadores,;Mas ja nas naos os bõs trabalhadores,
Canto 9, estrofe 10, verso 7;Pelo trabalho, hũs puxão pela amarra,;Pelo trabalho, hũs puxam pela amarra,
Canto 9, estrofe 10, verso 8;Outros quebrão co eéito duro a barra.;Outros quebram co peito duro a barra.
Canto 9, estrofe 11, verso 1;Outros pendem da verga, & ja desatão;Outros pendem da verga, e ja desatam
Canto 9, estrofe 11, verso 2;A vella, que com grita se soltaua,;Avella, que com grita se soltaua,
Canto 9, estrofe 11, verso 3;Quando com maior grita ao Rei relatão;Quando com maior grita ao Rei relatam
Canto 9, estrofe 11, verso 4;A pressa, com que a armada se leuaua:;A pressa, com que armada se leuaua:
Canto 9, estrofe 11, verso 5;As molheres & filhos, que se matão;As molheres e filhos, que se matam
Canto 9, estrofe 12, verso 6;Recebe o Capitão de melhormente;Recebe o Capitam de melhormente
Canto 9, estrofe 12, verso 7;Os presos, que as desculpas, & tornando;Os presos, que as desculpas, e tornando
Canto 9, estrofe 12, verso 8;Algus negros, se parteas vellas dando.;Algũs negros, se parte as vellas dando.
Canto 9, estrofe 13, verso 1;"Partese costa abaxo; porque entende";Partese costa abaxo, porque entende
Canto 9, estrofe 13, verso 3;Em querer delle paz, a qual pretende;En querer delle paz, a qual pretende
Canto 9, estrofe 13, verso 6;Pela Aurora, sabida ja deixaua,;Pela Aurora, sabida ja deixava,
Canto 9, estrofe 13, verso 8;Certos sinais leuando do que achara;Certos sinais leuando do que achara.
Canto 9, estrofe 14, verso 1;Leua algũs Malabares, que tomou;Leua algũs Malabares, quo tomou
Canto 9, estrofe 14, verso 2;Per força, dos que o Samorim mandâra,;Per força, dos que o Sàmorim mandàra,
Canto 9, estrofe 14, verso 4;Leua pimenta ardente que compràra:;Leua pimenta ardente que comprára:
Canto 9, estrofe 14, verso 5;A seca flor de Banda não ficou,;A seca flor de Banda nam ficou,
Canto 9, estrofe 14, verso 7;A nova ilha Maluco, coa canella,;A noua ilha Maluco, coa canella,
Canto 9, estrofe 15, verso 1;Isto tudo lhe ouuera a deligencia;Isto tudo lhe ouuera a diligencia
Canto 9, estrofe 16, verso 2;As venturosas naos, leuando a proa;As venturosas naos, levando a proa
Canto 9, estrofe 16, verso 5;Levando alegres nouas & reposta,;Leuando alegres nouas & reposta,
Canto 9, estrofe 16, verso 8;Do mar incerto, temidos e ledos.;Do mar interto, temidos & ledos.
Canto 9, estrofe 17, verso 5;Vir a lograr o premio, que ganhàra;Vira lograr o premio, que ganhára
Canto 9, estrofe 17, verso 6;Por tão longos trabalhos, & accidentes,;Por tam longos trabalbos, & accidentes,
Canto 9, estrofe 17, verso 7;Cada hum, tem por gosto tam perfeito,;Cada hum, tem por gosto tom perfeito,
Canto 9, estrofe 17, verso 8;Que o coração para elle he vaso estreito.;Que o coracão para elle he vaso estreito.
Canto 9, estrofe 18, verso 3;Do Padre eterno, & por bom genio dada;Do Padre eterno, e por bom genio da la
Canto 9, estrofe 18, verso 6;Satisfação de bem sofridos danos,;Satisfaçam de bem sofridos danos,
Canto 9, estrofe 19, verso 2;Na mente, o largo mar que navegârão,;Na mente o largo mar que nauegàram,
Canto 9, estrofe 19, verso 3;Os trabalbos, que pelo Deos nascido,;Os trabalhos, que pelo Deos nascido,
Canto 9, estrofe 19, verso 4;Nas Amphioneas Thebas, se causarão,;Nas Amphioneas Thebas, se causaram,
Canto 9, estrofe 19, verso 6;Pera premio de quanto mal passarão,;Pera premio de quanto mal passaram,
Canto 9, estrofe 19, verso 7;Buscarlbe algum deleite, algum descanso;Buscarlhe algum deleite, algum descanso
Canto 9, estrofe 20, verso 3;Dos navegantes seus, como interesse;Dos nauegantes seus, como interesse
Canto 9, estrofe 20, verso 4;Do trabalho, que incurta a breve idade:;Do trabalbo, que incurta a breue idade:
Canto 9, estrofe 20, verso 5;Parecelhe razão que conta desse;Parecelhe razam que conta desse
Canto 9, estrofe 21, verso 3;Das agoas, algũa insula diuina,;Das agoas, algūa insula diuina
Canto 9, estrofe 21, verso 4;Ornada desmaltado e verde arreio:;Ornada desnaltado et verde arreio:
Canto 9, estrofe 22, verso 1;Ali quer que as aquaticas donzellas;Ali quer que as aquaticas donzellas,
Canto 9, estrofe 22, verso 7;Pera com mais vontade trabalharem;Pęra com mais vontade trabalharem
Canto 9, estrofe 23, verso 5;Seu filho vai buscar, porque so nelle;Seu filho vai buscar, porque so elle
Canto 9, estrofe 23, verso 6;Tem todo seu poder, fero Cupido,;Ten todo seu poder, fero Cupido,
Canto 9, estrofe 24, verso 5;"Em derredor da Deosa ja partida;";Em derredor da Deosa ja partida,
Canto 9, estrofe 25, verso 2;Onde o filho frecheiro estaua então,;Onde o filho frecheiro estaua entam,
Canto 9, estrofe 25, verso 4;Fazer hũa famosa expedição;Fazer hũa famosa expediçam
Canto 9, estrofe 25, verso 6;Erros grandes, que ha dias nelle estão,;Erros grandes, que ha dias nelle estam,
Canto 9, estrofe 25, verso 7;Amando cousas que nos forão dadas,;Amando cousas que nos foram dadas,
Canto 9, estrofe 26, verso 8;Desses cāes que agora ama, & consumido.;Desses cães que agora ama, & consumido.
Canto 9, estrofe 27, verso 1;E vè do mundo todo os principais,;E vè do mundo todos os principais,
Canto 9, estrofe 27, verso 3;Vê nelles, que não tem amor a mais;Vè nelles, que nàm tem amor a mais
Canto 9, estrofe 27, verso 4;Que a si somente, & a quem Philaucia insina;Que a si somẽte, & a quem Phílaucia insina
Canto 9, estrofe 27, verso 5;Ve que esses que frequentão os reais;Vè que esses que frequentam os reais
Canto 9, estrofe 27, verso 6;Paços, por verdadeira e saã doctrina;Paços, por verdadeira & saã doctrina
Canto 9, estrofe 27, verso 7;Vendem adulação, que mal consente;Vendem adulaçam, que mal consente
Canto 9, estrofe 28, verso 5;Da fea tyrania, e de aspereza;Da fea tyrannia & de aspereza
Canto 9, estrofe 28, verso 6;Fazem direito, e vaã seueridade:;Fazem direito, & vaā seueridade:
Canto 9, estrofe 29, verso 1;Vê em fim que ninguem ama o que deue,;Viem fim que ninguem ama o que deve,
Canto 9, estrofe 29, verso 2;Se não o que somente mal deseja,;Se nam o que somente mal deseja,
Canto 9, estrofe 29, verso 3;Não quer que tanto tempo se rele&e,;Nam quer que tanto tempo se releve,
Canto 9, estrofe 29, verso 4;O castigo que duro, e justo seja:;O castigo que duro, & justo seja:
Canto 9, estrofe 29, verso 5;Seus ministros ajunta, porque leue;Seus ministros ajunta, porque leve
Canto 9, estrofe 29, verso 6;Exercitos conformes aa peleja,;Exrrcitos cor formes aa peleja,
Canto 9, estrofe 29, verso 8;Que lhe não for agora obediente.;Que lhe nam for agora obediente,
Canto 9, estrofe 30, verso 2;Estão em varias obras trabalhando,;Estão em varias ondas trabalhando,
Canto 9, estrofe 30, verso 5;Trabalhando cantando estão de amores,;Trabalhando cantando estam de amores,
Canto 9, estrofe 30, verso 7;Melodia sonora, & concertada,;Melodia sonora, & concrtada,
Canto 9, estrofe 30, verso 8;Suaue a letra, angelica a soada.;Suave a letra, angelica a soada.
Canto 9, estrofe 31, verso 1;Nas fragoas immortais, onde forjauão,;Nas fragoas immortais, onde forjauam,
Canto 9, estrofe 31, verso 3;Por lenha, corações ardendo estauão,;Por lenha, corações ardendo estauam,
Canto 9, estrofe 31, verso 5;As agòas onde os ferros temperauão,;As agoas onde os ferros temperauam,
Canto 9, estrofe 31, verso 6;Lagrimas sam de miseros amantes,;Lagrimas sam de miscros amantes,
Canto 9, estrofe 31, verso 7;A viua flama, o nunca morto lume,;Aviua flama, o nunca morto lame,
Canto 9, estrofe 31, verso 8;Desejo he so que queima, & não consume.;Desejo he so que queima, & não consume,
Canto 9, estrofe 32, verso 1;Algũs exercitando a mão andauão,;Algūs exercitando a mão andauam,
Canto 9, estrofe 32, verso 2;Nos duros corações da plebe ruda,;Nos duros coraçoes da plebe ruda,
Canto 9, estrofe 32, verso 3;Crebros sospiros pelo ar soauão,;Crebros ſospiros pelo ar soauam,
Canto 9, estrofe 32, verso 5;Fermosas Nimphas sam, as que curauão;Fermosas Nimphas sam as que curauam
Canto 9, estrofe 32, verso 6;As chagas recebidas, cuja ajuda;As chagas recebidas cuja ajuda
Canto 9, estrofe 32, verso 7;Não somente dâ vida aos mal feridos:;Nam somente đà vida aos mal feridos:
Canto 9, estrofe 32, verso 8;Mas poem em vida os inda não nascidos.;Mas poem em vida os inda nam nascidos.
Canto 9, estrofe 33, verso 1;Fermosas sam algũas, & outras feas,;Fermosas sam algũas & outras feas
Canto 9, estrofe 33, verso 3;Que o veneno espalhado pelas veas,;Que o veneno espálhado pelas veas
Canto 9, estrofe 33, verso 5;Algũs ficão ligados em cadeas,;Algūs ficam ligados em cadeas,
Canto 9, estrofe 33, verso 6;Por palauras sutis de sabias Magas,;Por palavras sutis de sabias Magas,
Canto 9, estrofe 33, verso 8;Acertão de leuar eruas secretas.;Acertam de leuar eruas secretas.
Canto 9, estrofe 34, verso 2;Que estes moços mal destros vão tirando,;Que eſtes moços mal destros vão tirando,
Canto 9, estrofe 34, verso 3;Nascem amores mil desconcertados,;Nascem amores mil desconcertados
Canto 9, estrofe 34, verso 4;Entre o pouo ferido miserando,;Entre o pouo ferido miserando
Canto 9, estrofe 34, verso 5;E tambem nos heroes de altos estados,;E tambem nos heroes de altos estados
Canto 9, estrofe 34, verso 6;"Exemplos mil se vem de amor nefando;";Exemplos mil se vem de amor nefando,
Canto 9, estrofe 34, verso 7;Qual o das moças, Bibli, & Cynirea;Qual o das moças, Bibli & Cynirea
Canto 9, estrofe 34, verso 8;Hum mancebo de Assiria, hum de Iudea:;Hum mancebo de Assiria hum de Iudea.
Canto 9, estrofe 35, verso 6;Outros subis telhados e paredes,;Outros subis telhados & paredes,
Canto 9, estrofe 36, verso 1;Mas ja no verde prado o carro leue,;Mas ja no verde prado o carro leue
Canto 9, estrofe 36, verso 2;Punhão os brancos Cisnes mansamente,;Punhão os branços Cisnes mansamente,
Canto 9, estrofe 36, verso 4;No rosto traz, decia diligente:;No rosto traz, dicia diligente.
Canto 9, estrofe 36, verso 6;A recebella vem, ledo, & contente,;A recebella vem, ledo, e contente,
Canto 9, estrofe 36, verso 7;Vem todos os cupidos seruidores,;Vem todos os cupidos seruidores.
Canto 9, estrofe 37, verso 1;Ella porque não gaste o tempo em vão,;Ella porque nam gaste o tempo em vão,
Canto 9, estrofe 37, verso 7;A socorrer me a tua potestade,;A socorrerme a tua potestade
Canto 9, estrofe 38, verso 5;E porque tanto imitão as antigas;E porque tanto imitam as antigas
Canto 9, estrofe 38, verso 7;A lhe dar tanta ajuda em quanto posso,;Albe dar tanta ajuda em quanto posso,
Canto 9, estrofe 39, verso 5;No mesmo mar, que sempre temeroso;No mesmo mar, que ſempre temeroso
Canto 9, estrofe 39, verso 6;Lhe foi, quero que sejão repousados,;Lhe foi, quero que sejam repousados,
Canto 9, estrofe 39, verso 8;Do trabalho que fazclara a memoria.;Do trabalho que faz clara a memoria.
Canto 9, estrofe 41, verso 1;Ali com mil refrescos, & manjares,;Ali com mil refrescos e manjares,
Canto 9, estrofe 41, verso 5;Em fim com mil deleites não vulgares,;Em fim com mil deleites nam vulgares,
Canto 9, estrofe 42, verso 1;Quero que aja no reino Neptunino;Quero que aja no reino Neptonino
Canto 9, estrofe 42, verso 4;Que contra tua potencia se reuela,;Que contra tua potencia se reuela
Canto 9, estrofe 42, verso 5;Porque entendão que muro Adamantino,;Porque entendam que muro adamantino,
Canto 9, estrofe 42, verso 7;Mal auerâ na terra quem se guarde,;Mal auerà na terra quem se guarde,
Canto 9, estrofe 42, verso 8;Se teu fogo imortal nas agoas arde.;Se teu fogo immortal nas agoas arde.
Canto 9, estrofe 43, verso 8;Ha Phaetontea morte chorou tanto.;Ha Phaetontea morte choi on tanto.
Canto 9, estrofe 44, verso 2;Hũa famosa, & celebre terceyra,;Hūa famosa, & celebre terceyra,
Canto 9, estrofe 44, verso 4;Outras muytas ha tem por companheyra:;Outras muitas ha tem por companheyra:
Canto 9, estrofe 44, verso 8;O que vè com mil bocas apregoa.;O que ve com mil bocas apregoa.
Canto 9, estrofe 45, verso 6;Pelas fundas cauernas se espalhàra,;Pelas fundas cauernas se espalhara,
Canto 9, estrofe 46, verso 6;Muda quaesquer propositos tomados,;Muda quaesquer propositos tomados.
Canto 9, estrofe 46, verso 8;Desejar mal a tanta fortaleza.;Desejar mala tanta fortaleza.
Canto 9, estrofe 47, verso 2;Hũa apos outra, geme o mar cos tiros,;Hūa apos outra, geme o mar cos tiros,
Canto 9, estrofe 47, verso 4;Algũas vão, & algũas fazem giros:;Algūas vão, & algūas fazem giros.
Canto 9, estrofe 48, verso 1;Os cornos ajuntou da eburnea Lũa,;Os cornos ajuntou da eburnea Lūa,
Canto 9, estrofe 48, verso 3;Que Thetis quer ferir mais que nenhũa,;Que Thetis quer ferir mais que nenhūa,
Canto 9, estrofe 48, verso 4;Porque mais que nenhũa lhe era esquiua:;Porque mais que nenhũa lhe era esquiva:
Canto 9, estrofe 48, verso 5;Ia não fica na aljaua seta algũa,;Ia não fica na aljaua seta algūa
Canto 9, estrofe 48, verso 7;E se feridas inda estão viuendo,;E se feridas inda estam viuendo,
Canto 9, estrofe 50, verso 8;Estão a seu conselho offerecidas.;Estam a seu conselho offerecidas.
Canto 9, estrofe 51, verso 3;Desejando prouerse de agoa fria,;Desejando prouerse de agoa fría,
Canto 9, estrofe 51, verso 4;Pera a grande viajem prolongada:;Pera agrande viajem prolongada:
Canto 9, estrofe 51, verso 6;Ouuerão vista da ilha namorada,;Ouueram vista da ilha namorada,
Canto 9, estrofe 51, verso 7;Rompendo pelo çeo a mãi fermosa;Rompendo pelo çeo a mã fermosa
Canto 9, estrofe 51, verso 8;De Menonio, suaue e deleitosa.;De Menonio, suaue & deleitosa.
Canto 9, estrofe 52, verso 1;De longe a Ilha virão fresca, & bella,;De longe a ilha viram fresca e bella,
Canto 9, estrofe 52, verso 2;Que Venus pelas ondas lha leuaua;Que Venus pelas ondas lha leuaua.
Canto 9, estrofe 52, verso 5;Que porque não passassem, sem que nella;Que porque nam passassem, sem que nella
Canto 9, estrofe 52, verso 6;Tomassem perto, como desejaua,;Tomassein porto, como desejaua,
Canto 9, estrofe 52, verso 7;Pera onde as naos nauegão a mouia;Pera onde as naõs navegão a mouia
Canto 9, estrofe 52, verso 8;A Accidalia, que tudo em fim podia.;A Accidalia, que tudo em fim podia:
Canto 9, estrofe 53, verso 4;Latona Phebo, e a Deosa aa caça vsada:;Latona Phebo, & a Deosa aa caça vsada:
Canto 9, estrofe 53, verso 7;Curua, & quieta, cuja branca area;Curua & quieta, cuja branca area
Canto 9, estrofe 54, verso 1;Tres fermosos outeiros se mostrauão,;Tres fermosos outeiros se mostrauan
Canto 9, estrofe 54, verso 3;Que de gramineo esmalte se adornauão,;Que de gramineo esmalte se adornauam,
Canto 9, estrofe 54, verso 5;Claras fontes & limpidas manauão;Claras fontes & limpidas manauam
Canto 9, estrofe 54, verso 8;A sonorosa Limpha fugitiva.;A sonorosa Limpha fugitiua.
Canto 9, estrofe 55, verso 1;Num valle ameno, que os outeiros fende,;Nun valle ameno, que os outeiros fende
Canto 9, estrofe 55, verso 2;Vinhão as claras agoas ajuntarse,;Vinham as claras agoas ajuntarse,
Canto 9, estrofe 55, verso 3;Onde hũa mesa fazem, que se estende;Onde hũa meſa fazem, que se estende
Canto 9, estrofe 55, verso 4;Tam belia, quanto pode imaginarse:;Tam bella, quanto pode imaginarse:
Canto 9, estrofe 55, verso 5;Aruoredo gentil sobre ella pende,;Arnuoredo gentil sobre ella pende,
Canto 9, estrofe 55, verso 6;Como que prompto estâ pera afeitarse,;Como que prompto està pera afeitarse,
Canto 9, estrofe 55, verso 8;Que em si o estâ pintando propriamente.;Que em si o està pintando propriamente.
Canto 9, estrofe 56, verso 1;Mil aruores estão ao çeo subindo,;Mil aruores estam ao çeo subindo,
Canto 9, estrofe 56, verso 7;Os fermosos limoẽs ali cheirando;Os fermosos limões ali cheirando
Canto 9, estrofe 57, verso 3;Alemos sam de Alcides, & os Loureiros;Alemos sam de Alcides, & os Loureiros,
Canto 9, estrofe 57, verso 7;Estâ apontando o agudo Cipariso;Está apontando o agudo Cipariso
Canto 9, estrofe 58, verso 1;Os dões que dâ Pomona, ali natura;Os dões que dá Pomona, ali natura
Canto 9, estrofe 58, verso 4;Que sem ella se dāo muito milhores.;Que sem ella se dam muito milhores.
Canto 9, estrofe 59, verso 2;Cor, com que tu Rubi teu preço perdes:;Cor, com que tu Rubi teu preço perdes
Canto 9, estrofe 59, verso 3;Entre os braços do Vlmeiro estâ a jocunda;Entre os braços do Vlmeiro está a jocunda
Canto 9, estrofe 59, verso 4;Vide, cũs cachos roxos, & outros verdes:;Vide cũs cachos roxos, & outros verdes:
Canto 9, estrofe 59, verso 7;Entregaiuos ao dano, que cos bicos,;Entregaiuos ao dano, que cos bicos
Canto 9, estrofe 60, verso 6;Sobollo tanque lucido & sereno,;Sobollo tanque lucido e sereno,
Canto 9, estrofe 60, verso 7;Floreçe o filho & neto de Cyniras,;Florece o filho & neto de Cyniras,
Canto 9, estrofe 61, verso 2;No çeo vendo, & na terra as mesmas cores,;No çeo vendo, e na terra as mesmas cores,
Canto 9, estrofe 61, verso 4;Ou se lha dam a ella as bellas flores:;Que se lha dam a ella as bellas flores:
Canto 9, estrofe 61, verso 5;Pintando estaua ali Zefiro, & Flora;Pintando estaua ali Zefiro & Flora
Canto 9, estrofe 61, verso 7;O Lirio roxo, a fresca Rosa bella,;O Lirio roxo, a fresca Rosabella,
Canto 9, estrofe 62, verso 1;A candida Cecêm das Matutinas;A candida Cecèm das Matutinas
Canto 9, estrofe 62, verso 2;Lagrimas ruciada, & a Manjarona,;Lagrimas ruciadas, & a Manjarona,
Canto 9, estrofe 62, verso 5;Bem se enxerga nos pomos & boninas,;Bem se enxerga nos pomos & boninas
Canto 9, estrofe 62, verso 7;Pois se as aues no ar cantando voão,;Pois se as aues no arcantando voão,
Canto 9, estrofe 63, verso 2;Responde lhe do ramo Philomela,;Responde lhe do ramo Philomena,
Canto 9, estrofe 63, verso 8;O mantimento ô leue passarinho.;O mantimento ô leve passarinho.
Canto 9, estrofe 64, verso 1;Nesta frescura tal desembarcauão;Nesta frescura tal desembarcaram
Canto 9, estrofe 64, verso 3;Onde pela floresta se deixauão;Onde pola floresta ſe deixauam
Canto 9, estrofe 64, verso 4;Andar as bellas Deosas como incautas,;Andar as bellas Deusas como incautas,
Canto 9, estrofe 64, verso 5;Algũas doçes Cytaras tocauão,;Algũas doçes Cytaras tocauam,
Canto 9, estrofe 65, verso 6;Do bello corpo estauão confiadas,;Do bello corpo estauam confiadas,
Canto 9, estrofe 65, verso 8;nuas lauarse deyxão na agoa pura.;nuas lauarse deyxam na agoa pura.
Canto 9, estrofe 66, verso 2;Punhão os pes de terra cubiçosos,;Punham os pès de terra cubiçosos,
Canto 9, estrofe 66, verso 3;Que não ha nenhum delles, que não saya;Que nam ha nenhum delles, que nam saya
Canto 9, estrofe 66, verso 5;Não cuydão que sem laço, ou redes caya;Nam cuydam que sem laço, ou redes caya
Canto 9, estrofe 66, verso 8;Qual ferida lha tinha ja Ericina.;Qual ferida lha tinha ja Eiricina.
Canto 9, estrofe 67, verso 1;Algũs que em espingardas, & nas bestas;Algũs que em espingardas, & nas bèstas
Canto 9, estrofe 67, verso 2;Pera ferir os Ceruos se fiauão,;Pera ferir os seruos se fiauam,
Canto 9, estrofe 67, verso 4;Determinadamente se lançauão:;Determinadamente se lançauam:
Canto 9, estrofe 67, verso 5;Outros nas sombras, que de as altas sestas;Outros nas sombras, que de as alta sestas
Canto 9, estrofe 67, verso 6;Defendem a verdura, passeauão;Defendem a verdura, passeauam
Canto 9, estrofe 67, verso 8;Por aluas pedras corre aa praya leda.;Por aluas pedras corre aa praya le la.
Canto 9, estrofe 68, verso 4;Que não erão das rosas, ou das flores,;Que nam erão das rosas, ou das flores,
Canto 9, estrofe 68, verso 6;Que mais incîta a força dos amores,;Que mais incita a força dos amores,
Canto 9, estrofe 69, verso 3;Se inda durão o Gentio antigo rito,;Se inda duram o Gentio, antigo rito,
Canto 9, estrofe 69, verso 7;Que sam grandes as cousas, & excellentes;Que sam grandes as cousas & excellentes
Canto 9, estrofe 69, verso 8;Que o mundo encobre aos homẽs imprudếtes.;Que o mundo encobre aos homẽs imprudẽtes.
Canto 9, estrofe 70, verso 1;Sigamos estas Deosas, & vejamos,;Sigamos esta Deosas, & vejamos,
Canto 9, estrofe 70, verso 3;Isto dito velloces mais que Gamos,;Isto dito veloces mais que Gamos,
Canto 9, estrofe 70, verso 4;Selançam a correr pelas ribeiras:;Se lançam a correr pelas ribeiras:
Canto 9, estrofe 70, verso 5;Fugindo as Nimphas vão por entre os ramos,;Fugindo as Nimphas vão por entre os ramos
Canto 9, estrofe 70, verso 7;Pouco & pouco surrindo, & gritos dando,;Pouco & pouco sorindo, & gritos dando,
Canto 9, estrofe 70, verso 8;Se deixão yr dos Galgos alcançando.;Se deixam yr dos Galgos alcançando
Canto 9, estrofe 71, verso 4;Nas aluas carnes subito mostradas,;Nas alvas carnes subito mostradas,
Canto 9, estrofe 72, verso 2;Com as Deosas despidas, que se lauão,;Co nas Deosas despidas que se lauam,
Canto 9, estrofe 72, verso 4;Como que assalto tal nam esperauão,;Como que assalto tal nam esperauam,
Canto 9, estrofe 72, verso 5;Hũas fingindo menos estimar;Huã fingindo menos estimar
Canto 9, estrofe 72, verso 6;A vergonha, que a força, se lançauão;A vergonha que a força, se lançauam
Canto 9, estrofe 73, verso 2;Aa vergonha da Deosa caçadora,;Aa vergónha da Deosa caçadora,
Canto 9, estrofe 73, verso 5;Taldos mançebos ha, que se arremessa;Tal dos mancebos ha, que se arremessa
Canto 9, estrofe 74, verso 1;Qual tão de caçador sagaz, & ardido,;Qual tão de caçador sagaz & ardido,
Canto 9, estrofe 74, verso 6;Salta nagoa, & da presa nam duuîda,;Salta nagoa, & da presa nam duuida,
Canto 9, estrofe 74, verso 8;Remete ha que nam era yrmaā de Phebo.;Remete ha que nam era yrmaã de Phebo.
Canto 9, estrofe 75, verso 3;A quem amor não dera hum so desgosto,;A quem amor nam dera hum so desgosto,
Canto 9, estrofe 75, verso 4;Mas sempre fora delle mal tratado:;Mas sempre fora delle maltratado:
Canto 9, estrofe 75, verso 7;Porem não que perdesse a esperança,;Porem nam que perdesse a esperança,
Canto 9, estrofe 75, verso 8;De inda poder seu fado ter mudança.;De inda poder seu fado ter mudança,
Canto 9, estrofe 77, verso 2;Rendendo se aa vontade do inimigo,;Rendendose aa vontade do inimigo,
Canto 9, estrofe 77, verso 4;Quem te disse que eu era o que te sigo?;Quem te disse que eu era o que te figo?
Canto 9, estrofe 78, verso 1;Nam canses, que me cantas: & se queres;Nam canses, que me cansas: & se queres
Canto 9, estrofe 78, verso 4;Ella farâ que nam possa alcançarte:;Ella farà que nam possa alcançarte:
Canto 9, estrofe 78, verso 7;E notarâs no fim deste successo,;E notaràs no fim deste successo,
Canto 9, estrofe 78, verso 8;Tra la spica & la man, qual muro he messo.;Tra la spica & la man, qual muro he messo,
Canto 9, estrofe 79, verso 4;Vencerâs da fortuna a força dura:;Vencerás da fortuna a força dura:
Canto 9, estrofe 79, verso 7;Que em quanto desejey me vai seguindo,;Que em quanto desejey me vay seguindo,
Canto 9, estrofe 79, verso 8;O que tu so faras nam me fugindo?;O que tu so faras nam me fugindo.
Canto 9, estrofe 80, verso 1;Põeste da parte da desdita minha?;Poẽste da parte da desdita minha?
Canto 9, estrofe 80, verso 4;Solta mo, & corroras mais leuemente.;Soltamo, & correras mais leuemente
Canto 9, estrofe 81, verso 2;Que ou tu nam sofrerâs o peso della,;Que ou tu nam sofrerás o peso della,
Canto 9, estrofe 81, verso 4;Lhe mudarâs a triste e dura estrella.;Lhe mudará a triste e dura estrella.
Canto 9, estrofe 81, verso 5;Ese se lhe mudar, nam vas fugindo,;E se se lhe mudar, não vas fugindo,
Canto 9, estrofe 81, verso 6;Que Amor te ferirà, gentil donzella,;que Amor te ferirà, gentil donzella,
Canto 9, estrofe 81, verso 7;E tu me esperarâs, se Amor te fere,;E tu me esperarás, se amor te fere,
Canto 9, estrofe 82, verso 6;Toda banhada em riso, & alegria,;Toda banhada em riso & alegria,
Canto 9, estrofe 82, verso 7;Cair se deixa aos pês do vencedor,;Cair se deixa aos pès do vencedor,
Canto 9, estrofe 82, verso 8;Que todo se desfaz em puro amor.;que todo se desfaz em puro amor.
Canto 9, estrofe 83, verso 3;Que afagos tam suaues, que yra honesta;Que afagos tam suaues, que yra honesta:
Canto 9, estrofe 83, verso 5;O que mais passam na menhã, & na sesta;O que mais passam na menhã & na sesta
Canto 9, estrofe 83, verso 7;Milhor he esprimentalo que julgalo,;Melhor he esprimentalo que julgalo,
Canto 9, estrofe 84, verso 3;Os ornão de capellas deleitosas,;Os ornam de capellas deleitosas,
Canto 9, estrofe 84, verso 4;De louro, & de ouro, & flores abundantes:;De louro & de ouro & flores abundantes:
Canto 9, estrofe 84, verso 5;As mãos aluas lhe dauão como esposas;As mãos aluas lhe dauam como esposas
Canto 9, estrofe 84, verso 6;Com palauras formais, & estipulantes,;Com palauras formais & estipulantes,
Canto 9, estrofe 85, verso 2;Todo o coro das Nimphas, & obedece,;Todo o choro das Nimphas, & obedece,
Canto 9, estrofe 85, verso 7;Recebe ali com pompa honesta, & rêgia,;Recebe ali com pompa honesta & règia,
Canto 9, estrofe 85, verso 8;Mostrando se senhora grande, & egregia.;Mostrandose senhora grande & egregia.
Canto 9, estrofe 86, verso 3;Dando lbe a entender, que ali viera;Dandolhe a entender, que ali viera
Canto 9, estrofe 86, verso 5;Pera lhe descobrir da vnida esphera,;Pera lhe descobrir da vinda esphera,
Canto 9, estrofe 86, verso 6;Da terra immensa, & mar nao nauegado;Da terra immensa, e mar nam nauegado
Canto 9, estrofe 86, verso 7;Os segredos, por alta prophecia,;Os segredos, por alta prophecia
Canto 9, estrofe 87, verso 1;Tomando o pela mão a leua, & guia;Tomando o pela mão a leua & guia
Canto 9, estrofe 87, verso 2;Pera o cume dum monte alto, & diuino,;Pera o cume dum monte alto & diuino,
Canto 9, estrofe 87, verso 4;De cristal toda, & de ouro puro, & fino:;De cristal toda, & de ouro puro, e fino:
Canto 9, estrofe 88, verso 2;O dia quasi todo estão passando,;O dia quasi todo estam passando,
Canto 9, estrofe 88, verso 4;O trabalhos tam longos compensando:;O trabalhos tam longos compensando
Canto 9, estrofe 88, verso 6;Forte & famosa, o mundo està guardando;Forte, & famosa, o mundo està guardando
Canto 9, estrofe 89, verso 2;Thetis & a Ilha angelica pintada,;Thetis & a llha angelica pintada,
Canto 9, estrofe 89, verso 7;De Palma, & Louro, a gloria & marauilha;De Palma & Louro, a gloria & marauilha
Canto 9, estrofe 90, verso 5;Por obras valerosas, que fazia,;Por obras valerosas que fazia,
Canto 9, estrofe 90, verso 8;Mas no fim doçe, alegre, e deleitoso.;Mas no fim doçe, alegre & deleitoso.
Canto 9, estrofe 91, verso 1;Nam erão senão premios, que reparte;Nam eram senão premios, que reparte
Canto 9, estrofe 91, verso 2;Por feitos imortais & soberanos,;Por feitos mortais & soberanos,
Canto 9, estrofe 91, verso 3;O mundo, cos varões, que esforço & arte;O mundo cos varões, que esforço & arte
Canto 9, estrofe 91, verso 4;Diuinos os fizerão, sendo humanos:;Diuidos os fizeram, sendo humanos:
Canto 9, estrofe 91, verso 5;Que Iupiter, Mercurio, Phebo, & Marte;Que Iupiter, Mercurio, Phebo & Marte
Canto 9, estrofe 91, verso 6;Eneas, & Quirino, & os dous Thebanos;Eneas & Quirino, & os dous Thebanos
Canto 9, estrofe 91, verso 7;Ceres, Palas, & luno, com Diana;Ceres, Palas, & Iuno com Diana
Canto 9, estrofe 91, verso 8;Todos forão de fraca carne humana.;Todos foram de fraca carne humana.
Canto 9, estrofe 92, verso 1;Mas a fama, trombeta de obras tais,;Mas a fama trombeta de obras tais,
Canto 9, estrofe 92, verso 2;Lhe deu no mundo nomes tam estranhos.;Lhe deu no mundo nomes tam estranhos
Canto 9, estrofe 92, verso 4;Indigetes, Eroicos, & de Magnos;Indigetes, Eroicos, & da Magnos
Canto 9, estrofe 92, verso 5;Por isso, o vos que as famas estimais,;Pori sso, o vos que as famas estimas,
Canto 9, estrofe 93, verso 3;Tomais mil vezes, & no torpe e escuro;Tomais mil vezes & no torpe & escuro
Canto 9, estrofe 93, verso 4;Vicio da tirania infame, & vrgente:;Vicio da tirania infame & vrgente:
Canto 9, estrofe 93, verso 6;Verdadeiro valor nam dão aa gente,;Verdadeiro valor nam dam aa gente,
Canto 9, estrofe 93, verso 7;Milhor he merecellos, sem os ter;Milhor he merecellos sem os ter
Canto 9, estrofe 94, verso 2;Que aos grandes não dem o dos pequenos,;Que aos grandes nam dem o dos pequenos,
Canto 9, estrofe 94, verso 5;Fareis os Reinos grandes, & possantes;Fareis os Reinos grandes & possantes
Canto 9, estrofe 94, verso 6;E todos tereis mais, & nenhum menos;E todos terei, mais, & nenhum menos
Canto 9, estrofe 94, verso 8;Com as honras, que illustrão tanto as vidas.;Com as honras, que illustram tanto as vidas.
Canto 9, estrofe 95, verso 1;E fareis claro o Rei, que tanto amais,;E fareis claro o Rei que tanto amais,
Canto 9, estrofe 95, verso 2;Agora cos conselhos bem cuidados,;Agora cos conselhos bem cuidados
Canto 9, estrofe 95, verso 4;Vos farão, como os vossos ja passados:;Vos faraõ, como os vossos ja passados:
Canto 9, estrofe 95, verso 5;Impossibilidades não façais,;Impossibilidades nam façais,
Canto 9, estrofe 95, verso 8;E nesta ilha de Venus recebidos.;E nesta ilha de Venus recebidos
Canto 10, estrofe 1, verso 1;MAs ja o claro ama- dor da Larissea;MAs ja o claro ama-dor de Larissea
Canto 10, estrofe 1, verso 4;Temistitão, nos fins Occidentais:;Temistitam, nos fins Occidentais:
Canto 10, estrofe 1, verso 7;Encrespa a agoa serena, e despertaua;Encrespa a agoa serena, & despertaua
Canto 10, estrofe 1, verso 8;Os Lirios, e Iazmins que a calma agraua.;Os Lirios, & Iazmins que a calma agraua.
Canto 10, estrofe 2, verso 1;Quando as fermosas Ninfas cos amantes;Quando as fermesas Ninfas cos amantes
Canto 10, estrofe 2, verso 2;Pella mão ja conformes & contentes,;Pella mão ja touformos & contentes,
Canto 10, estrofe 2, verso 6;Mesas, daltos manjares, excelentes,;Mesa, daltos manjares, excelentes
Canto 10, estrofe 3, verso 1;Ali em cvdeiras ricas cristalinas,;Ali em cadeiras ricas cristalinas,
Canto 10, estrofe 3, verso 2;Se assentão, dous & dous, amante & dama,;Se assentam dous & dous, amante & dama
Canto 10, estrofe 3, verso 7;Se acumulão os pratos de fuluo ouro,;Se acumulão os pratos de fuluo ouro
Canto 10, estrofe 4, verso 2;Estão não so do Italico Falerno,;Estão nam so do Italico Falerno,
Canto 10, estrofe 4, verso 3;Mas da Ambrosia, que Ioue tanto estima,;Mas da Ambrosia, que loue tanto estima,
Canto 10, estrofe 4, verso 7;Coração mouem subita alegria,;Coraçam mouem subita alegria,
Canto 10, estrofe 5, verso 1;Mil praticas alegres se tocauão,;Mil praticas algres se tocauam
Canto 10, estrofe 5, verso 2;Rîsos doces, sutis, & argutos ditos,;RÎsos doces, sutis, & argutas ditos
Canto 10, estrofe 5, verso 3;Que entre hũ & outro mãjar se aleuantauão,;Que entre hũ & outro manjar se aleuãtauão
Canto 10, estrofe 5, verso 5;Musicos instrumentos não faltauão,;Musicos instrumentos nam faltauão,
Canto 10, estrofe 5, verso 6;Quais no profundo reyno, os nus espritos;Quais no forofunida reyno, os nus espritos
Canto 10, estrofe 5, verso 7;Fizerão descansar da eterna pena,;Fizeram descansar da eterna pena,
Canto 10, estrofe 5, verso 8;Cūa voz dhũa angelica Syrena.;Cuã voz dhũa angelica Syrena.
Canto 10, estrofe 6, verso 1;Cantaua a bella Ninfa, & cos acentos;Cantaua a bella Minfa, & cos acentos
Canto 10, estrofe 6, verso 3;Em consonancia ygoal, os instromentos;Em consoancia ygoal, os instromentos,
Canto 10, estrofe 6, verso 4;Suaues vem a hum tempo conformando:;Suaues vem a hum tempo conformandos:
Canto 10, estrofe 6, verso 6;E faz hir docemente murmurando;E faz hir doçemente murmurando
Canto 10, estrofe 6, verso 7;As agoas, & nas casas naturais;As agoas & nas casas naturais
Canto 10, estrofe 7, verso 1;Com doce voz estâ subindo ao ceo;Com dos e voz està subindo ao ceo
Canto 10, estrofe 7, verso 2;Altos varões, que estão por vir ao mundo,;Altos varões, que estam por vir ao mundo,
Canto 10, estrofe 7, verso 5;Que Iupiter em dom lho concedeo;Que lupiter em dom lho concedeo
Canto 10, estrofe 8, verso 1;Materia he de Coturno, & não de Soco;Materia he de Coturno, & nam de Soco
Canto 10, estrofe 8, verso 2;A que a Nimpha aprendeo no immenso lago:;A que a Nimpha ap endeo no immenso lago
Canto 10, estrofe 8, verso 3;Qual Yopas não soube, ou Demodoco,;Qual Yopas nam soube, ou Demodoco,
Canto 10, estrofe 8, verso 7;Me tornes, do q̄ escreuo, & em vão pretendo,;Me tornês do q̃ escreuo, & em vão pretendo,
Canto 10, estrofe 9, verso 1;Vão os annos decendo, & ja do Estio;Não os annos decendo, & ja do Estio
Canto 10, estrofe 9, verso 6;Do negro esquecimento, e eterno sono,;Do negro esquecimento, & eterno sono,
Canto 10, estrofe 9, verso 7;Mas tu me dâ que cumpra, ò grão Rainha;Mas tu me dà que cumpra, ô gram Rainha
Canto 10, estrofe 9, verso 8;Das Musas, cô que quero aa nação minha.;Das Musas, co que quero aa naçam minha.
Canto 10, estrofe 10, verso 1;Cantaua a bella Deosa, que virião;Cantando a bella Deosa, que viriam
Canto 10, estrofe 10, verso 2;Do Tejo, pello mar que o Gama abrîra,;Du Tejo, pello mar que Gama abrira,
Canto 10, estrofe 10, verso 3;Armadas que as ribeiras vencerião,;Armadas que as ribeiras venceriam,
Canto 10, estrofe 10, verso 4;Por onde o Oceano lndico respira:;Por onde o Oceano Indico suspira:
Canto 10, estrofe 10, verso 5;E que os Gentios Reis, que não dariāo;E que os Gentios Reis, que nam dariam
Canto 10, estrofe 10, verso 7;Prouarião do braço duro & forte,;Prouariam do braço duro & forte,
Canto 10, estrofe 10, verso 8;Ate renderse a elle, ou logo da morte.;Ate renderse a elle, ou logo aa morte.
Canto 10, estrofe 11, verso 1;Cantaua dhum que tem nos Malabares;Cantaua dhum, quE tem nos Malabares
Canto 10, estrofe 11, verso 3;Que so por não quebrar cos singulares;Que so por nam quebrar cos singulares
Canto 10, estrofe 11, verso 4;Baroẽs, os nos que dera damizade,;Barões, os nos que dera damizade,
Canto 10, estrofe 11, verso 5;Sofrerâ suas cidades & lugares,;Sofrerà suas cidades & lugares,
Canto 10, estrofe 11, verso 8;Que tais odios terâ coa noua gente.;Que tais odios terà coa noua gente.
Canto 10, estrofe 12, verso 4;O grão Pacheco, Achilles Lusitano:;O gram Pacheco, Achiles Lusitano:
Canto 10, estrofe 12, verso 5;O peso sentirão, quando entraria,;O peso sentirão, quando entraria
Canto 10, estrofe 12, verso 6;O curuo lenho, & o fernido Oceano,;O curuo lenho, & o feruido Oceano,
Canto 10, estrofe 12, verso 7;Quando mais nagoa os troncos, que gemerem,;Quando mais nagao os troncos, que gemerem
Canto 10, estrofe 12, verso 8;Contra sua natureza se meterem.;Conta sua natureza se meterem.
Canto 10, estrofe 13, verso 2;E deixado em ajuda do gentio;E deixuado em ajuda do gentio
Canto 10, estrofe 13, verso 5;Desbaratarâ os Naires infernais;Desbaratarà os Naires infernais
Canto 10, estrofe 13, verso 8;Que verâ tanto obrar tão pouca gente.;Que verà tanto obrar tam pouca gente.
Canto 10, estrofe 14, verso 1;Chãmarâ o Samorim mais gente noua:;Chamarà o Samorim mais gente noua:
Canto 10, estrofe 14, verso 2;Virão Reis Bipur, e de Tânôr,;Virão Reis Bipur, & de Tànor,
Canto 10, estrofe 14, verso 4;Estarão prometendo a seu senhor:;Estaram prometendo a seu senhor:
Canto 10, estrofe 14, verso 5;Faràque todo o Naire em fim se moua,;Fara que todo o Naire em fim se moua,
Canto 10, estrofe 14, verso 6;Que entre Calicû jaz, & Cananor,;Que entre Calecù jaz, & Cananor,
Canto 10, estrofe 14, verso 8;Mouros por mar, Gentios polla terra.;Mouros por mar, Gentios pola terra.
Canto 10, estrofe 15, verso 2;Por terra, & mar, o grão Pacheco ousado,;Por terra & mar, o gram Pacheco ousado,
Canto 10, estrofe 15, verso 3;A grande multidão que yrâ matando,;A grande multidam que yrá matando,
Canto 10, estrofe 15, verso 4;A todo o Malabar terâ admirado:;A todo o Malabar terà admirado:
Canto 10, estrofe 15, verso 5;Cometerâ outra vez não dilatando;Cometerà outra vez nam dilatando
Canto 10, estrofe 15, verso 8;Em vão aos Deoses vãos, surdos, & immotos;Em vão aos Deoses vãos, surdos & immotos
Canto 10, estrofe 16, verso 1;Ia não defenderâ somente os passos,;Ia nam defenderá somente os passos,
Canto 10, estrofe 16, verso 2;Mas queimar lhe ha lugares, templos, casas:;Mas queimarlhe ha lugares, templos, casas,
Canto 10, estrofe 16, verso 3;Aceso de yra o Cão, não vendo lassos;Aceso de yra o Cão, nam vendo lassos
Canto 10, estrofe 16, verso 5;Farà que os seus de vida pouco escassos,;Fará que os seus de vida pouco escassos
Canto 10, estrofe 16, verso 8;Dhum noutro, tudo yrá desbaratando.;Dhum noutro, tudo yra desbaratando,
Canto 10, estrofe 17, verso 1;Virâ alio Samorim, porque em pessoa;Virà ali o Samorim, porque em pessoa
Canto 10, estrofe 17, verso 2;Veja a batalha, & os seus esforce, & anime,;Veja a batalha & os seus esforce & anime,
Canto 10, estrofe 17, verso 4;De sangue o tingirâ no andor sublime:;De sangue o tingirá no andar sublime:
Canto 10, estrofe 17, verso 5;Ia não verâ remedio, ou manha boa,;Ia nam vera remedio, ou manha boa,
Canto 10, estrofe 17, verso 7;Inuentura traições, & vãos venenos,;Inuentara traições, & vãos venenos,
Canto 10, estrofe 18, verso 1;Que tornarâ a vez septima, cantaua,;Que tornarà a vez septima cantaua,
Canto 10, estrofe 18, verso 2;Pellejar co inuicto & forte Luso,;Pellejar com acto & forte Luso,
Canto 10, estrofe 18, verso 3;A quem nenhum trabalho pesa, & agraua,;A quem nenhum trabalho pesa & agraua,
Canto 10, estrofe 18, verso 4;Mas com tudo este so o fara confuso:;Mas com tudo este so o fara confusa:
Canto 10, estrofe 18, verso 5;Trarâ pera a batalha horrenda, & braua,;Trara pera a batalha horrenda & braua,
Canto 10, estrofe 18, verso 8;Que ateli vão lhe fora cometellas.;Que ate li vão lhe fora cometellas.
Canto 10, estrofe 19, verso 1;Pella agoa leuarâ serras de fogo;Pella agoa leuara serras de fogo
Canto 10, estrofe 19, verso 4;Farâ ser vaā a braueza com que venha:;Farà ser vaã a braveza com que venha:
Canto 10, estrofe 20, verso 2;Com muito pouco mais de cem soldados,;Com muito pouco mais de cem suldados,
Canto 10, estrofe 20, verso 4;Tantos Cães não imbelles profligados:;Tantos Cães nam imbelles profligados:
Canto 10, estrofe 20, verso 5;Ou parecerão fabulas sonhadas,;Ou pareceram fabulas sonhadas,
Canto 10, estrofe 20, verso 7;Decerão a ajudallo, & lhe darão;Deceram a ajudallo, & lhe darão
Canto 10, estrofe 20, verso 8;Esforço, força, ardil, & coração.;Esforço, força, ardil & coração.
Canto 10, estrofe 21, verso 2;O grão poder de Dario estrue, & rende,;Ogram poder de Dario estrue & rende,
Canto 10, estrofe 21, verso 3;Ou quem com quatro mil Lacedemonios;Ou quem com quatro mil Lacedemonios.
Canto 10, estrofe 21, verso 7;Em defensa da ponte, ou Quinto Fabio;E a defensa da ponte, ou Quinto Fabio
Canto 10, estrofe 22, verso 2;Abaxando, fez ronco, & entristecido,;Abaxando, fez ronco & entristecido,
Canto 10, estrofe 22, verso 4;O grande esforço mal agardecido:;O grande es forço mal agradecido:
Canto 10, estrofe 22, verso 5;O Belisario, disse, que no coro;O Belisirio, disse, que no coro
Canto 10, estrofe 23, verso 2;Como no galardão injusto & duro,;Como no galardam injusto & duro,
Canto 10, estrofe 23, verso 4;A baxo estado vir humilde, & escuro:;Abaxo stado vir humilde, & escuro:
Canto 10, estrofe 23, verso 6;Os que ao Rey, e aa ley seruem de muro,;Os que ao Rey, & aa ley seruem de muro,
Canto 10, estrofe 24, verso 3;Dão os premios de Aiace merecidos,;Dão os premios de Aiaçe merecidos,
Canto 10, estrofe 24, verso 5;Mas vingome que os bens mal repartidos;Mas vingome que os bens malrepartidos
Canto 10, estrofe 24, verso 6;Por quem so doces sombras apresenta,;Por quem so doces sumbras apresenta,
Canto 10, estrofe 24, verso 7;Se não os dão a sabios caualeiros,;Se não os dam a sabios caualeiros,
Canto 10, estrofe 25, verso 1;Mas tu de quem ficou tão mal pagado;Mas tu de quem ficou tam mal pagado
Canto 10, estrofe 25, verso 3;Se não es pera darlhe honroso estado,;Se names pera darlhe honroso estado,
Canto 10, estrofe 26, verso 3;O filho, que no mar serâ illustrado;O filho, que no mar sera illustrado
Canto 10, estrofe 26, verso 7;Fazendo nella Rey leal, & humano,;Fazendo nella Rey leal & humano,
Canto 10, estrofe 26, verso 8;Deitado fora o perfido Tirano.;Deitado fora o perfilo Tirano.
Canto 10, estrofe 27, verso 1;Tambem farão Mombaça, que se arrea;Tambem faram Mombaça, que se arrea
Canto 10, estrofe 27, verso 2;De casas sumptuosas, & edificios,;De casas sumptuosas & edificios,
Canto 10, estrofe 27, verso 3;Co ferro, e fogo seu, queimada, & fea,;Co ferro & fogo seu, queimada & fea,
Canto 10, estrofe 27, verso 5;Despois na costa da India, andando chea;Despois na costa da lndia, andando chea
Canto 10, estrofe 28, verso 2;Que encherão todo o mar, con ferrea pela,;Que encheram todo o mar, coa ferrea pela
Canto 10, estrofe 28, verso 3;Que sae com trovão do cobre ardente,;Que sae com trouão do cobre ardente,
Canto 10, estrofe 28, verso 4;Farà pedaços leme, masto, vela,;Fara pedaços leme, masto, vela,
Canto 10, estrofe 28, verso 5;Despois lançando arpeos ousadamente;Despois linçando arpeos ousadamente
Canto 10, estrofe 28, verso 7;Saltando, a farâ so com lança & espada;Saltando, a fara so com lança & espada
Canto 10, estrofe 28, verso 8;De quatrocentos Mouros despejada.;De quatro centos Mouros despejada.
Canto 10, estrofe 29, verso 3;O porâ onde esforço, nem prudencia;O pora onde esforço, nem prudencia
Canto 10, estrofe 29, verso 4;Poderâ auer, que a vida lhe reserue:;Podera auer que a vida lhe reserue:
Canto 10, estrofe 29, verso 6;O mar todo com fogo e ferro ferue,;O mar todo com fogo & ferro ferue,
Canto 10, estrofe 29, verso 7;Lhe farão, que com vida se não saya;Lhe faram que com vida se nam saya
Canto 10, estrofe 30, verso 2;Que o grande esforço, so com força rende,;Que o grande esforço, so com força rende
Canto 10, estrofe 30, verso 3;Os ventos que faltárão, e os perigos;Os ventos que faltàram & os perigos
Canto 10, estrofe 30, verso 4;Domar, que sobejârão, tudo o ofende:;Do mar que sobejàram, tudo o offende.
Canto 10, estrofe 30, verso 5;Aqui resurjão todos os antigos,;Aqui resurjam todos os antigos,
Canto 10, estrofe 30, verso 6;A ver o nobre ardor, que aqui se aprende,;A ver o nobre ardor que aqui se aprende,
Canto 10, estrofe 30, verso 7;Outro Sceua verão, que espedaçado;Outro Sceua verão que espedaçado
Canto 10, estrofe 30, verso 8;Não sabe ser rendido, nem domado.;Nam sabe ser rendido nem domado.
Canto 10, estrofe 31, verso 1;Com toda hũa coxa fora, que em pedaços;Com toda hũa coxa fora que em pedaços
Canto 10, estrofe 31, verso 2;Lhe leua hum cego tiro, que passara,;Lhe leua hum cego tiro que passara,
Canto 10, estrofe 31, verso 4;E do grão coração, que lhe ficâra:;E do gram coraçam que lhe ficàra:
Canto 10, estrofe 31, verso 6;Com que ço alma o corpo se liâra,;Com que co alma o corpo se liara,
Canto 10, estrofe 32, verso 1;Vâyte alma em paz da guerra turbulenta,;Vayte alma em paz da guerra turbulenta,
Canto 10, estrofe 32, verso 3;Que o corpo que em pedaços se apresenta,;Que o corpo que em pedaços se apresenta
Canto 10, estrofe 32, verso 5;Que eu ouço retumbar a grāo tormenta,;Que eu ouço retumbar a gram tormenta,
Canto 10, estrofe 32, verso 6;Que vem ja dar a dura, & eterna pena,;Que vem ja dar a dura & eterna pena,
Canto 10, estrofe 32, verso 7;De Esperas, Basiliscos, & Trabucos,;De Esperas, Basiliscos, & trabucos,
Canto 10, estrofe 32, verso 8;A Cambalcos crueis, & Mamelucos.;A Cambaicos crueis & a Mamelucos.
Canto 10, estrofe 33, verso 2;Trazendo furia & magoa por antolhos,;Trazendo furia & magoa por antolhos
Canto 10, estrofe 33, verso 3;Com que o paterno amor lhe estâ mouendo;Com que o paterno amor lhe está mouendo
Canto 10, estrofe 33, verso 4;Fogo no coração, agoa nos olhos:;Fogo no coraçam, agoa nos olhos:
Canto 10, estrofe 33, verso 5;A nobre yra lhe vinha prometendo,;A nobre yra lhe vinha prometendo
Canto 10, estrofe 33, verso 6;Que o sangue farâ dar pellos giolhos;Que o sangue fara dar pellos giolhos
Canto 10, estrofe 33, verso 8;Podélo ha o Indo ver, & o Gange ouuilo.;Podêlo ha o Indo ver & o Gange ouuilo.
Canto 10, estrofe 34, verso 3;No tronco dhum Carualho, ou alta Faya;No tronco dhum Carualho ou alta Faya
Canto 10, estrofe 34, verso 4;E o âr ferindo, as forças esprimenta:;E o ar ferindo, as forças esprimenta:
Canto 10, estrofe 35, verso 2;De Dio, illustre em cercos e batalhas,;De Dio, illustre em cercos & batalhas,
Canto 10, estrofe 35, verso 3;Farâ espalhar a fraca & grande armada,;Fara espalhar a fraca & grande armada
Canto 10, estrofe 35, verso 7;Farâ yr ver o frio e fundo assento,;Fara yr ver o frio & fundo assento,
Canto 10, estrofe 36, verso 2;A furia esperarà dos vingadores,;A furia esperara dos vingadores,
Canto 10, estrofe 36, verso 3;Verâ braços & pernas yr nadando,;Verá braços & pernas yr nadando,
Canto 10, estrofe 36, verso 4;Sem corpos, pello mar, de seus senhores,;Sem corpos, pello mar de seus senhores,
Canto 10, estrofe 36, verso 5;Rayos de fogo yrão representando,;Rayos de fogo yram representando,
Canto 10, estrofe 36, verso 7;Quanto ali sentirão olhos, & ouuidos,;Quanto ali sentiram olhos & ouuidos,
Canto 10, estrofe 36, verso 8;E fumo, ferro, flamas e alaridos.;E fumo, ferro, flamas & alaridos.
Canto 10, estrofe 37, verso 2;Com que despois virâ ao patrio Tejo,;Com que despois virà ao patrio Tejo
Canto 10, estrofe 37, verso 3;Quasi lhe roubarâ a famosa gloria;Quasi lhe roubarà a famosa gloria
Canto 10, estrofe 37, verso 4;Hum successo que triste & negro vejo,;Hum successo que triste & negro vejo
Canto 10, estrofe 37, verso 5;O Cabo Tormentorio, que a memoria;O Cabo Tormentorio que a memoria
Canto 10, estrofe 37, verso 6;Cos ossos guardarâ: não terâ pejo;Cos ossos guardará: nam tera pejo
Canto 10, estrofe 37, verso 7;De tirar deste mundo aquelle esprito,;De tirar deste mundo aquelle estrito,
Canto 10, estrofe 37, verso 8;Que não tirarão toda a India, & Egito.;Que nam tiraram toda a India & Egito,
Canto 10, estrofe 38, verso 1;Ali Cafres Seluagens poderão,;Ali Cafres seluagens poderam,
Canto 10, estrofe 38, verso 2;O que destros immigos não podêrão,;O que destros immigos nam podèram,
Canto 10, estrofe 38, verso 3;E rudos paos tostados sos farão,;E rudos paos tostados sos faram,
Canto 10, estrofe 38, verso 4;O que arcos & pelouros não fizerão;O que arcos, & pelouros nam fizeram,
Canto 10, estrofe 38, verso 6;As gentes vaãs que não nos entenderão,;As gentes vaãs que nam nos entenderam,
Canto 10, estrofe 38, verso 7;Chamāolhe fado mao, fortuna escura,;Chamãolhe fado mao, fortuna escura,
Canto 10, estrofe 39, verso 2;Dizia a Ninfa, e a voz aleuantaua,;Dizia a Ninfa, & a voz aleuantaua,
Canto 10, estrofe 39, verso 6;Serâ seu nome, em todo o mar que laua;Sera seu nome, em todo o mar que laua
Canto 10, estrofe 39, verso 7;As ilhas do Austro, e praias, que se chamão;As ilhas do Austro, & praias, q̃ se chamão
Canto 10, estrofe 39, verso 8;De sam Lourēço, & em todo o Sul se afamão.;De sam Lourẽço, & ẽ todo o Sul se afamão.
Canto 10, estrofe 40, verso 2;Armas, com que Albuquerque yra amãsan;Armas, com q̃ o Albuquerque yra amãsando
Canto 10, estrofe 40, verso 3;De Ormuz os Parseos, por seu mal valentes,;De Ornuz os Parseos, por seu mal valentes,
Canto 10, estrofe 40, verso 4;Que refusam o jugo honroso & brando.;Que refusam o jugo honroso & brando:
Canto 10, estrofe 41, verso 1;Ali do sal os montes não defendem;Ali do salos montes nam defendem
Canto 10, estrofe 41, verso 2;De corrupção os corpos no combate,;De corrupçam os corpos no combate,
Canto 10, estrofe 41, verso 3;Que mortos pella praya, & mar se estendem;Que mortos polla proya, & mar se estendem
Canto 10, estrofe 41, verso 4;De Gerum, de Mazcate, e Calayate:;De Gerum, de Mazcate, & Calayate:
Canto 10, estrofe 41, verso 5;Ate que a força so de braço aprendem;Ate que a forço so de braço aprendem
Canto 10, estrofe 41, verso 7;Obrigação de dar o reyno inico;Obrigaçam de dar o reyno inico
Canto 10, estrofe 42, verso 1;Que gloriosas palmas tecer vejo,;Que gloriosas palmos tecer vejo,
Canto 10, estrofe 42, verso 6;A deixa, & ocasião espera boa,;A deixa, & occasiam espera boa,
Canto 10, estrofe 42, verso 7;Com que a torne a tomar, que esforço & arte;Com q̃ a torne a tomar, que e forço & arte
Canto 10, estrofe 42, verso 8;Vencerão a fortuna, & o proprio Marte.;Venceram a fortuna, & o proprio Marte.
Canto 10, estrofe 43, verso 1;Eis ja sobrella torna & vây rompendo;Eis ja sobrella torna & vày rompendo
Canto 10, estrofe 43, verso 2;Por muros, fogo, lanças, & pilouros;Por muros fogo,lanças & pilouros,
Canto 10, estrofe 43, verso 3;Abrindo cõ a espada o espesso, & horrendo;Abrindo com a espada o espesso, & herendo
Canto 10, estrofe 43, verso 4;Esquadrão de Gentios, & de Mouros:;Esquadram de Gentios, & de Mouros:
Canto 10, estrofe 43, verso 5;Irão soldados inclitos fazendo;lram soldados inclitos fazendo
Canto 10, estrofe 43, verso 6;Mais que Liões famelicos, & Touros,;Mais que Latões famelicos & Touros,
Canto 10, estrofe 43, verso 7;Na luz que sempre celebrada & dina;Na iuz que sempre celebrada & dina
Canto 10, estrofe 44, verso 3;La no gremio da Aurora, onde naceste,;La no gremio da Aurora onde naceste,
Canto 10, estrofe 44, verso 5;As setas venenosas que fizeste,;As setas venemes s que fizeste,
Canto 10, estrofe 44, verso 7;Malaios namorados, Iaos valentes;Malaios namorados, Iaos valentes.
Canto 10, estrofe 44, verso 8;Todos faras ao Luso obedientes.;Tudos faras ao Luso obedentes.
Canto 10, estrofe 45, verso 1;Mais estanças cantâra esta Syrena;Mais estanças cantára esta Syrena
Canto 10, estrofe 45, verso 2;Em louuor do illustrissimo Albuquerque,;Em louuor do, illustrissimo Albuquerque,
Canto 10, estrofe 45, verso 3;Mas alembroulhe hũa yra que o condena,;Mas alembrote hũa yra que o condena
Canto 10, estrofe 45, verso 4;Posto que a fama sua o mundo cerque:;Posto que a fama sui o mundo cerque:
Canto 10, estrofe 45, verso 5;O grande capitão, que o fado ordena;O grande capitam, que o fado ordena
Canto 10, estrofe 45, verso 6;Que com trabalhos gloria eterna merque,;Que com trabalhos gloria eti rna merque,
Canto 10, estrofe 46, verso 2;Doenças, frechas, & trouoẽs ardentes,;Doenças frehas, & trouões ardentes,
Canto 10, estrofe 46, verso 3;A sazão, e o lugar fazem cruezas;A sazam & o lugar fizem cruezas
Canto 10, estrofe 47, verso 1;Não serâ a culpa abominoso incesto,;Nam serà a culpa abominoso incesto,
Canto 10, estrofe 47, verso 4;Mas cũa escrava vil lasciua & escura:;Mas cũa escraua vil lasciua & escura:
Canto 10, estrofe 47, verso 7;Cos seus hũa ira insana não refrea,;Cos seus hũa ira insana nam refrea,
Canto 10, estrofe 48, verso 2;Da sua Campaspe, e deulha alegremente,;Da sua Campaspe, & deulha alegremente
Canto 10, estrofe 48, verso 3;Não sendo seu soldado esprimentado,;Nam sendo seu soldado esprimentado,
Canto 10, estrofe 48, verso 4;Nem vendose num cerco duro & vrgente:;Nem vendose num cerco ditro & vrgente:
Canto 10, estrofe 49, verso 1;Mas vendo o Illustre Persa, que vencido;Mas vendo o lllustre Persa, que vencido
Canto 10, estrofe 49, verso 4;Delle num caso grande em recompensa.;Delle num coso grande em recompensa:
Canto 10, estrofe 49, verso 5;Per força de Iudita foy marido;Per força de sudita foy marido
Canto 10, estrofe 49, verso 6;O ferreo Balduuino, mas dispensa;O ferreo Baldouino, mas dispensa
Canto 10, estrofe 49, verso 8;Que viva, & pouoador seja de Frandes.;Que viua, & pouoador seja de Frandes,
Canto 10, estrofe 50, verso 3;Faria tremolar, & por espanto,;Faria tremolar & por espanto
Canto 10, estrofe 50, verso 5;Medina abominabil teme tanto,;Midina abominabil teme tanto,
Canto 10, estrofe 50, verso 6;Quanto Meca, & Gidâ, coas derradeiras;Quanto Meca, & Gidá, coas derradeiras
Canto 10, estrofe 50, verso 7;Prayas de Abasia: Barborâ se teme,;Prayas de Abasia: Barborá se teme,
Canto 10, estrofe 51, verso 2;Ia pello nome antigo tão famosa,;Ia pello nome antigo tam famosa,
Canto 10, estrofe 51, verso 3;Quanto agora soberba, & soberena,;Quanto agora soberba & soberana,
Canto 10, estrofe 51, verso 5;Della dar âtributo aa Lusitana;Della dara tributo aa Lusitana
Canto 10, estrofe 51, verso 6;Bandeira, quando excelsa, & gloriosa;Bandeira, quando excelsa & gloriosa
Canto 10, estrofe 51, verso 7;Vencendo se erguerâ na torre erguida,;Vencendo se erguerà na torre erguida,
Canto 10, estrofe 52, verso 1;Tambem Sequeira as ondas Eritreas;Tambem Sequeira as ondas Eritreas.
Canto 10, estrofe 52, verso 2;Diuidindo, abrirâ nouo caminho,;Diuidindo abrira nouo caminho,
Canto 10, estrofe 52, verso 3;Pera ti grande Imperio que te arreas;Pera ti grande imperio que te arreas
Canto 10, estrofe 52, verso 4;De seres de Candace, & Sabâ ninho:;De seres de Candace & Sobá ninho:
Canto 10, estrofe 52, verso 6;Verâ, e o porto Arquico ali vizinho,;Vera, & o porto Arquico ali vizinho
Canto 10, estrofe 52, verso 8;Que dāo ao mundo nouas marauilhas.;Que dam ao mundo nouas marauilhas.
Canto 10, estrofe 53, verso 1;Virâ despois Meneses, cujo ferro;Vira despois Meneses, cujo ferro
Canto 10, estrofe 53, verso 2;Mais na Africa, que câ terâ prouado:;Mais na Africa que cà tera prouado:
Canto 10, estrofe 53, verso 3;Castigarâ de Ormuz Soberba o erro,;Castigara de Ormuz Soberba o erro,
Canto 10, estrofe 53, verso 6;Em que estâs, e serâs inda tornado,;Em que estàs & seras inda tornado,
Canto 10, estrofe 53, verso 7;Cos titolos de Conde, & dhonras nobres,;Cos titolos de Conde & dhonras nobres,
Canto 10, estrofe 53, verso 8;Virâs mandar a terra que descobres.;Viras mandar a terra que descobres.
Canto 10, estrofe 54, verso 2;De quem ninguem se exime dos humanos,;De' quem ninguem se exime dos humanos,
Canto 10, estrofe 54, verso 4;Te tirarâ do mundo & seus enganos:;Te tirara do mundo & seus enganos:
Canto 10, estrofe 54, verso 6;He mayor na prudencia, que nos anos,;He mayor ita prudencia que nos anos,
Canto 10, estrofe 54, verso 7;Gouenarâ, & farà o ditoso Henrique,;Gouernarà & fara o ditoso Henrique,
Canto 10, estrofe 55, verso 1;Não vencerâ somente os Malabares,;Não vencera somente os Malabares,
Canto 10, estrofe 55, verso 6;Vence os inimigos dalma todos sete,;Vence os immigos dalma todos sete
Canto 10, estrofe 55, verso 7;De cubiça triumpha, & incontinencia,;De cubiça triumpha & incontinencia,
Canto 10, estrofe 56, verso 2;Socederâs ô forte Mazcarenhas,;Socederas ô forte Mazcarenhas,
Canto 10, estrofe 57, verso 1;No reino de Bintão, que tantos danos;No reino de Bintam, que tantos danos
Canto 10, estrofe 57, verso 2;Terâ a Malaca muito tempo feitos,;Tera a Malaca muito tempo feitos,
Canto 10, estrofe 57, verso 4;Vingarâs, co valor de illustres peitos,;Vingaras, co valor de illustres peitos,
Canto 10, estrofe 58, verso 1;Mas na India cubiça & ambição,;Mas na India cubiça & ambiçam,
Canto 10, estrofe 58, verso 3;Contra Deos, & Iustiça, te farão;Contra Deos, & Iustiça te faram
Canto 10, estrofe 58, verso 5;Quem faz injuria vil, & sem rezão;Quem faz injuria vil, & sem rezam
Canto 10, estrofe 58, verso 6;Com forças & poder, em que estâ posto,;Com forças & poder, em que està posto,
Canto 10, estrofe 58, verso 7;Não vence, que a vitoria verdadeira,;Nam vence, que a vitoria verdadeira,
Canto 10, estrofe 58, verso 8;He saber ter justiça nua, & inteira.;He saber ter justiça nua & inteira.
Canto 10, estrofe 59, verso 1;Mas com tudo não nego que Sampayo;Mas com tudo nam nego que Sampayo
Canto 10, estrofe 59, verso 2;Sera no esforço illustre, e asinalado,;Sera no esforço illustre & assinalado
Canto 10, estrofe 59, verso 3;Mostrando se no mar hum fero rayo,;Mostrandose no mar hum fero rayo,
Canto 10, estrofe 59, verso 4;Que de inimigos mil verâ qualhado:;Que de immigos mil vera qualhado:
Canto 10, estrofe 59, verso 5;Em Bacanôr farâ cruel ensayo;Em Bacanor fura cruel ensayo
Canto 10, estrofe 59, verso 8;Cutiâle, com quanta armada tenha.;Cutiále, com quanta armada tenha.
Canto 10, estrofe 60, verso 2;Que Chaul temerâ de grande & ousada,;Que Chaul temerà de grande & ousada,
Canto 10, estrofe 60, verso 3;Farâ coa vista so perdida & rota,;Fara coa vista so perdida & rota,
Canto 10, estrofe 60, verso 4;Por Heitor da Silueira, & destroçada:;Por Heitor da Silueira & destroçada:
Canto 10, estrofe 60, verso 5;Por Heitor Portugues, de quem se nota,;Por Heitor Portugues de quem se nota,
Canto 10, estrofe 60, verso 6;Que na Costa Cambaica sempre armada,;Que na Costa Cambaiça sempre armada,
Canto 10, estrofe 60, verso 7;Serâ aos Guzarates tanto dano,;Sera aos Guzarates tanto dano,
Canto 10, estrofe 61, verso 1;A Sampayo feroz socederà;A Sampayo feroz socederá
Canto 10, estrofe 61, verso 2;Cunha, que longo tempo tem o leme,;Cunha, que longo tempo tem o leme
Canto 10, estrofe 61, verso 3;De Chale as torres altas erguerâ,;De Chale as torres altas erguerà
Canto 10, estrofe 61, verso 5;O forte Baçaîm se lhe darâ,;O forte Baçaîm se lhe darà,
Canto 10, estrofe 61, verso 6;Não sem sangue porem, que nelle geme;Nam sem sangue porem que nelle geme
Canto 10, estrofe 62, verso 1;Tras este vem Noronha, cujo Auspicio;Tras este vem Noronha, cujo auspicio
Canto 10, estrofe 62, verso 5;Farâ em Noronha a morte o vsado officio,;Fara em Noronha a morte o vsado officio,
Canto 10, estrofe 62, verso 6;Quando hum teu ramo, ô Gama, se esprimẽta;Quando hum teu ramo, ò Gama, se esprimẽta
Canto 10, estrofe 62, verso 7;No gouerno do Imperio, cujo zelo;No gouero do Imperio, cujo zelo
Canto 10, estrofe 62, verso 8;Com medo o roxo mar farâ amarelo,;Com medo o roxo mar fara amarelo.
Canto 10, estrofe 63, verso 1;Das mãos do teu Esteuão vem tomar;Das mãos do ter Esteuão vem tomar
Canto 10, estrofe 63, verso 6;O muro de Dâmão soberbo & armado,;O muro de Dàmão soberbo & armado,
Canto 10, estrofe 63, verso 8;Que fogo & frechas mil terão cuberta.;Que fogo & frechas mil teram cuberta.
Canto 10, estrofe 64, verso 5;Despois yrà com peito esforçadissimo;Despois yra com peito esforçadissimo
Canto 10, estrofe 64, verso 6;A tolher que não passe o Rey Gentio;A tolher que nam passe o Rey Genitio
Canto 10, estrofe 64, verso 8;O farâ retirar de sangue cheyo.;O fara retirar de sangue cheyo.
Canto 10, estrofe 65, verso 1;Destroirâ a cidade Repelim,;Destroirà cidade Repelim,
Canto 10, estrofe 65, verso 3;E despois junto ao Cabo Comorim;E despois junto ao cabo Comorim
Canto 10, estrofe 65, verso 5;A frota principal do Samorim,;A frota principal, do Samorim,
Canto 10, estrofe 65, verso 6;Que destroir o mundo não duuida,;Que destroir o mundo nam duuida,
Canto 10, estrofe 65, verso 7;Vencerâ co furor do ferro e fogo,;Vencerà co furor do ferro & fogo,
Canto 10, estrofe 65, verso 8;Em si verâ Beadâla o Marcio jogo.;Em sivera Beadàla o Marcio jogo.
Canto 10, estrofe 66, verso 1;Tendo assi limpa a India dos immigos,;Tendo assi limpa a lndia dos immigos,
Canto 10, estrofe 66, verso 2;Virâ despois com cetro a gouernala,;Vira despois com cetro a gouernala,
Canto 10, estrofe 66, verso 3;Sem que ache resistencia, nem perigos,;Sem que ache resistencia nem perigos,
Canto 10, estrofe 66, verso 4;Que todos tremem delle, & nenhum fala:;Que todos tremem delle & nenhum fala:
Canto 10, estrofe 66, verso 6;Baticalâ, que virâ ja Beadala,;Baticalá, que virà ja de Beadala,
Canto 10, estrofe 66, verso 7;De sangue & corpos mortos ficou chea,;De sangue & corpos mortos ficou chea
Canto 10, estrofe 66, verso 8;E de fogo e trouoẽs desfeita & fea.;E de fogo & trouões desfeita & fea.
Canto 10, estrofe 67, verso 6;Portugues terâ sempre levantado,;Portugues tera sempre leuantado,
Canto 10, estrofe 67, verso 7;Conforme successor ao succediso;Conforme successor ao succedido
Canto 10, estrofe 67, verso 8;Que hum ergue Dio, outro o defende erguido.;Que hũ ergue Dio, outro o defende erguido.
Canto 10, estrofe 68, verso 4;Que mil naçoẽs ao cerco feras vem;Que mil nações ao cerco feras vem
Canto 10, estrofe 68, verso 5;Farão dos ceos ao mundo vãos queixumes;Faram dos ceos ao mundo vãos queixumes
Canto 10, estrofe 69, verso 1;Basiliscos medonhos & Liōes,;Basiliscos medonhos & Liões,
Canto 10, estrofe 70, verso 1;Fernando hum delles, ramo da alta pranta,;Fernando hum delles, ramo da alta pronta,
Canto 10, estrofe 70, verso 4;Serâ ali arrebatado, & ao ceo subido:;Sera ali arrebatado, & ao ceo sobido:
Canto 10, estrofe 71, verso 2;Co restante da gente Lusitana;Com restante da gente Lusitana
Canto 10, estrofe 71, verso 4;Batalha dá felice & soberana:;Batalha dà felice & soberana:
Canto 10, estrofe 71, verso 5;Hũs paredes subindo escusam porta,;Hũs paredes subindo escusam porta
Canto 10, estrofe 71, verso 6;Outros a abrem, na fera esquadra insana,;Outros a abrem, na fera esquadra insana
Canto 10, estrofe 71, verso 7;Feitos farão tão dinos de memoria,;Feitos faram tam dinos de memoria,
Canto 10, estrofe 71, verso 8;Que não caibão em vêrso, ou larga historia.;Que nam cuibam em verso, ou larga historia.
Canto 10, estrofe 72, verso 2;Vencedor forte & intrepido, ao possante;Vencedor forte & intrepido ao possante
Canto 10, estrofe 72, verso 7;Que castigando vay Dâbul na costa;Que castigando vay Dábul na costa
Canto 10, estrofe 72, verso 8;Nem lhe escapou Pondâ no sertão posta.;Nem lhe escapou Pondà no sertão posta.
Canto 10, estrofe 73, verso 1;Estes & outros Baroẽs por varias partes,;Estes & outros Barões por varias partes
Canto 10, estrofe 73, verso 4;Virão lograr os gostos desta Ilha:;Viram lograr os gostos desta llha:
Canto 10, estrofe 73, verso 6;Pellas ondas, que corta a aguda quilha,;Pellas ondas, que corta a aguda quilha
Canto 10, estrofe 74, verso 2;Com sonoroso aplauso vozes dauão,;Com sonoroso aplauso vozes dauam,
Canto 10, estrofe 74, verso 4;Que com tanto prazer se celebrauão:;Que com tanto prazer se celebrauam:
Canto 10, estrofe 74, verso 6;Nũa consona voz todas soauão,;Nũa consona voz todas soauam,
Canto 10, estrofe 74, verso 7;Não vos hão de faltar, gente famosa,;Nam vos hão de faltar, gente famosa,
Canto 10, estrofe 75, verso 4;Virão os altos feitos, que descobre,;Virão os altos feitos, que descobre
Canto 10, estrofe 75, verso 7;As festas deste alegre & claro dia,;As festas deste alegre & claro dia
Canto 10, estrofe 76, verso 3;Veres, o que não pode a vã ciencia;Veres, o que nam pode a vã ciencia
Canto 10, estrofe 76, verso 5;Sigueme firme, & forte, com prudencia;Sigueme firme & forte com prudencia
Canto 10, estrofe 76, verso 6;Por este monte espesso, tu cos mais.;Por este monte espesso, tu cos mais:
Canto 10, estrofe 77, verso 1;Não andão muito que no erguido cume;Nam andão muito que no erguido cume
Canto 10, estrofe 78, verso 1;Qual a materia seja não se enxerga,;Qual a materia seja nam se enxergà,
Canto 10, estrofe 78, verso 2;Mas enxergasse bem que estâ composto;Mas enxergasse bem que está composto
Canto 10, estrofe 79, verso 6;Em pequeno volume aqui te dou,;Em pequeno volume aqui te dou
Canto 10, estrofe 79, verso 8;Por onde vas, & yrâs, & o que desejas.;Por onde vas, & yras, & o que desejas.
Canto 10, estrofe 80, verso 6;Globo, & sua superficia tão limada,;Globo, & sua superficia tam limada,
Canto 10, estrofe 80, verso 7;He Deos, mas o q̄ he Deos ninguẽ o entende,;He Deos, mas o q̃ he Deos ninguẽ o entende,
Canto 10, estrofe 81, verso 3;Que estâ com luz tão clara radiando,;Que està com luz tão clara radiando,
Canto 10, estrofe 81, verso 4;Que a vista cega, & a mente vil tambem,;lue a vista cega, & a mente vil tambem
Canto 10, estrofe 82, verso 2;Diuos estão, porque eu, Saturno & Iano,;Diuos estão, porque eu, Saturno & Iano
Canto 10, estrofe 82, verso 3;Iupiter, Iuno, fomos fabulosos;lupiter, luno, fomos fabulosos
Canto 10, estrofe 83, verso 2;Que em Iupiter aqui se representa,;Que em lupiter aqui se representa,
Canto 10, estrofe 83, verso 8;Os maos, em quanto podem, nos ompecem.;Os maos, em quanto podeɯ nos empecem.
Canto 10, estrofe 84, verso 1;Quer logo aqui a pintura que varîa,;Quer logo aqui a pintura que varia,
Canto 10, estrofe 84, verso 6;Deoses o sacro verso estâ chamando,;Deoses o sacro verso està chamando,
Canto 10, estrofe 84, verso 8;Tambem aos maos se dà, mas falsamente.;Tambem aos maos se dá, mas falsamente:
Canto 10, estrofe 85, verso 6;Almas diuinas gozão, que não anda,;Almas diuinas gozão, que nam anda,
Canto 10, estrofe 85, verso 7;Outro corre tam leue & tam ligeiro,;Outra corre tam leue & tam ligeiro,
Canto 10, estrofe 86, verso 1;Com este rapto, & grande mouimento,;Com este rapto & gran le mouimento,
Canto 10, estrofe 86, verso 2;Vão todos os que dentro tem no seyo,;Vão todos os que dentro tem no seyo
Canto 10, estrofe 86, verso 3;Por obra deste, o Sol andando atento;Por obra deste, o Sol andando a tento
Canto 10, estrofe 86, verso 7;Que em quanto Phebo, de luz nunca escasso,;Que em quanto Phebo, de luz nunca escasso
Canto 10, estrofe 86, verso 8;Dozentos cursos faz, dâ elle hum passo.;Dozentos cursos faz, da elle hum passo.
Canto 10, estrofe 87, verso 5;Bem ves como se veste, & faz ornado;Bem ves tomo se veste & faz ornado
Canto 10, estrofe 87, verso 6;Co largo cinto douro, que estellantes;Co largo cinto douro, que estrellantes
Canto 10, estrofe 88, verso 1;Olha por outras partes a pintura,;Olha por outras partes a pinturà,
Canto 10, estrofe 88, verso 4;Andromeda, & seu pay, & o drago borrẽdo:;Andromeda, & seu pay & o drago horrẽdo:
Canto 10, estrofe 88, verso 5;Vê de Cassiopea a fermosura,;Vè de Cassiopea a fermosura,
Canto 10, estrofe 88, verso 7;Olba o Cisne morrendo que sospira,;Olha o Cisne morrendo que sospira,
Canto 10, estrofe 88, verso 8;A Lebre, & os Cães, a Nao, & a doce Lira.;A Lebre, os Cães, a Nao, & a doce Lira.
Canto 10, estrofe 89, verso 1;Debaxo deste grande firmamento,;Debaxa deste grande firmamento,
Canto 10, estrofe 89, verso 2;Ves o ceo de Saturno Deos antigo,;Ves o ceo Saturno Deos antigo,
Canto 10, estrofe 89, verso 3;Iupîter logo faz o mouimento,;Iupiter logo faz o mouimento,
Canto 10, estrofe 89, verso 5;O claro olho do ceo no quarto assento,;O claro olho do ceo no quarto, assento,
Canto 10, estrofe 89, verso 8;Com tres rostos debaxo vay Diana.;Com tres rostos debaixo vay Diana.
Canto 10, estrofe 90, verso 1;Em todos estes orbes, differente;Fn todos estes orbes, differente
Canto 10, estrofe 90, verso 4;Ora da terra estão caminho breue,;Ora da terra estam caminho breue,
Canto 10, estrofe 90, verso 5;Bem como quis o padre omnipotente;em como quís o padre omnipotente
Canto 10, estrofe 90, verso 6;Que o fogo fez, & o ar, o vento, & neue,;Que o fogo fez, & o ar, o vento & neue,
Canto 10, estrofe 91, verso 2;Que não somente ousados se contentão;Que nam somente ousados se contentam
Canto 10, estrofe 91, verso 4;Mas inda o mar instabil esprimentão,;Mas inda o mar instabil esprimentam,
Canto 10, estrofe 91, verso 5;Verâs as varias partes, que os insanos;Veras as varias partes, que os insanos
Canto 10, estrofe 91, verso 6;Mares diuidem, onde se apousentão;Mares diuidem, onde se apousentam
Canto 10, estrofe 91, verso 8;Varios costumes seus, e varias leis.;Varios costumes, seus, & varias leis
Canto 10, estrofe 92, verso 1;Ves Europa Christaā mais alta & clara;Ves Europa Christaã mais alta & clara
Canto 10, estrofe 92, verso 2;Que as outras em policia, & fortaleza:;Que as outras em policia & fortaleza:
Canto 10, estrofe 92, verso 3;Ves Africa dos bens do mundo auara,;Ves Africa dos bens do mundo auara
Canto 10, estrofe 92, verso 5;Co Cabo que ate qui se vos negâra,;Co Cabo que ate qui se vos negára,
Canto 10, estrofe 92, verso 7;Olha essa terra toda, que se habita;Olha essa terra toda, que se habita.
Canto 10, estrofe 93, verso 1;Ve do Benomotapa o grande imperio,;Vè do Beno notapa o grande imperio,
Canto 10, estrofe 93, verso 3;Onde Gonçalo morte & vituperio;Onde Gonçalo morte & vituperio,
Canto 10, estrofe 93, verso 4;Padecerâ, polla se sancta sua:;Padecerà, polla fe sancta sua:
Canto 10, estrofe 93, verso 5;Nace por aste incognito Hemisperio;Nace por aste incognito Hemisperio.
Canto 10, estrofe 93, verso 6;O metal, por que mais a gente sua,;O metal, porque maisu gente sua
Canto 10, estrofe 93, verso 8;O Nilo, tambem vindo estâ Cuama.;O Nilo, tambem vindo está Cuama.
Canto 10, estrofe 94, verso 1;Olha as casas dos negros, como estão;Olha as casas dos negros, como estam
Canto 10, estrofe 94, verso 5;Olha delles a bruta multidão;Olha delles a bruta multidam
Canto 10, estrofe 94, verso 6;Qual bando espesso & negro de Estorninhos,;Qual bãdo espesso & negro de Estorninhos
Canto 10, estrofe 94, verso 8;Que defenderâ Nhaya com destreza.;Que desendera Nhaya com destreza.
Canto 10, estrofe 95, verso 2;Nace, que não souberão os antigos,;Nace, que nam souberam os antigos
Canto 10, estrofe 95, verso 3;velo rega, gerando o Crocodilo,;Velo rega, gerando o Crocodilo,
Canto 10, estrofe 95, verso 6;Se defendem milhor dos mimigos,;Se defendem milhor dos inimigos,
Canto 10, estrofe 95, verso 8;Que ora dos naturais Nobâ se chama.;Que ora dos naturais Nobá se chama.
Canto 10, estrofe 96, verso 2;Nas armas contra os Turcos serâ claro,;Nàs armas contra os Turcos sera claro,
Canto 10, estrofe 96, verso 3;Ha de ser dom Christouão o nome seu,;Ha de ser dom Christouam o nome seu,
Canto 10, estrofe 96, verso 4;Mas contra o fim fatal não ha reparo:;Mas contra o fim fatal nam ha reparo:
Canto 10, estrofe 96, verso 5;Ve ca à Costa do mar, onde te deu;Ve ca acosta do mar, onde te deu
Canto 10, estrofe 96, verso 7;O Rapto rio nota, que o romance;O Rapta rio nota, que o romance
Canto 10, estrofe 96, verso 8;Da terra chama Obî, entra em Quilmance.;Da terra chama Obî , entra em
Canto 10, estrofe 97, verso 1;O Cabo ve ja Aromâta chamado,;O cabo veja Aromatà chamado,
Canto 10, estrofe 97, verso 2;E agora Goardo fû dos moradores,;E agora Goardafù dos moradores,
Canto 10, estrofe 97, verso 3;Onde começa a loca do afamado;Onde começa a boca do afamado
Canto 10, estrofe 97, verso 5;Este como limite, sta lançado;Este como limite esta lançado
Canto 10, estrofe 97, verso 6;Que diuide Asia de Africa, & as milhores;Que diuide Asta de Africa & as milhores
Canto 10, estrofe 97, verso 7;Pouoações, que a parte Africa tem;Pouoações, que parte Africa tem
Canto 10, estrofe 97, verso 8;Maçuâ sam, Arquico, & Suamquem.;Maçuà sam, Arquico, & Suamquem.
Canto 10, estrofe 98, verso 8;Em terrás grande, em reinos opulenta.;Em terras grande, em reinos opulenta.
Canto 10, estrofe 99, verso 3;Olha Toro, & Gidâ, que lhe falece;Olha Toro & Gidà, que lhe falece
Canto 10, estrofe 99, verso 4;Agoa das fontes doce, & cristalina:;Agoa das fontes doçe, & cristalina:
Canto 10, estrofe 100, verso 2;Tomão, todas da gente vaga, & baça,;Tomão, todas da gente vaga & baça,
Canto 10, estrofe 100, verso 4;Ligeiros, & feroces, de alta raça:;Ligeiros & feroces, de alta raça:
Canto 10, estrofe 100, verso 8;Da cidade Fartaque ali sabida,;Da cidade Fartaque ali sabida.
Canto 10, estrofe 101, verso 3;Mas atenta ja ca destroutra banda;Mas atenta ja ca destoutra banda
Canto 10, estrofe 101, verso 4;De Roçalgate, & prayas sempre auaras,;De Roçalgate & prayas sempre auaras,
Canto 10, estrofe 101, verso 5;Começa o reyno Ormuz, que todo se anda;Começa o reino Ormuz, que todo se anda
Canto 10, estrofe 101, verso 6;Pellas ribeiras, que inda serão claras;Pellas ribeiras que inda seram claras
Canto 10, estrofe 101, verso 7;Quando as gales do Turco, & fera armada;Quando as gales do Turco & fera armada
Canto 10, estrofe 102, verso 6;Tém das suas perlas ricas, & imitantes;Tem das suas perlas ricas & imitantes
Canto 10, estrofe 103, verso 4;E de não ter das armas sempre os calos:;E de nam ter das armas sempre os calos:
Canto 10, estrofe 104, verso 2;Se mostrarâ a virtude em armas clara,;Se mostrarà a virtude em armas clara,
Canto 10, estrofe 104, verso 4;Os muitos Parseos vencerâ de Lara:;Os muitos Parseos vencerá de Lara:
Canto 10, estrofe 104, verso 5;Virão prouar os golpes e reueses;Virão prouar os golpes & reueses
Canto 10, estrofe 104, verso 6;De dom Pedro de Sousa, que prouâra;De dom Pedro de Sousa, que prouàra
Canto 10, estrofe 104, verso 8;Terâ por terra a força so de espada.;Terá por terra a força so de espada.
Canto 10, estrofe 105, verso 1;Mas deixemos o estreito, & o conhecido;Mas deixemos o estreito & o conhecido
Canto 10, estrofe 106, verso 5;A terra de cambaya ve ríquissima,;A terra de Cambaya ve riquissima,
Canto 10, estrofe 106, verso 8;A vosoutros aqui se estão guardando.;A vosoutros aqui se estam guardando.
Canto 10, estrofe 107, verso 1;Ves corre a costa cèlebre Indiana;Ves corre a costa cèlebre lndiana
Canto 10, estrofe 107, verso 2;Pera o Sul, ate o Cabo Comori;Pera o Sul, ate o cabo Comori
Canto 10, estrofe 107, verso 3;la chamado Cori, que Taprobana;Ia chamado Cori, que Taprobana
Canto 10, estrofe 107, verso 4;(Que ora he Ceilão) de fronte tem de si:;(Que ora he Ceilão) defronte tem de si:
Canto 10, estrofe 107, verso 6;Qua com armas virâ despois de ti,;Qua com armas virà despois de ti,
Canto 10, estrofe 107, verso 7;Terâ vitorias terras, & cidades;Terà vitorias terras, & cidades
Canto 10, estrofe 108, verso 5;Olha que de Narfinga o senhorio;Olha que de Narsinga o senhorio
Canto 10, estrofe 108, verso 8;Qut a Iesu Christo teue a mão no lado.;Qut a lesu Christo teue a mão no lado
Canto 10, estrofe 109, verso 2;Meliapor, fermosa, grande, & rica:;Meliapor, fermosa, grande & rica:
Canto 10, estrofe 109, verso 7;Thome vinha prègando, & ja passàra;Thome vinha prêgando, & ja passára
Canto 10, estrofe 110, verso 1;Chegado aqui pregando, & junto dando;Chegado aqui prêgando & junto dando
Canto 10, estrofe 110, verso 6;Fazer delle madeira, & não duuida;Fazer delle madeira, & nam duuida
Canto 10, estrofe 110, verso 7;Poder tiralo a terra compossantes;Poder tiralo a terra com possantes
Canto 10, estrofe 111, verso 1;Era tão gránde o peso do madeiro;Era tam grande o peso do madeiro
Canto 10, estrofe 111, verso 4;Menos trabalho em tal negocio gasta:;Menos trobalho em tal negocio gasta:
Canto 10, estrofe 111, verso 5;Ata o cordão que traz por derradeiro;Ata o cordão que traz for derradeiro
Canto 10, estrofe 112, verso 1;Sabia bem que se com fe formada;Sabia bem que se com fe formoda
Canto 10, estrofe 112, verso 3;Que obedeçerà logo aa voz sagrada,;Que obedecerà logo aa voz sagrada,
Canto 10, estrofe 112, verso 4;Que assi lho insinou Christo, & elle o proua:;Que assi lho insiou Christo, & elle o proua:
Canto 10, estrofe 112, verso 5;A gente ficon disto aluoroçada,;A gente ficou disto aluoroçada,
Canto 10, estrofe 113, verso 3;Buscão maneiras mil, buscão desuios;Buscão maneiras mil, buscam desuios
Canto 10, estrofe 113, verso 4;Com que Thome não se ouça, ou morto seja:;Com que Thome nam se ouça, bir orto seja:
Canto 10, estrofe 113, verso 5;O principal, que ao peito traz os fios,;O principal, que do peito traz os fios,
Canto 10, estrofe 113, verso 6;Hum caso, horrendo faz, que o mundo veja,;Hum caso horrendo faz, que o mundo veja,
Canto 10, estrofe 113, verso 7;Que inimiga não ha tão dura, e fera,;Que inimiga não ha tam dura, & fera,
Canto 10, estrofe 114, verso 1;Hum filho proprio mata, e logo acusa;Hum filho proprio mata, logo acusa
Canto 10, estrofe 114, verso 2;De homecidio Thome, que era innocente;De homicidio Thome, que cnatinnocente
Canto 10, estrofe 114, verso 3;Dâ falsas testemunhas, como se vsa;Dà falsas testemunhas, como se vsa
Canto 10, estrofe 114, verso 4;Condenarã no a morte breuemente:;Condenarãno a morte breuemente:
Canto 10, estrofe 114, verso 5;O Santo que não vè milhor escusa,;O Santo que nam vè milhor escusa,
Canto 10, estrofe 114, verso 6;Que apellar pera o Padre omnipotente,;Que apellar perao Padre omnipotente,
Canto 10, estrofe 114, verso 7;Quer diante do Rey, e dos senhores,;Quer diante do Rey, & dos senhores,
Canto 10, estrofe 115, verso 2;Que resucite, e seja perguntado,;Que resucite, & seja perguntado,
Canto 10, estrofe 115, verso 3;Quem foy seu matador, e serâ crido;Quem foy seu matador, & sera crido
Canto 10, estrofe 115, verso 6;Em nome de Iesu crucificado,;Em nomade Iesu crucificado,
Canto 10, estrofe 115, verso 7;Dâ graças a Thome, que lhe deu vida;Da graças a Thome, que lhe deu vida
Canto 10, estrofe 115, verso 8;E descobre seu pay ser homicida.;E descobre seu pay ser homecida.
Canto 10, estrofe 116, verso 1;Este milagre fez tamanho espanto,;Este milagre seztamanho espanto,
Canto 10, estrofe 116, verso 2;Que o Rey se banha logo na ago santa,;Que o Rey se banha logo na agoa santa,
Canto 10, estrofe 116, verso 5;Os Bramenes se encherão de odio tanto,;Os Bramenes se encheram de odio tanto,
Canto 10, estrofe 117, verso 1;Hum dia que prègando ao pouo estaua,;Hum dia que prêgando ao pouo estaua,
Canto 10, estrofe 117, verso 6;No Santo dâ ja a tudo offerecido,;No Santo dá ja a tudo offerecido,
Canto 10, estrofe 117, verso 7;Hum dos maos por fartarse mais de pressa,;Hum dos maos por fartarse mais de pressa
Canto 10, estrofe 117, verso 8;Com crua lança o peito lhe atrauessa.;Com crua lança o peito lhe atrauessa
Canto 10, estrofe 118, verso 1;Chorarão te Thome, o Gange & o Iudo,;Chorarão te Thome, o Gange & o lndo,
Canto 10, estrofe 118, verso 3;Mais te chorão as almas, que vestindo;Mais te choram as almas, que vestindo
Canto 10, estrofe 118, verso 4;Se yão da sancta Fe, que lhe insinaste:;Se yão da sancta Fe que lhe insinaste:
Canto 10, estrofe 118, verso 5;Mas os Anjos do ceo cantando, e rindo,;Mas os Anjos do ceo cantando & rindo,
Canto 10, estrofe 119, verso 3;Dizey se sois mandados, como estais;Dizeyse sois mandados, como estais
Canto 10, estrofe 119, verso 4;Sem yrdes a pregar a sancta fe?;Sem yrdes a prègar a sancta fe?
Canto 10, estrofe 119, verso 7;Com que se salgarão em nossos dias;Com que se salgarão em nossos dias.
Canto 10, estrofe 120, verso 3;Ia com esta cidade tão famosa,;Ia com esta cidade tam famosa,
Canto 10, estrofe 121, verso 3;Que inda que sejão grandes peccadores,;Que inda que sejam grandes peccadores
Canto 10, estrofe 121, verso 5;Ve Chatigão cidade das milhores;Ve Cathigão cidade das milhores
Canto 10, estrofe 121, verso 7;De abundante, mas olha que estâ posta;De abundante, mas olha que está posta
Canto 10, estrofe 122, verso 2;De Pegu, que ja mõstros pouoarão,;De Pegu, que ja mõstros pouoaram,
Canto 10, estrofe 122, verso 4;Dhũa molher e hum cão, que sos se acharão:;Dhũa molher & hũ cão, que sos se acharam:
Canto 10, estrofe 122, verso 5;Aqui soante Arame no instromento;Aqui soante arame no instromento
Canto 10, estrofe 122, verso 6;Da geração custumão, o que vsaraõ;a geraçam custumão, o que vsaram
Canto 10, estrofe 123, verso 2;De Sião largo o imperio tão comprido,;De Sião largo o amperio tam comprido,
Canto 10, estrofe 123, verso 3;Tenassarî, Quedâ, que he so cabeça;Tenassarî, Quedá, que he so cabeça
Canto 10, estrofe 124, verso 3;A nobre Ilha Samatra, que ja dantes;A nobre llha Samatra, que ja dantes
Canto 10, estrofe 124, verso 7;Aurea por epitheto lhe ajuntarão,;Aurea por epitheto lhe ajuntaram,
Canto 10, estrofe 124, verso 8;Alguns que fosse Ophir ymaginarão.;Alguns que fosse Ophir ymaginaram.
Canto 10, estrofe 125, verso 3;Daqui tornando a Costa aa Cynosura;Daqui tornando a costa aa Cynosura
Canto 10, estrofe 125, verso 4;Se encurva, & pera a Aurora se endereita:;Se encurua, & pera a Aurora se endereita:
Canto 10, estrofe 125, verso 5;Ves Pam, Patane, reinos, & a longura;Ves Pam, Putane, reinos & a longura
Canto 10, estrofe 126, verso 1;Ves neste grão terreno os differentes;Ves neste gram terreno os differentes
Canto 10, estrofe 126, verso 4;Auâs, Bramàs, por serras tão compridas:;Auàs, Bramàs, por serras tam compridas:
Canto 10, estrofe 126, verso 5;Ve nos remotos montes outras gentes;Ve nos remotos ventos outras gentes
Canto 10, estrofe 126, verso 8;Pintão com ferro ardente, vsança crua:;Pintão com ferro ardente, vsança crua.
Canto 10, estrofe 127, verso 2;Que capitão das agoas se interpreta,;"Que capitão das agoas se interpreta;"
Canto 10, estrofe 127, verso 6;A gente delle crè como indiscreta,;Agente delle crê como indiscreta,
Canto 10, estrofe 127, verso 8;Os brutos animais de toda sorte.;Ou brutos anumnuis de toda sorte.
Canto 10, estrofe 128, verso 1;Este receberâ placido & brando,;Este receberá placido & brando,
Canto 10, estrofe 128, verso 6;Serâ o injusto mando executado;Sera o injusto mando executado
Canto 10, estrofe 128, verso 8;Sera mais affamada que ditosa.;Sera mais affamada que ditosa
Canto 10, estrofe 129, verso 2;Cuja mata he do pao cheiroso ornada,;Cuja mata he do pão cheiroso ornada,
Canto 10, estrofe 129, verso 3;Ves Cauchichina estâ de escura fama,;Ves Caucbichina està de escura fama,
Canto 10, estrofe 129, verso 6;Com terras, & riqueza não cuidada,;Comtetras & riqueza nam cuidada,
Canto 10, estrofe 129, verso 7;Da China corre, & ocupa o senhorio;Da Chîna corre, & ocupa o senhorio
Canto 10, estrofe 130, verso 2;Que entre hum imperio & o outro se edifica,;Que entre hum imperio & o outro se edifica
Canto 10, estrofe 130, verso 3;Certissimo final, & conhecido,;Certissimo sinal, & conhecido,
Canto 10, estrofe 130, verso 4;Da potencia real, soberba, & rica:;Da potencia real, soberba & rica:
Canto 10, estrofe 130, verso 6;Princepe, nem dos pais aos filhos fica;Principe, nem dos pais aos filhos fica
Canto 10, estrofe 130, verso 8;Por cavaleiro sabio & virtuoso.;Por caualeiro sabio & virtuoso.
Canto 10, estrofe 131, verso 2;Ate que venha o tempo de mostrar se,;Ate que venha o tempo de mostrarse,
Canto 10, estrofe 131, verso 3;Mas não deixes no mar as Ilhas, onde;Mas nam deixes no mar as llhas, onde
Canto 10, estrofe 131, verso 8;Que illustrada serà coa Ley diuina.;Que illustrada sera coa Ley diuina.
Canto 10, estrofe 132, verso 2;As infinitas Ilhas espalhadas;As infinitas llhas espalhadas
Canto 10, estrofe 132, verso 3;Ve Tidore, & Tarnate, co feruente;Ve Tidore, & Tarnate, co seruente
Canto 10, estrofe 132, verso 4;Cume, que lança as flamas ondeadas:;Cume, que lança as flamas ondeadas
Canto 10, estrofe 132, verso 5;As aruores verâs do Crauo ardente,;As aruores veràs do Crauo ardente,
Canto 10, estrofe 132, verso 7;Aqui ha as aureas aues, que não decem;Aqui ha as aureas aues, que nam decem
Canto 10, estrofe 133, verso 1;Olha de Banda as Ilhas, que se esmaltão;Olha de Banda as Ilhas, que se esmaltam
Canto 10, estrofe 133, verso 3;As aues variadas, que ali saltão,;As aues variadas, que ali saltam,
Canto 10, estrofe 133, verso 4;Da verde Noz tomando seu tributo:;"Da verde Noz tomando seu tributo;"
Canto 10, estrofe 133, verso 5;Olha tambem Bernèo, onde não faltão;Olha tambem Bornèo, onde nam faltam
Canto 10, estrofe 133, verso 6;Lagrimas, no licor qualhado, & enxuto,;Lagrimas, no licor qualhado & enxuto,
Canto 10, estrofe 133, verso 7;Das aruores, que Cânfora he chamado,;Das aruores, qne Cánfora he chamado,
Canto 10, estrofe 134, verso 2;Sàndalo salutifero, & cheiroso,;Sàndalo salutifero & cheiroso,
Canto 10, estrofe 134, verso 3;Olba a Sunda tão larga, que hũa banda;Olha a Sunda tam larga, que hũa banda
Canto 10, estrofe 134, verso 4;Esconde pera o Sul difficultoso:;Esconde per ro Sul difficultoso:
Canto 10, estrofe 134, verso 8;Conuerte em pedra o pao que nelle cae:;Conuerte em pedra o pao que nelle cae.
Canto 10, estrofe 135, verso 2;Que tambem flamas tremulas vapôra,;Qne tambem flamas tremulas vapòra,
Canto 10, estrofe 136, verso 2;Tanto, que as nuuẽs passa, ou a vista engana,;Tanto, que as nuuẽs passa, ou a vista engana
Canto 10, estrofe 136, verso 4;Polla pedra onde estâ a pègada humana:;Polla pedra onde está a pêgada humana:
Canto 10, estrofe 137, verso 1;Verás de fronte estar do roxo estreito;Veras de fronte estar ao roxo estreito
Canto 10, estrofe 137, verso 2;Socotorâ co amaro Aloe famosa,;Socotorà co amaro Aloe famosa,
Canto 10, estrofe 137, verso 4;A vos, na costa de Affrica arenosa,;A vos na costa de Affrica arenosa,
Canto 10, estrofe 137, verso 6;A massa ao mundo occulta, e preciosa,;A massa ao mundo occulta & precisa,
Canto 10, estrofe 137, verso 7;De sam Lourenço ve a Ilha afamada,;De sam Lourenço ve a llha afamada,
Canto 10, estrofe 138, verso 3;Abrindo a porta ao vasto mar patente,;Abrindo a porta ao vasto mar patente
Canto 10, estrofe 138, verso 4;Que com tão forte peito nauegais:;Que com tam forte peito nauegais:
Canto 10, estrofe 138, verso 7;Que de seu Rey mostrando se agrauado;Que de seu Rey mostrandose agrauado
Canto 10, estrofe 139, verso 3;Que soberba a farâ a luzente mina;Que soberba a farà a luzente mina
Canto 10, estrofe 139, verso 4;Do metal, que a cor tem do louro Apolo,;Do metal, que a cor tem do louro Apolo
Canto 10, estrofe 139, verso 5;Castella vossa amiga serà dina;Costella vossa amiga sera dina
Canto 10, estrofe 139, verso 6;De lançarlhe o color ao rudo colo,;De lançarlhe o colar ao rudo colo,
Canto 10, estrofe 140, verso 3;De Sancta Cruz o nome lhe poreis,;De Sancta Cruzo nome lhe poreis,
Canto 10, estrofe 140, verso 6;Yrâ buscando a parte mais remota;Yrá buscando a parte mais remota
Canto 10, estrofe 141, verso 2;Que ao Antartico polo vay da linha,;Que ao Antartico polo vay da linha.
Canto 10, estrofe 141, verso 3;Dhũa estatura quasi, Gigantea;Dhũa estatura quasi Gigantea
Canto 10, estrofe 141, verso 4;Homẽs verâ, da terra ali vizinha:;Homẽs vera, da terra ali vizinha:
Canto 10, estrofe 141, verso 7;Pera outro mar, & terra que fica onde;Pera outro mar & terra que fica onde
Canto 10, estrofe 142, verso 1;Ate qui, Portugueses, concedido;Ate qui, Portugueses concedido
Canto 10, estrofe 142, verso 4;Virão fazer barões de fortes peitos:;Viram fazer barões de fortes peitos:
Canto 10, estrofe 142, verso 6;Trabalhos, que vos fação ser aceitos;Trabalhos, que vos façam ser aceitos
Canto 10, estrofe 142, verso 7;Aas eternas esposas, & fermosas,;As eternas esposas, & fermosas,
Canto 10, estrofe 143, verso 1;Podeis vos embarcar, que tendes vento;Podeis vos embarçar, que tendes vento
Canto 10, estrofe 143, verso 3;Assi lhe disse, e logo mouimento;Assi lhe disse, & logo mouimento
Canto 10, estrofe 143, verso 4;Fazem da Ilha alegre, & namorada:;Fazem da llha alegre & namorada:
Canto 10, estrofe 143, verso 5;Levão refresco, & nobre mantimento,;Leuão refresco, & nobre mantimento,
Canto 10, estrofe 144, verso 1;Assi forão cortando o mar sereno,;Assi foram cortando o mar sereno,
Canto 10, estrofe 144, verso 2;Com vento sempre manso, e nunca yrado,;Com vento sempre manso, & nunca yrado,
Canto 10, estrofe 144, verso 3;Ate que ouuerão vista do terreno;Ate que ouueram vista do terreno
Canto 10, estrofe 144, verso 4;Em que nacerão, sempre desejado:;Em que naceram, sempre desejado:
Canto 10, estrofe 144, verso 6;E a sua patria, e Rey temido e amado,;E a sua patria, & Rey temido & amado,
Canto 10, estrofe 145, verso 2;Destemperada, & a voz enrouquecida,;Destemperada, & a voz enronqueçida
Canto 10, estrofe 145, verso 5;O fauor com que mais se acende o engenho,;O fauor cum que mais se acende o engenho
Canto 10, estrofe 145, verso 6;Não no dâ a patria não, que esta metida,;Não nu dà a patria não, que està metida
Canto 10, estrofe 145, verso 7;No gosto da cubiça, & na rudeza;No gosta da cubiça, & na rudeza
Canto 10, estrofe 146, verso 5;Por isso vos ò Rey, que por diuino;Por isso vos ô Rey, que por diuino
Canto 10, estrofe 147, verso 1;Olhay que ledos vão, por varias vias,;Olhay que ledos vão, por vartas vias,
Canto 10, estrofe 147, verso 2;Quaes rompentes liões, e brauos touros,;Quaes rompentes liões, & brauos touros,
Canto 10, estrofe 147, verso 3;Dando os corpos a fomes, e vigias,;Dando os corpos a fomes, & vigias,
Canto 10, estrofe 147, verso 4;A ferro, a fogo, a setas, & pilouros:;A ferro, a fogo, a setas & pilouros:
Canto 10, estrofe 147, verso 5;A quentes regiones, a plagas frias,;A quentes regiões, a plagas frias
Canto 10, estrofe 147, verso 6;A golpes de Idolatras, & de Mouros,;A golpes de Idolatras & de Mouros,
Canto 10, estrofe 147, verso 7;A perigos incognitos domundo,;A perigos incognitos do mundo,
Canto 10, estrofe 147, verso 8;A naufragios, a pexes, ao profnndo:;A naufragios, a pexes, ao profnndo.
Canto 10, estrofe 148, verso 1;Por vos seruir a tudo aparelhados,;Por vos seruir a tudo aparelhados
Canto 10, estrofe 148, verso 5;So com saber que sam de vos olhados,;So com saber que sam de vos olhados
Canto 10, estrofe 148, verso 6;Demonios infernais, negros & ardentes,;Demonios infernais, negros & ardentes
Canto 10, estrofe 148, verso 7;Cometerão conuosco, & não duuido;Cometerão conuosco & nam duuido
Canto 10, estrofe 148, verso 8;Que vencedor vos fação, não vencido.;Que vencedor vos fação, nam vencido.
Canto 10, estrofe 149, verso 2;Com a presença, e leda humanidade,;Com a presença, & leda humanidade,
Canto 10, estrofe 149, verso 8;O como, o quando, & onde as cousas cabem.;O como, o quando, & onde as cousas cabem,
Canto 10, estrofe 150, verso 6;Comuns, toda ambição terão por vento,;Comuns, toda ambição teram por vento,
Canto 10, estrofe 151, verso 2;Pois com seu sangue intrepido e feruente,;Pois com seu sangue intrepido & feruente,
Canto 10, estrofe 151, verso 5;Pois aquelles que a tão remoto clima;Pois aquelles que a tam remoto clima
Canto 10, estrofe 151, verso 8;(E o que he mais) os trabalhos excessivos.;(E o que he mais) os trabalhos excessiuos.
Canto 10, estrofe 153, verso 4;Delle com larga voz trataua e lia:;Delle com larga voz trataua & lia:
Canto 10, estrofe 153, verso 6;Não se aprende senhor na fantasia;Nam se aprende senhor na fantasia
Canto 10, estrofe 153, verso 8;Se não vendo, tratando, e pelejando.;Se não vendo, tratando, & pelejando.
Canto 10, estrofe 154, verso 1;Mas eu que falo humilde, baxo, & rudo;Mas eu que falo humilde, baxo & rudo
Canto 10, estrofe 154, verso 8;Cousas que juntas se achão raramente.;Cousas que Juntas se achão raramente.
Canto 10, estrofe 155, verso 3;So me falece ser a vos aceito,;So me falece ser a vos aceito
Canto 10, estrofe 155, verso 5;Se me isto o ceo concede, & o vosso peito;Se me isto o ceo concede & o vosso peito
Canto 10, estrofe 155, verso 6;Dina empresa tomar de ser cantada,;Dina empresa tomar de ser cantada
Canto 10, estrofe 156, verso 1;Ou fazendo que mais que a de Medusa,;Ou fazendo que mais que a de Medusa
Canto 10, estrofe 156, verso 3;Ou rompendo nos campos de Ampelusa;Ou rompendo nos campos Ampelusa
Canto 10, estrofe 156, verso 4;Os muros de Marrocos & Trudante,;Os mouros de Marrocos & Trudante,
Canto 10, estrofe 156, verso 5;A minha ja estimada e leda musa,;A minha ja estimada & leda musa,
Canto 10, estrofe 156, verso 6;Fico, que em todo o mundo de vos cante,;Fico, que em todo o mundo de vos cante
Canto 10, estrofe 156, verso 8;Sem aa dita de Achilles ter enueja.;Sem aa dita de Achiles ter enueja.
